station_code,station,year,month,day,max_temperature_c,source_note
HKO,香港天文台總部,1884,6,1,29.1,
HKO,香港天文台總部,1884,6,2,30.6,
HKO,香港天文台總部,1884,6,3,28.3,
HKO,香港天文台總部,1884,6,4,29.6,
HKO,香港天文台總部,1884,6,5,26.7,
HKO,香港天文台總部,1884,6,6,29.5,
HKO,香港天文台總部,1884,6,7,27.8,
HKO,香港天文台總部,1884,6,8,29.9,
HKO,香港天文台總部,1884,6,9,29.7,
HKO,香港天文台總部,1884,6,10,29.8,
HKO,香港天文台總部,1884,6,11,29.6,
HKO,香港天文台總部,1884,6,12,27.4,
HKO,香港天文台總部,1884,6,13,28.1,
HKO,香港天文台總部,1884,6,14,30.7,
HKO,香港天文台總部,1884,6,15,32.4,
HKO,香港天文台總部,1884,6,16,31.8,
HKO,香港天文台總部,1884,6,17,30.4,
HKO,香港天文台總部,1884,6,18,29.7,
HKO,香港天文台總部,1884,6,19,28.8,
HKO,香港天文台總部,1884,6,20,27.8,
HKO,香港天文台總部,1884,6,21,28.4,
HKO,香港天文台總部,1884,6,22,32.8,
HKO,香港天文台總部,1884,6,23,31.8,
HKO,香港天文台總部,1884,6,24,28.5,
HKO,香港天文台總部,1884,6,25,31.7,
HKO,香港天文台總部,1884,6,26,31.9,
HKO,香港天文台總部,1884,6,27,32.6,
HKO,香港天文台總部,1884,6,28,31.9,
HKO,香港天文台總部,1884,6,29,31.5,
HKO,香港天文台總部,1884,6,30,31.2,
HKO,香港天文台總部,1884,7,1,30.5,
HKO,香港天文台總部,1884,7,2,29.9,
HKO,香港天文台總部,1884,7,3,31.5,
HKO,香港天文台總部,1884,7,4,31.2,
HKO,香港天文台總部,1884,7,5,32.8,
HKO,香港天文台總部,1884,7,6,28.8,
HKO,香港天文台總部,1884,7,7,28.7,
HKO,香港天文台總部,1884,7,8,29.4,
HKO,香港天文台總部,1884,7,9,32.3,
HKO,香港天文台總部,1884,7,10,31.2,
HKO,香港天文台總部,1884,7,11,31.4,
HKO,香港天文台總部,1884,7,12,30.9,
HKO,香港天文台總部,1884,7,13,32.7,
HKO,香港天文台總部,1884,7,14,33.7,
HKO,香港天文台總部,1884,7,15,32.4,
HKO,香港天文台總部,1884,7,16,32.6,
HKO,香港天文台總部,1884,7,17,29.8,
HKO,香港天文台總部,1884,7,18,32.0,
HKO,香港天文台總部,1884,7,19,33.4,
HKO,香港天文台總部,1884,7,20,33.9,
HKO,香港天文台總部,1884,7,21,31.7,
HKO,香港天文台總部,1884,7,22,33.1,
HKO,香港天文台總部,1884,7,23,31.3,
HKO,香港天文台總部,1884,7,24,27.8,
HKO,香港天文台總部,1884,7,25,28.2,
HKO,香港天文台總部,1884,7,26,30.5,
HKO,香港天文台總部,1884,7,27,31.8,
HKO,香港天文台總部,1884,7,28,32.8,
HKO,香港天文台總部,1884,7,29,28.6,
HKO,香港天文台總部,1884,7,30,28.8,
HKO,香港天文台總部,1884,7,31,29.8,
HKO,香港天文台總部,1884,8,1,31.4,
HKO,香港天文台總部,1884,8,2,30.9,
HKO,香港天文台總部,1884,8,3,30.8,
HKO,香港天文台總部,1884,8,4,33.1,
HKO,香港天文台總部,1884,8,5,31.8,
HKO,香港天文台總部,1884,8,6,32.4,
HKO,香港天文台總部,1884,8,7,30.7,
HKO,香港天文台總部,1884,8,8,29.4,
HKO,香港天文台總部,1884,8,9,32.9,
HKO,香港天文台總部,1884,8,10,33.0,
HKO,香港天文台總部,1884,8,11,31.8,
HKO,香港天文台總部,1884,8,12,30.6,
HKO,香港天文台總部,1884,8,13,32.9,
HKO,香港天文台總部,1884,8,14,29.8,
HKO,香港天文台總部,1884,8,15,27.4,
HKO,香港天文台總部,1884,8,16,26.8,
HKO,香港天文台總部,1884,8,17,29.6,
HKO,香港天文台總部,1884,8,18,31.8,
HKO,香港天文台總部,1884,8,19,31.6,
HKO,香港天文台總部,1884,8,20,31.6,
HKO,香港天文台總部,1884,8,21,33.4,
HKO,香港天文台總部,1884,8,22,32.6,
HKO,香港天文台總部,1884,8,23,32.1,
HKO,香港天文台總部,1884,8,24,30.2,
HKO,香港天文台總部,1884,8,25,32.3,
HKO,香港天文台總部,1884,8,26,32.0,
HKO,香港天文台總部,1884,8,27,29.8,
HKO,香港天文台總部,1884,8,28,27.8,
HKO,香港天文台總部,1884,8,29,30.7,
HKO,香港天文台總部,1884,8,30,30.7,
HKO,香港天文台總部,1884,8,31,30.8,
HKO,香港天文台總部,1884,9,1,30.9,
HKO,香港天文台總部,1884,9,2,31.1,
HKO,香港天文台總部,1884,9,3,31.2,
HKO,香港天文台總部,1884,9,4,31.2,
HKO,香港天文台總部,1884,9,5,31.8,
HKO,香港天文台總部,1884,9,6,33.1,
HKO,香港天文台總部,1884,9,7,31.9,
HKO,香港天文台總部,1884,9,8,32.8,
HKO,香港天文台總部,1884,9,9,31.1,
HKO,香港天文台總部,1884,9,10,27.9,
HKO,香港天文台總部,1884,9,11,26.3,
HKO,香港天文台總部,1884,9,12,27.7,
HKO,香港天文台總部,1884,9,13,31.2,
HKO,香港天文台總部,1884,9,14,31.3,
HKO,香港天文台總部,1884,9,15,30.8,
HKO,香港天文台總部,1884,9,16,30.9,
HKO,香港天文台總部,1884,9,17,31.2,
HKO,香港天文台總部,1884,9,18,29.9,
HKO,香港天文台總部,1884,9,19,31.6,
HKO,香港天文台總部,1884,9,20,31.2,
HKO,香港天文台總部,1884,9,21,29.7,
HKO,香港天文台總部,1884,9,22,29.3,
HKO,香港天文台總部,1884,9,23,29.3,
HKO,香港天文台總部,1884,9,24,29.6,
HKO,香港天文台總部,1884,9,25,30.0,
HKO,香港天文台總部,1884,9,26,30.1,
HKO,香港天文台總部,1884,9,27,27.8,
HKO,香港天文台總部,1884,9,28,29.4,
HKO,香港天文台總部,1884,9,29,29.8,
HKO,香港天文台總部,1884,9,30,29.4,
HKO,香港天文台總部,1885,6,1,30.1,
HKO,香港天文台總部,1885,6,2,31.4,
HKO,香港天文台總部,1885,6,3,30.3,
HKO,香港天文台總部,1885,6,4,29.6,
HKO,香港天文台總部,1885,6,5,28.8,
HKO,香港天文台總部,1885,6,6,28.4,
HKO,香港天文台總部,1885,6,7,29.3,
HKO,香港天文台總部,1885,6,8,27.4,
HKO,香港天文台總部,1885,6,9,30.9,
HKO,香港天文台總部,1885,6,10,28.8,
HKO,香港天文台總部,1885,6,11,26.2,
HKO,香港天文台總部,1885,6,12,26.9,
HKO,香港天文台總部,1885,6,13,29.1,
HKO,香港天文台總部,1885,6,14,29.7,
HKO,香港天文台總部,1885,6,15,29.4,
HKO,香港天文台總部,1885,6,16,29.5,
HKO,香港天文台總部,1885,6,17,29.4,
HKO,香港天文台總部,1885,6,18,30.6,
HKO,香港天文台總部,1885,6,19,29.1,
HKO,香港天文台總部,1885,6,20,29.4,
HKO,香港天文台總部,1885,6,21,28.3,
HKO,香港天文台總部,1885,6,22,28.7,
HKO,香港天文台總部,1885,6,23,28.7,
HKO,香港天文台總部,1885,6,24,28.8,
HKO,香港天文台總部,1885,6,25,29.4,
HKO,香港天文台總部,1885,6,26,29.7,
HKO,香港天文台總部,1885,6,27,29.4,
HKO,香港天文台總部,1885,6,28,30.1,
HKO,香港天文台總部,1885,6,29,31.8,
HKO,香港天文台總部,1885,6,30,31.3,
HKO,香港天文台總部,1885,7,1,30.1,
HKO,香港天文台總部,1885,7,2,28.0,
HKO,香港天文台總部,1885,7,3,29.3,
HKO,香港天文台總部,1885,7,4,28.5,
HKO,香港天文台總部,1885,7,5,27.6,
HKO,香港天文台總部,1885,7,6,28.1,
HKO,香港天文台總部,1885,7,7,29.2,
HKO,香港天文台總部,1885,7,8,29.6,
HKO,香港天文台總部,1885,7,9,29.6,
HKO,香港天文台總部,1885,7,10,29.6,
HKO,香港天文台總部,1885,7,11,29.7,
HKO,香港天文台總部,1885,7,12,28.3,
HKO,香港天文台總部,1885,7,13,28.7,
HKO,香港天文台總部,1885,7,14,28.5,
HKO,香港天文台總部,1885,7,15,29.4,
HKO,香港天文台總部,1885,7,16,30.2,
HKO,香港天文台總部,1885,7,17,30.8,
HKO,香港天文台總部,1885,7,18,30.7,
HKO,香港天文台總部,1885,7,19,31.4,
HKO,香港天文台總部,1885,7,20,31.1,
HKO,香港天文台總部,1885,7,21,28.7,
HKO,香港天文台總部,1885,7,22,30.6,
HKO,香港天文台總部,1885,7,23,31.1,
HKO,香港天文台總部,1885,7,24,31.2,
HKO,香港天文台總部,1885,7,25,28.6,
HKO,香港天文台總部,1885,7,26,27.5,
HKO,香港天文台總部,1885,7,27,29.4,
HKO,香港天文台總部,1885,7,28,29.4,
HKO,香港天文台總部,1885,7,29,26.2,
HKO,香港天文台總部,1885,7,30,26.6,
HKO,香港天文台總部,1885,7,31,27.1,
HKO,香港天文台總部,1885,8,1,28.1,
HKO,香港天文台總部,1885,8,2,28.3,
HKO,香港天文台總部,1885,8,3,29.7,
HKO,香港天文台總部,1885,8,4,27.4,
HKO,香港天文台總部,1885,8,5,27.8,
HKO,香港天文台總部,1885,8,6,30.3,
HKO,香港天文台總部,1885,8,7,31.2,
HKO,香港天文台總部,1885,8,8,29.6,
HKO,香港天文台總部,1885,8,9,29.3,
HKO,香港天文台總部,1885,8,10,27.6,
HKO,香港天文台總部,1885,8,11,27.5,
HKO,香港天文台總部,1885,8,12,28.4,
HKO,香港天文台總部,1885,8,13,27.9,
HKO,香港天文台總部,1885,8,14,28.6,
HKO,香港天文台總部,1885,8,15,28.4,
HKO,香港天文台總部,1885,8,16,28.8,
HKO,香港天文台總部,1885,8,17,27.6,
HKO,香港天文台總部,1885,8,18,27.2,
HKO,香港天文台總部,1885,8,19,28.3,
HKO,香港天文台總部,1885,8,20,28.6,
HKO,香港天文台總部,1885,8,21,29.0,
HKO,香港天文台總部,1885,8,22,30.4,
HKO,香港天文台總部,1885,8,23,31.2,
HKO,香港天文台總部,1885,8,24,30.6,
HKO,香港天文台總部,1885,8,25,30.6,
HKO,香港天文台總部,1885,8,26,28.9,
HKO,香港天文台總部,1885,8,27,29.1,
HKO,香港天文台總部,1885,8,28,27.7,
HKO,香港天文台總部,1885,8,29,25.6,
HKO,香港天文台總部,1885,8,30,26.7,
HKO,香港天文台總部,1885,8,31,29.1,
HKO,香港天文台總部,1885,9,1,29.7,
HKO,香港天文台總部,1885,9,2,29.1,
HKO,香港天文台總部,1885,9,3,29.2,
HKO,香港天文台總部,1885,9,4,30.2,
HKO,香港天文台總部,1885,9,5,31.3,
HKO,香港天文台總部,1885,9,6,29.4,
HKO,香港天文台總部,1885,9,7,26.8,
HKO,香港天文台總部,1885,9,8,29.1,
HKO,香港天文台總部,1885,9,9,27.9,
HKO,香港天文台總部,1885,9,10,26.6,
HKO,香港天文台總部,1885,9,11,27.0,
HKO,香港天文台總部,1885,9,12,28.2,
HKO,香港天文台總部,1885,9,13,28.1,
HKO,香港天文台總部,1885,9,14,28.6,
HKO,香港天文台總部,1885,9,15,26.7,
HKO,香港天文台總部,1885,9,16,27.2,
HKO,香港天文台總部,1885,9,17,26.6,
HKO,香港天文台總部,1885,9,18,26.4,
HKO,香港天文台總部,1885,9,19,26.4,
HKO,香港天文台總部,1885,9,20,27.3,
HKO,香港天文台總部,1885,9,21,27.3,
HKO,香港天文台總部,1885,9,22,27.6,
HKO,香港天文台總部,1885,9,23,28.4,
HKO,香港天文台總部,1885,9,24,29.8,
HKO,香港天文台總部,1885,9,25,29.8,
HKO,香港天文台總部,1885,9,26,29.4,
HKO,香港天文台總部,1885,9,27,26.2,
HKO,香港天文台總部,1885,9,28,27.4,
HKO,香港天文台總部,1885,9,29,26.8,
HKO,香港天文台總部,1885,9,30,26.5,
HKO,香港天文台總部,1886,6,1,26.3,
HKO,香港天文台總部,1886,6,2,26.7,
HKO,香港天文台總部,1886,6,3,29.9,
HKO,香港天文台總部,1886,6,4,28.0,
HKO,香港天文台總部,1886,6,5,29.1,
HKO,香港天文台總部,1886,6,6,28.5,
HKO,香港天文台總部,1886,6,7,27.3,
HKO,香港天文台總部,1886,6,8,27.0,
HKO,香港天文台總部,1886,6,9,30.1,
HKO,香港天文台總部,1886,6,10,30.4,
HKO,香港天文台總部,1886,6,11,29.3,
HKO,香港天文台總部,1886,6,12,27.0,
HKO,香港天文台總部,1886,6,13,23.3,
HKO,香港天文台總部,1886,6,14,26.3,
HKO,香港天文台總部,1886,6,15,28.3,
HKO,香港天文台總部,1886,6,16,30.0,
HKO,香港天文台總部,1886,6,17,29.4,
HKO,香港天文台總部,1886,6,18,27.5,
HKO,香港天文台總部,1886,6,19,27.1,
HKO,香港天文台總部,1886,6,20,28.3,
HKO,香港天文台總部,1886,6,21,28.3,
HKO,香港天文台總部,1886,6,22,29.7,
HKO,香港天文台總部,1886,6,23,29.5,
HKO,香港天文台總部,1886,6,24,29.8,
HKO,香港天文台總部,1886,6,25,29.8,
HKO,香港天文台總部,1886,6,26,29.8,
HKO,香港天文台總部,1886,6,27,31.0,
HKO,香港天文台總部,1886,6,28,29.1,
HKO,香港天文台總部,1886,6,29,28.9,
HKO,香港天文台總部,1886,6,30,29.7,
HKO,香港天文台總部,1886,7,1,30.5,
HKO,香港天文台總部,1886,7,2,30.2,
HKO,香港天文台總部,1886,7,3,30.0,
HKO,香港天文台總部,1886,7,4,30.8,
HKO,香港天文台總部,1886,7,5,29.3,
HKO,香港天文台總部,1886,7,6,29.0,
HKO,香港天文台總部,1886,7,7,29.3,
HKO,香港天文台總部,1886,7,8,26.2,
HKO,香港天文台總部,1886,7,9,26.8,
HKO,香港天文台總部,1886,7,10,27.7,
HKO,香港天文台總部,1886,7,11,28.8,
HKO,香港天文台總部,1886,7,12,29.6,
HKO,香港天文台總部,1886,7,13,29.7,
HKO,香港天文台總部,1886,7,14,29.4,
HKO,香港天文台總部,1886,7,15,28.1,
HKO,香港天文台總部,1886,7,16,26.1,
HKO,香港天文台總部,1886,7,17,27.1,
HKO,香港天文台總部,1886,7,18,26.7,
HKO,香港天文台總部,1886,7,19,28.0,
HKO,香港天文台總部,1886,7,20,28.1,
HKO,香港天文台總部,1886,7,21,28.2,
HKO,香港天文台總部,1886,7,22,28.6,
HKO,香港天文台總部,1886,7,23,29.2,
HKO,香港天文台總部,1886,7,24,29.9,
HKO,香港天文台總部,1886,7,25,31.3,
HKO,香港天文台總部,1886,7,26,28.9,
HKO,香港天文台總部,1886,7,27,29.5,
HKO,香港天文台總部,1886,7,28,30.6,
HKO,香港天文台總部,1886,7,29,31.0,
HKO,香港天文台總部,1886,7,30,29.9,
HKO,香港天文台總部,1886,7,31,31.2,
HKO,香港天文台總部,1886,8,1,29.1,
HKO,香港天文台總部,1886,8,2,30.7,
HKO,香港天文台總部,1886,8,3,30.4,
HKO,香港天文台總部,1886,8,4,30.4,
HKO,香港天文台總部,1886,8,5,30.3,
HKO,香港天文台總部,1886,8,6,30.5,
HKO,香港天文台總部,1886,8,7,31.2,
HKO,香港天文台總部,1886,8,8,31.0,
HKO,香港天文台總部,1886,8,9,31.7,
HKO,香港天文台總部,1886,8,10,30.7,
HKO,香港天文台總部,1886,8,11,30.3,
HKO,香港天文台總部,1886,8,12,29.7,
HKO,香港天文台總部,1886,8,13,30.3,
HKO,香港天文台總部,1886,8,14,31.2,
HKO,香港天文台總部,1886,8,15,29.9,
HKO,香港天文台總部,1886,8,16,28.6,
HKO,香港天文台總部,1886,8,17,29.6,
HKO,香港天文台總部,1886,8,18,30.7,
HKO,香港天文台總部,1886,8,19,32.1,
HKO,香港天文台總部,1886,8,20,30.1,
HKO,香港天文台總部,1886,8,21,29.3,
HKO,香港天文台總部,1886,8,22,28.3,
HKO,香港天文台總部,1886,8,23,28.9,
HKO,香港天文台總部,1886,8,24,28.4,
HKO,香港天文台總部,1886,8,25,27.6,
HKO,香港天文台總部,1886,8,26,25.2,
HKO,香港天文台總部,1886,8,27,28.8,
HKO,香港天文台總部,1886,8,28,29.6,
HKO,香港天文台總部,1886,8,29,28.6,
HKO,香港天文台總部,1886,8,30,29.2,
HKO,香港天文台總部,1886,8,31,29.1,
HKO,香港天文台總部,1886,9,1,28.3,
HKO,香港天文台總部,1886,9,2,28.4,
HKO,香港天文台總部,1886,9,3,30.4,
HKO,香港天文台總部,1886,9,4,30.6,
HKO,香港天文台總部,1886,9,5,30.4,
HKO,香港天文台總部,1886,9,6,29.1,
HKO,香港天文台總部,1886,9,7,28.9,
HKO,香港天文台總部,1886,9,8,28.7,
HKO,香港天文台總部,1886,9,9,26.0,
HKO,香港天文台總部,1886,9,10,28.9,
HKO,香港天文台總部,1886,9,11,29.2,
HKO,香港天文台總部,1886,9,12,28.7,
HKO,香港天文台總部,1886,9,13,29.6,
HKO,香港天文台總部,1886,9,14,29.6,
HKO,香港天文台總部,1886,9,15,29.9,
HKO,香港天文台總部,1886,9,16,30.7,
HKO,香港天文台總部,1886,9,17,30.6,
HKO,香港天文台總部,1886,9,18,31.1,
HKO,香港天文台總部,1886,9,19,31.3,
HKO,香港天文台總部,1886,9,20,29.6,
HKO,香港天文台總部,1886,9,21,29.6,
HKO,香港天文台總部,1886,9,22,30.6,
HKO,香港天文台總部,1886,9,23,29.9,
HKO,香港天文台總部,1886,9,24,28.1,
HKO,香港天文台總部,1886,9,25,26.7,
HKO,香港天文台總部,1886,9,26,28.2,
HKO,香港天文台總部,1886,9,27,27.1,
HKO,香港天文台總部,1886,9,28,26.9,
HKO,香港天文台總部,1886,9,29,27.3,
HKO,香港天文台總部,1886,9,30,26.8,
HKO,香港天文台總部,1887,6,1,30.2,
HKO,香港天文台總部,1887,6,2,25.4,
HKO,香港天文台總部,1887,6,3,27.6,
HKO,香港天文台總部,1887,6,4,28.8,
HKO,香港天文台總部,1887,6,5,29.7,
HKO,香港天文台總部,1887,6,6,30.5,
HKO,香港天文台總部,1887,6,7,28.5,
HKO,香港天文台總部,1887,6,8,28.9,
HKO,香港天文台總部,1887,6,9,27.8,
HKO,香港天文台總部,1887,6,10,30.2,
HKO,香港天文台總部,1887,6,11,30.4,
HKO,香港天文台總部,1887,6,12,29.1,
HKO,香港天文台總部,1887,6,13,30.2,
HKO,香港天文台總部,1887,6,14,29.9,
HKO,香港天文台總部,1887,6,15,29.9,
HKO,香港天文台總部,1887,6,16,29.9,
HKO,香港天文台總部,1887,6,17,29.5,
HKO,香港天文台總部,1887,6,18,30.1,
HKO,香港天文台總部,1887,6,19,30.5,
HKO,香港天文台總部,1887,6,20,30.5,
HKO,香港天文台總部,1887,6,21,30.9,
HKO,香港天文台總部,1887,6,22,30.4,
HKO,香港天文台總部,1887,6,23,30.1,
HKO,香港天文台總部,1887,6,24,30.7,
HKO,香港天文台總部,1887,6,25,30.4,
HKO,香港天文台總部,1887,6,26,30.9,
HKO,香港天文台總部,1887,6,27,31.1,
HKO,香港天文台總部,1887,6,28,30.6,
HKO,香港天文台總部,1887,6,29,31.7,
HKO,香港天文台總部,1887,6,30,31.2,
HKO,香港天文台總部,1887,7,1,30.2,
HKO,香港天文台總部,1887,7,2,28.4,
HKO,香港天文台總部,1887,7,3,30.0,
HKO,香港天文台總部,1887,7,4,28.9,
HKO,香港天文台總部,1887,7,5,27.2,
HKO,香港天文台總部,1887,7,6,29.6,
HKO,香港天文台總部,1887,7,7,30.4,
HKO,香港天文台總部,1887,7,8,30.8,
HKO,香港天文台總部,1887,7,9,29.2,
HKO,香港天文台總部,1887,7,10,29.3,
HKO,香港天文台總部,1887,7,11,30.2,
HKO,香港天文台總部,1887,7,12,29.7,
HKO,香港天文台總部,1887,7,13,31.3,
HKO,香港天文台總部,1887,7,14,31.8,
HKO,香港天文台總部,1887,7,15,30.5,
HKO,香港天文台總部,1887,7,16,29.4,
HKO,香港天文台總部,1887,7,17,29.6,
HKO,香港天文台總部,1887,7,18,32.1,
HKO,香港天文台總部,1887,7,19,28.2,
HKO,香港天文台總部,1887,7,20,28.2,
HKO,香港天文台總部,1887,7,21,27.8,
HKO,香港天文台總部,1887,7,22,29.3,
HKO,香港天文台總部,1887,7,23,30.0,
HKO,香港天文台總部,1887,7,24,28.9,
HKO,香港天文台總部,1887,7,25,28.1,
HKO,香港天文台總部,1887,7,26,30.6,
HKO,香港天文台總部,1887,7,27,30.7,
HKO,香港天文台總部,1887,7,28,31.2,
HKO,香港天文台總部,1887,7,29,30.3,
HKO,香港天文台總部,1887,7,30,30.7,
HKO,香港天文台總部,1887,7,31,31.0,
HKO,香港天文台總部,1887,8,1,30.1,
HKO,香港天文台總部,1887,8,2,30.5,
HKO,香港天文台總部,1887,8,3,29.8,
HKO,香港天文台總部,1887,8,4,30.1,
HKO,香港天文台總部,1887,8,5,30.2,
HKO,香港天文台總部,1887,8,6,30.5,
HKO,香港天文台總部,1887,8,7,31.1,
HKO,香港天文台總部,1887,8,8,31.0,
HKO,香港天文台總部,1887,8,9,30.1,
HKO,香港天文台總部,1887,8,10,30.6,
HKO,香港天文台總部,1887,8,11,29.8,
HKO,香港天文台總部,1887,8,12,30.2,
HKO,香港天文台總部,1887,8,13,31.4,
HKO,香港天文台總部,1887,8,14,30.3,
HKO,香港天文台總部,1887,8,15,27.7,
HKO,香港天文台總部,1887,8,16,27.6,
HKO,香港天文台總部,1887,8,17,26.3,
HKO,香港天文台總部,1887,8,18,27.7,
HKO,香港天文台總部,1887,8,19,28.0,
HKO,香港天文台總部,1887,8,20,28.2,
HKO,香港天文台總部,1887,8,21,25.9,
HKO,香港天文台總部,1887,8,22,28.4,
HKO,香港天文台總部,1887,8,23,29.9,
HKO,香港天文台總部,1887,8,24,30.1,
HKO,香港天文台總部,1887,8,25,28.8,
HKO,香港天文台總部,1887,8,26,26.4,
HKO,香港天文台總部,1887,8,27,27.7,
HKO,香港天文台總部,1887,8,28,28.9,
HKO,香港天文台總部,1887,8,29,29.5,
HKO,香港天文台總部,1887,8,30,30.8,
HKO,香港天文台總部,1887,8,31,30.4,
HKO,香港天文台總部,1887,9,1,30.5,
HKO,香港天文台總部,1887,9,2,30.7,
HKO,香港天文台總部,1887,9,3,30.2,
HKO,香港天文台總部,1887,9,4,28.3,
HKO,香港天文台總部,1887,9,5,28.9,
HKO,香港天文台總部,1887,9,6,30.7,
HKO,香港天文台總部,1887,9,7,30.3,
HKO,香港天文台總部,1887,9,8,29.7,
HKO,香港天文台總部,1887,9,9,31.1,
HKO,香港天文台總部,1887,9,10,32.6,
HKO,香港天文台總部,1887,9,11,31.5,
HKO,香港天文台總部,1887,9,12,27.9,
HKO,香港天文台總部,1887,9,13,29.8,
HKO,香港天文台總部,1887,9,14,29.7,
HKO,香港天文台總部,1887,9,15,29.3,
HKO,香港天文台總部,1887,9,16,31.8,
HKO,香港天文台總部,1887,9,17,30.3,
HKO,香港天文台總部,1887,9,18,28.5,
HKO,香港天文台總部,1887,9,19,28.4,
HKO,香港天文台總部,1887,9,20,29.9,
HKO,香港天文台總部,1887,9,21,29.2,
HKO,香港天文台總部,1887,9,22,29.1,
HKO,香港天文台總部,1887,9,23,31.1,
HKO,香港天文台總部,1887,9,24,30.9,
HKO,香港天文台總部,1887,9,25,31.0,
HKO,香港天文台總部,1887,9,26,28.6,
HKO,香港天文台總部,1887,9,27,28.8,
HKO,香港天文台總部,1887,9,28,30.1,
HKO,香港天文台總部,1887,9,29,30.5,
HKO,香港天文台總部,1887,9,30,29.6,
HKO,香港天文台總部,1888,6,1,30.9,
HKO,香港天文台總部,1888,6,2,30.2,
HKO,香港天文台總部,1888,6,3,28.1,
HKO,香港天文台總部,1888,6,4,25.3,
HKO,香港天文台總部,1888,6,5,26.0,
HKO,香港天文台總部,1888,6,6,27.3,
HKO,香港天文台總部,1888,6,7,29.8,
HKO,香港天文台總部,1888,6,8,29.6,
HKO,香港天文台總部,1888,6,9,28.1,
HKO,香港天文台總部,1888,6,10,25.5,
HKO,香港天文台總部,1888,6,11,27.7,
HKO,香港天文台總部,1888,6,12,28.4,
HKO,香港天文台總部,1888,6,13,27.9,
HKO,香港天文台總部,1888,6,14,27.1,
HKO,香港天文台總部,1888,6,15,28.8,
HKO,香港天文台總部,1888,6,16,27.9,
HKO,香港天文台總部,1888,6,17,27.2,
HKO,香港天文台總部,1888,6,18,30.1,
HKO,香港天文台總部,1888,6,19,29.9,
HKO,香港天文台總部,1888,6,20,30.3,
HKO,香港天文台總部,1888,6,21,30.8,
HKO,香港天文台總部,1888,6,22,29.4,
HKO,香港天文台總部,1888,6,23,30.4,
HKO,香港天文台總部,1888,6,24,30.0,
HKO,香港天文台總部,1888,6,25,31.1,
HKO,香港天文台總部,1888,6,26,25.4,
HKO,香港天文台總部,1888,6,27,28.8,
HKO,香港天文台總部,1888,6,28,30.7,
HKO,香港天文台總部,1888,6,29,30.1,
HKO,香港天文台總部,1888,6,30,30.1,
HKO,香港天文台總部,1888,7,1,30.1,
HKO,香港天文台總部,1888,7,2,30.9,
HKO,香港天文台總部,1888,7,3,30.5,
HKO,香港天文台總部,1888,7,4,30.6,
HKO,香港天文台總部,1888,7,5,30.1,
HKO,香港天文台總部,1888,7,6,30.7,
HKO,香港天文台總部,1888,7,7,29.9,
HKO,香港天文台總部,1888,7,8,29.9,
HKO,香港天文台總部,1888,7,9,31.0,
HKO,香港天文台總部,1888,7,10,31.1,
HKO,香港天文台總部,1888,7,11,29.5,
HKO,香港天文台總部,1888,7,12,30.8,
HKO,香港天文台總部,1888,7,13,31.7,
HKO,香港天文台總部,1888,7,14,33.8,
HKO,香港天文台總部,1888,7,15,31.6,
HKO,香港天文台總部,1888,7,16,29.7,
HKO,香港天文台總部,1888,7,17,29.3,
HKO,香港天文台總部,1888,7,18,31.8,
HKO,香港天文台總部,1888,7,19,30.1,
HKO,香港天文台總部,1888,7,20,31.1,
HKO,香港天文台總部,1888,7,21,32.1,
HKO,香港天文台總部,1888,7,22,31.3,
HKO,香港天文台總部,1888,7,23,31.8,
HKO,香港天文台總部,1888,7,24,32.3,
HKO,香港天文台總部,1888,7,25,31.6,
HKO,香港天文台總部,1888,7,26,30.2,
HKO,香港天文台總部,1888,7,27,31.6,
HKO,香港天文台總部,1888,7,28,31.6,
HKO,香港天文台總部,1888,7,29,30.4,
HKO,香港天文台總部,1888,7,30,31.3,
HKO,香港天文台總部,1888,7,31,30.9,
HKO,香港天文台總部,1888,8,1,31.9,
HKO,香港天文台總部,1888,8,2,30.6,
HKO,香港天文台總部,1888,8,3,31.8,
HKO,香港天文台總部,1888,8,4,32.4,
HKO,香港天文台總部,1888,8,5,32.1,
HKO,香港天文台總部,1888,8,6,32.1,
HKO,香港天文台總部,1888,8,7,32.1,
HKO,香港天文台總部,1888,8,8,29.0,
HKO,香港天文台總部,1888,8,9,28.4,
HKO,香港天文台總部,1888,8,10,27.6,
HKO,香港天文台總部,1888,8,11,27.8,
HKO,香港天文台總部,1888,8,12,26.8,
HKO,香港天文台總部,1888,8,13,28.8,
HKO,香港天文台總部,1888,8,14,28.3,
HKO,香港天文台總部,1888,8,15,27.4,
HKO,香港天文台總部,1888,8,16,30.4,
HKO,香港天文台總部,1888,8,17,31.6,
HKO,香港天文台總部,1888,8,18,29.8,
HKO,香港天文台總部,1888,8,19,26.7,
HKO,香港天文台總部,1888,8,20,28.6,
HKO,香港天文台總部,1888,8,21,29.8,
HKO,香港天文台總部,1888,8,22,30.2,
HKO,香港天文台總部,1888,8,23,30.3,
HKO,香港天文台總部,1888,8,24,30.3,
HKO,香港天文台總部,1888,8,25,29.2,
HKO,香港天文台總部,1888,8,26,30.4,
HKO,香港天文台總部,1888,8,27,30.7,
HKO,香港天文台總部,1888,8,28,30.4,
HKO,香港天文台總部,1888,8,29,31.1,
HKO,香港天文台總部,1888,8,30,31.3,
HKO,香港天文台總部,1888,8,31,31.6,
HKO,香港天文台總部,1888,9,1,31.6,
HKO,香港天文台總部,1888,9,2,31.4,
HKO,香港天文台總部,1888,9,3,28.7,
HKO,香港天文台總部,1888,9,4,30.8,
HKO,香港天文台總部,1888,9,5,30.0,
HKO,香港天文台總部,1888,9,6,30.2,
HKO,香港天文台總部,1888,9,7,29.4,
HKO,香港天文台總部,1888,9,8,30.1,
HKO,香港天文台總部,1888,9,9,28.3,
HKO,香港天文台總部,1888,9,10,28.6,
HKO,香港天文台總部,1888,9,11,27.4,
HKO,香港天文台總部,1888,9,12,29.1,
HKO,香港天文台總部,1888,9,13,28.4,
HKO,香港天文台總部,1888,9,14,28.6,
HKO,香港天文台總部,1888,9,15,30.0,
HKO,香港天文台總部,1888,9,16,30.4,
HKO,香港天文台總部,1888,9,17,28.2,
HKO,香港天文台總部,1888,9,18,28.5,
HKO,香港天文台總部,1888,9,19,28.9,
HKO,香港天文台總部,1888,9,20,31.2,
HKO,香港天文台總部,1888,9,21,30.4,
HKO,香港天文台總部,1888,9,22,30.2,
HKO,香港天文台總部,1888,9,23,28.6,
HKO,香港天文台總部,1888,9,24,27.5,
HKO,香港天文台總部,1888,9,25,27.7,
HKO,香港天文台總部,1888,9,26,30.9,
HKO,香港天文台總部,1888,9,27,31.0,
HKO,香港天文台總部,1888,9,28,29.4,
HKO,香港天文台總部,1888,9,29,27.7,
HKO,香港天文台總部,1888,9,30,24.2,
HKO,香港天文台總部,1889,6,1,31.3,
HKO,香港天文台總部,1889,6,2,30.1,
HKO,香港天文台總部,1889,6,3,28.6,
HKO,香港天文台總部,1889,6,4,29.8,
HKO,香港天文台總部,1889,6,5,30.3,
HKO,香港天文台總部,1889,6,6,32.0,
HKO,香港天文台總部,1889,6,7,31.3,
HKO,香港天文台總部,1889,6,8,29.6,
HKO,香港天文台總部,1889,6,9,28.3,
HKO,香港天文台總部,1889,6,10,30.4,
HKO,香港天文台總部,1889,6,11,29.1,
HKO,香港天文台總部,1889,6,12,29.6,
HKO,香港天文台總部,1889,6,13,28.9,
HKO,香港天文台總部,1889,6,14,28.6,
HKO,香港天文台總部,1889,6,15,29.6,
HKO,香港天文台總部,1889,6,16,29.5,
HKO,香港天文台總部,1889,6,17,28.3,
HKO,香港天文台總部,1889,6,18,30.8,
HKO,香港天文台總部,1889,6,19,31.1,
HKO,香港天文台總部,1889,6,20,31.4,
HKO,香港天文台總部,1889,6,21,30.3,
HKO,香港天文台總部,1889,6,22,31.1,
HKO,香港天文台總部,1889,6,23,31.7,
HKO,香港天文台總部,1889,6,24,31.3,
HKO,香港天文台總部,1889,6,25,31.8,
HKO,香港天文台總部,1889,6,26,31.3,
HKO,香港天文台總部,1889,6,27,31.7,
HKO,香港天文台總部,1889,6,28,31.7,
HKO,香港天文台總部,1889,6,29,30.5,
HKO,香港天文台總部,1889,6,30,31.1,
HKO,香港天文台總部,1889,7,1,32.1,
HKO,香港天文台總部,1889,7,2,31.4,
HKO,香港天文台總部,1889,7,3,32.1,
HKO,香港天文台總部,1889,7,4,31.9,
HKO,香港天文台總部,1889,7,5,31.9,
HKO,香港天文台總部,1889,7,6,32.1,
HKO,香港天文台總部,1889,7,7,31.9,
HKO,香港天文台總部,1889,7,8,32.6,
HKO,香港天文台總部,1889,7,9,32.3,
HKO,香港天文台總部,1889,7,10,32.8,
HKO,香港天文台總部,1889,7,11,33.2,
HKO,香港天文台總部,1889,7,12,33.6,
HKO,香港天文台總部,1889,7,13,32.1,
HKO,香港天文台總部,1889,7,14,30.8,
HKO,香港天文台總部,1889,7,15,30.4,
HKO,香港天文台總部,1889,7,16,32.7,
HKO,香港天文台總部,1889,7,17,29.3,
HKO,香港天文台總部,1889,7,18,31.6,
HKO,香港天文台總部,1889,7,19,31.4,
HKO,香港天文台總部,1889,7,20,31.6,
HKO,香港天文台總部,1889,7,21,30.5,
HKO,香港天文台總部,1889,7,22,30.1,
HKO,香港天文台總部,1889,7,23,30.9,
HKO,香港天文台總部,1889,7,24,31.4,
HKO,香港天文台總部,1889,7,25,31.1,
HKO,香港天文台總部,1889,7,26,32.4,
HKO,香港天文台總部,1889,7,27,31.2,
HKO,香港天文台總部,1889,7,28,29.3,
HKO,香港天文台總部,1889,7,29,29.7,
HKO,香港天文台總部,1889,7,30,31.3,
HKO,香港天文台總部,1889,7,31,31.4,
HKO,香港天文台總部,1889,8,1,32.1,
HKO,香港天文台總部,1889,8,2,30.6,
HKO,香港天文台總部,1889,8,3,28.6,
HKO,香港天文台總部,1889,8,4,27.8,
HKO,香港天文台總部,1889,8,5,27.3,
HKO,香港天文台總部,1889,8,6,29.0,
HKO,香港天文台總部,1889,8,7,28.9,
HKO,香港天文台總部,1889,8,8,29.6,
HKO,香港天文台總部,1889,8,9,30.9,
HKO,香港天文台總部,1889,8,10,30.1,
HKO,香港天文台總部,1889,8,11,29.6,
HKO,香港天文台總部,1889,8,12,29.7,
HKO,香港天文台總部,1889,8,13,28.6,
HKO,香港天文台總部,1889,8,14,27.3,
HKO,香港天文台總部,1889,8,15,30.2,
HKO,香港天文台總部,1889,8,16,29.7,
HKO,香港天文台總部,1889,8,17,30.4,
HKO,香港天文台總部,1889,8,18,31.8,
HKO,香港天文台總部,1889,8,19,31.4,
HKO,香港天文台總部,1889,8,20,31.7,
HKO,香港天文台總部,1889,8,21,31.2,
HKO,香港天文台總部,1889,8,22,30.2,
HKO,香港天文台總部,1889,8,23,31.4,
HKO,香港天文台總部,1889,8,24,30.3,
HKO,香港天文台總部,1889,8,25,29.8,
HKO,香港天文台總部,1889,8,26,30.9,
HKO,香港天文台總部,1889,8,27,30.8,
HKO,香港天文台總部,1889,8,28,29.4,
HKO,香港天文台總部,1889,8,29,29.9,
HKO,香港天文台總部,1889,8,30,29.9,
HKO,香港天文台總部,1889,8,31,30.1,
HKO,香港天文台總部,1889,9,1,31.1,
HKO,香港天文台總部,1889,9,2,30.6,
HKO,香港天文台總部,1889,9,3,31.6,
HKO,香港天文台總部,1889,9,4,32.2,
HKO,香港天文台總部,1889,9,5,31.9,
HKO,香港天文台總部,1889,9,6,32.9,
HKO,香港天文台總部,1889,9,7,32.2,
HKO,香港天文台總部,1889,9,8,31.7,
HKO,香港天文台總部,1889,9,9,29.1,
HKO,香港天文台總部,1889,9,10,30.8,
HKO,香港天文台總部,1889,9,11,31.3,
HKO,香港天文台總部,1889,9,12,27.9,
HKO,香港天文台總部,1889,9,13,28.0,
HKO,香港天文台總部,1889,9,14,27.4,
HKO,香港天文台總部,1889,9,15,27.3,
HKO,香港天文台總部,1889,9,16,28.5,
HKO,香港天文台總部,1889,9,17,26.9,
HKO,香港天文台總部,1889,9,18,26.6,
HKO,香港天文台總部,1889,9,19,27.8,
HKO,香港天文台總部,1889,9,20,29.7,
HKO,香港天文台總部,1889,9,21,29.9,
HKO,香港天文台總部,1889,9,22,28.9,
HKO,香港天文台總部,1889,9,23,30.6,
HKO,香港天文台總部,1889,9,24,29.1,
HKO,香港天文台總部,1889,9,25,29.9,
HKO,香港天文台總部,1889,9,26,27.7,
HKO,香港天文台總部,1889,9,27,30.1,
HKO,香港天文台總部,1889,9,28,30.3,
HKO,香港天文台總部,1889,9,29,29.0,
HKO,香港天文台總部,1889,9,30,29.5,
HKO,香港天文台總部,1890,6,1,29.6,
HKO,香港天文台總部,1890,6,2,30.7,
HKO,香港天文台總部,1890,6,3,31.3,
HKO,香港天文台總部,1890,6,4,30.6,
HKO,香港天文台總部,1890,6,5,28.7,
HKO,香港天文台總部,1890,6,6,26.7,
HKO,香港天文台總部,1890,6,7,29.3,
HKO,香港天文台總部,1890,6,8,30.2,
HKO,香港天文台總部,1890,6,9,30.2,
HKO,香港天文台總部,1890,6,10,30.8,
HKO,香港天文台總部,1890,6,11,30.8,
HKO,香港天文台總部,1890,6,12,31.3,
HKO,香港天文台總部,1890,6,13,31.7,
HKO,香港天文台總部,1890,6,14,32.3,
HKO,香港天文台總部,1890,6,15,31.9,
HKO,香港天文台總部,1890,6,16,32.3,
HKO,香港天文台總部,1890,6,17,33.7,
HKO,香港天文台總部,1890,6,18,31.1,
HKO,香港天文台總部,1890,6,19,28.0,
HKO,香港天文台總部,1890,6,20,27.8,
HKO,香港天文台總部,1890,6,21,28.2,
HKO,香港天文台總部,1890,6,22,30.7,
HKO,香港天文台總部,1890,6,23,30.3,
HKO,香港天文台總部,1890,6,24,30.9,
HKO,香港天文台總部,1890,6,25,30.3,
HKO,香港天文台總部,1890,6,26,29.2,
HKO,香港天文台總部,1890,6,27,29.4,
HKO,香港天文台總部,1890,6,28,31.1,
HKO,香港天文台總部,1890,6,29,29.4,
HKO,香港天文台總部,1890,6,30,30.3,
HKO,香港天文台總部,1890,7,1,29.8,
HKO,香港天文台總部,1890,7,2,31.7,
HKO,香港天文台總部,1890,7,3,31.1,
HKO,香港天文台總部,1890,7,4,30.6,
HKO,香港天文台總部,1890,7,5,30.1,
HKO,香港天文台總部,1890,7,6,30.7,
HKO,香港天文台總部,1890,7,7,31.8,
HKO,香港天文台總部,1890,7,8,29.0,
HKO,香港天文台總部,1890,7,9,30.0,
HKO,香港天文台總部,1890,7,10,30.9,
HKO,香港天文台總部,1890,7,11,31.0,
HKO,香港天文台總部,1890,7,12,30.7,
HKO,香港天文台總部,1890,7,13,30.9,
HKO,香港天文台總部,1890,7,14,31.9,
HKO,香港天文台總部,1890,7,15,32.3,
HKO,香港天文台總部,1890,7,16,30.3,
HKO,香港天文台總部,1890,7,17,31.3,
HKO,香港天文台總部,1890,7,18,32.2,
HKO,香港天文台總部,1890,7,19,27.4,
HKO,香港天文台總部,1890,7,20,28.7,
HKO,香港天文台總部,1890,7,21,26.2,
HKO,香港天文台總部,1890,7,22,27.0,
HKO,香港天文台總部,1890,7,23,29.9,
HKO,香港天文台總部,1890,7,24,28.4,
HKO,香港天文台總部,1890,7,25,28.7,
HKO,香港天文台總部,1890,7,26,29.3,
HKO,香港天文台總部,1890,7,27,31.2,
HKO,香港天文台總部,1890,7,28,30.8,
HKO,香港天文台總部,1890,7,29,31.9,
HKO,香港天文台總部,1890,7,30,31.7,
HKO,香港天文台總部,1890,7,31,32.0,
HKO,香港天文台總部,1890,8,1,30.7,
HKO,香港天文台總部,1890,8,2,29.6,
HKO,香港天文台總部,1890,8,3,31.3,
HKO,香港天文台總部,1890,8,4,31.6,
HKO,香港天文台總部,1890,8,5,32.0,
HKO,香港天文台總部,1890,8,6,32.0,
HKO,香港天文台總部,1890,8,7,32.1,
HKO,香港天文台總部,1890,8,8,29.9,
HKO,香港天文台總部,1890,8,9,28.4,
HKO,香港天文台總部,1890,8,10,30.9,
HKO,香港天文台總部,1890,8,11,31.8,
HKO,香港天文台總部,1890,8,12,28.2,
HKO,香港天文台總部,1890,8,13,26.9,
HKO,香港天文台總部,1890,8,14,30.0,
HKO,香港天文台總部,1890,8,15,29.3,
HKO,香港天文台總部,1890,8,16,29.1,
HKO,香港天文台總部,1890,8,17,30.3,
HKO,香港天文台總部,1890,8,18,30.1,
HKO,香港天文台總部,1890,8,19,31.2,
HKO,香港天文台總部,1890,8,20,31.2,
HKO,香港天文台總部,1890,8,21,31.8,
HKO,香港天文台總部,1890,8,22,32.2,
HKO,香港天文台總部,1890,8,23,32.7,
HKO,香港天文台總部,1890,8,24,31.8,
HKO,香港天文台總部,1890,8,25,30.7,
HKO,香港天文台總部,1890,8,26,31.1,
HKO,香港天文台總部,1890,8,27,30.6,
HKO,香港天文台總部,1890,8,28,28.9,
HKO,香港天文台總部,1890,8,29,30.5,
HKO,香港天文台總部,1890,8,30,31.6,
HKO,香港天文台總部,1890,8,31,31.6,
HKO,香港天文台總部,1890,9,1,31.2,
HKO,香港天文台總部,1890,9,2,30.9,
HKO,香港天文台總部,1890,9,3,29.2,
HKO,香港天文台總部,1890,9,4,31.5,
HKO,香港天文台總部,1890,9,5,32.2,
HKO,香港天文台總部,1890,9,6,31.1,
HKO,香港天文台總部,1890,9,7,29.4,
HKO,香港天文台總部,1890,9,8,27.3,
HKO,香港天文台總部,1890,9,9,27.8,
HKO,香港天文台總部,1890,9,10,31.5,
HKO,香港天文台總部,1890,9,11,29.4,
HKO,香港天文台總部,1890,9,12,29.4,
HKO,香港天文台總部,1890,9,13,29.7,
HKO,香港天文台總部,1890,9,14,27.9,
HKO,香港天文台總部,1890,9,15,28.9,
HKO,香港天文台總部,1890,9,16,28.2,
HKO,香港天文台總部,1890,9,17,29.3,
HKO,香港天文台總部,1890,9,18,31.4,
HKO,香港天文台總部,1890,9,19,30.8,
HKO,香港天文台總部,1890,9,20,32.0,
HKO,香港天文台總部,1890,9,21,31.3,
HKO,香港天文台總部,1890,9,22,30.6,
HKO,香港天文台總部,1890,9,23,27.4,
HKO,香港天文台總部,1890,9,24,24.0,
HKO,香港天文台總部,1890,9,25,25.3,
HKO,香港天文台總部,1890,9,26,25.8,
HKO,香港天文台總部,1890,9,27,27.4,
HKO,香港天文台總部,1890,9,28,31.1,
HKO,香港天文台總部,1890,9,29,32.9,
HKO,香港天文台總部,1890,9,30,31.9,
HKO,香港天文台總部,1891,6,1,30.9,
HKO,香港天文台總部,1891,6,2,31.1,
HKO,香港天文台總部,1891,6,3,32.4,
HKO,香港天文台總部,1891,6,4,31.5,
HKO,香港天文台總部,1891,6,5,26.6,
HKO,香港天文台總部,1891,6,6,27.9,
HKO,香港天文台總部,1891,6,7,30.2,
HKO,香港天文台總部,1891,6,8,26.5,
HKO,香港天文台總部,1891,6,9,26.6,
HKO,香港天文台總部,1891,6,10,26.8,
HKO,香港天文台總部,1891,6,11,29.2,
HKO,香港天文台總部,1891,6,12,27.1,
HKO,香港天文台總部,1891,6,13,27.3,
HKO,香港天文台總部,1891,6,14,29.3,
HKO,香港天文台總部,1891,6,15,30.7,
HKO,香港天文台總部,1891,6,16,28.4,
HKO,香港天文台總部,1891,6,17,28.0,
HKO,香港天文台總部,1891,6,18,27.8,
HKO,香港天文台總部,1891,6,19,28.9,
HKO,香港天文台總部,1891,6,20,29.2,
HKO,香港天文台總部,1891,6,21,27.3,
HKO,香港天文台總部,1891,6,22,27.0,
HKO,香港天文台總部,1891,6,23,27.7,
HKO,香港天文台總部,1891,6,24,26.5,
HKO,香港天文台總部,1891,6,25,29.8,
HKO,香港天文台總部,1891,6,26,30.4,
HKO,香港天文台總部,1891,6,27,30.3,
HKO,香港天文台總部,1891,6,28,30.3,
HKO,香港天文台總部,1891,6,29,29.9,
HKO,香港天文台總部,1891,6,30,29.8,
HKO,香港天文台總部,1891,7,1,29.9,
HKO,香港天文台總部,1891,7,2,30.2,
HKO,香港天文台總部,1891,7,3,28.3,
HKO,香港天文台總部,1891,7,4,28.2,
HKO,香港天文台總部,1891,7,5,28.1,
HKO,香港天文台總部,1891,7,6,29.2,
HKO,香港天文台總部,1891,7,7,29.8,
HKO,香港天文台總部,1891,7,8,29.4,
HKO,香港天文台總部,1891,7,9,29.8,
HKO,香港天文台總部,1891,7,10,30.2,
HKO,香港天文台總部,1891,7,11,29.8,
HKO,香港天文台總部,1891,7,12,30.6,
HKO,香港天文台總部,1891,7,13,29.8,
HKO,香港天文台總部,1891,7,14,29.0,
HKO,香港天文台總部,1891,7,15,29.0,
HKO,香港天文台總部,1891,7,16,29.1,
HKO,香港天文台總部,1891,7,17,31.4,
HKO,香港天文台總部,1891,7,18,31.0,
HKO,香港天文台總部,1891,7,19,27.7,
HKO,香港天文台總部,1891,7,20,29.6,
HKO,香港天文台總部,1891,7,21,28.6,
HKO,香港天文台總部,1891,7,22,28.2,
HKO,香港天文台總部,1891,7,23,29.8,
HKO,香港天文台總部,1891,7,24,31.3,
HKO,香港天文台總部,1891,7,25,29.3,
HKO,香港天文台總部,1891,7,26,30.3,
HKO,香港天文台總部,1891,7,27,31.1,
HKO,香港天文台總部,1891,7,28,32.1,
HKO,香港天文台總部,1891,7,29,31.2,
HKO,香港天文台總部,1891,7,30,30.0,
HKO,香港天文台總部,1891,7,31,30.2,
HKO,香港天文台總部,1891,8,1,33.2,
HKO,香港天文台總部,1891,8,2,31.7,
HKO,香港天文台總部,1891,8,3,27.1,
HKO,香港天文台總部,1891,8,4,28.4,
HKO,香港天文台總部,1891,8,5,28.8,
HKO,香港天文台總部,1891,8,6,29.7,
HKO,香港天文台總部,1891,8,7,28.5,
HKO,香港天文台總部,1891,8,8,28.2,
HKO,香港天文台總部,1891,8,9,26.6,
HKO,香港天文台總部,1891,8,10,28.4,
HKO,香港天文台總部,1891,8,11,29.6,
HKO,香港天文台總部,1891,8,12,30.8,
HKO,香港天文台總部,1891,8,13,31.4,
HKO,香港天文台總部,1891,8,14,30.5,
HKO,香港天文台總部,1891,8,15,31.5,
HKO,香港天文台總部,1891,8,16,31.0,
HKO,香港天文台總部,1891,8,17,31.2,
HKO,香港天文台總部,1891,8,18,29.7,
HKO,香港天文台總部,1891,8,19,29.7,
HKO,香港天文台總部,1891,8,20,29.8,
HKO,香港天文台總部,1891,8,21,31.7,
HKO,香港天文台總部,1891,8,22,31.6,
HKO,香港天文台總部,1891,8,23,33.3,
HKO,香港天文台總部,1891,8,24,33.8,
HKO,香港天文台總部,1891,8,25,32.7,
HKO,香港天文台總部,1891,8,26,29.3,
HKO,香港天文台總部,1891,8,27,30.7,
HKO,香港天文台總部,1891,8,28,29.5,
HKO,香港天文台總部,1891,8,29,30.7,
HKO,香港天文台總部,1891,8,30,31.5,
HKO,香港天文台總部,1891,8,31,29.1,
HKO,香港天文台總部,1891,9,1,31.8,
HKO,香港天文台總部,1891,9,2,32.3,
HKO,香港天文台總部,1891,9,3,29.8,
HKO,香港天文台總部,1891,9,4,29.3,
HKO,香港天文台總部,1891,9,5,30.0,
HKO,香港天文台總部,1891,9,6,30.9,
HKO,香港天文台總部,1891,9,7,30.8,
HKO,香港天文台總部,1891,9,8,31.8,
HKO,香港天文台總部,1891,9,9,32.3,
HKO,香港天文台總部,1891,9,10,31.3,
HKO,香港天文台總部,1891,9,11,29.0,
HKO,香港天文台總部,1891,9,12,27.1,
HKO,香港天文台總部,1891,9,13,29.3,
HKO,香港天文台總部,1891,9,14,30.9,
HKO,香港天文台總部,1891,9,15,28.9,
HKO,香港天文台總部,1891,9,16,30.6,
HKO,香港天文台總部,1891,9,17,29.3,
HKO,香港天文台總部,1891,9,18,27.6,
HKO,香港天文台總部,1891,9,19,29.0,
HKO,香港天文台總部,1891,9,20,31.5,
HKO,香港天文台總部,1891,9,21,31.6,
HKO,香港天文台總部,1891,9,22,29.8,
HKO,香港天文台總部,1891,9,23,31.0,
HKO,香港天文台總部,1891,9,24,32.1,
HKO,香港天文台總部,1891,9,25,32.3,
HKO,香港天文台總部,1891,9,26,31.4,
HKO,香港天文台總部,1891,9,27,28.7,
HKO,香港天文台總部,1891,9,28,29.3,
HKO,香港天文台總部,1891,9,29,30.1,
HKO,香港天文台總部,1891,9,30,29.9,
HKO,香港天文台總部,1892,6,1,31.4,
HKO,香港天文台總部,1892,6,2,32.3,
HKO,香港天文台總部,1892,6,3,32.1,
HKO,香港天文台總部,1892,6,4,31.8,
HKO,香港天文台總部,1892,6,5,31.0,
HKO,香港天文台總部,1892,6,6,25.7,
HKO,香港天文台總部,1892,6,7,24.9,
HKO,香港天文台總部,1892,6,8,27.4,
HKO,香港天文台總部,1892,6,9,29.7,
HKO,香港天文台總部,1892,6,10,30.7,
HKO,香港天文台總部,1892,6,11,31.2,
HKO,香港天文台總部,1892,6,12,31.4,
HKO,香港天文台總部,1892,6,13,31.4,
HKO,香港天文台總部,1892,6,14,30.2,
HKO,香港天文台總部,1892,6,15,30.9,
HKO,香港天文台總部,1892,6,16,27.9,
HKO,香港天文台總部,1892,6,17,26.9,
HKO,香港天文台總部,1892,6,18,27.0,
HKO,香港天文台總部,1892,6,19,27.2,
HKO,香港天文台總部,1892,6,20,29.4,
HKO,香港天文台總部,1892,6,21,30.3,
HKO,香港天文台總部,1892,6,22,30.8,
HKO,香港天文台總部,1892,6,23,30.4,
HKO,香港天文台總部,1892,6,24,30.5,
HKO,香港天文台總部,1892,6,25,31.3,
HKO,香港天文台總部,1892,6,26,30.1,
HKO,香港天文台總部,1892,6,27,30.2,
HKO,香港天文台總部,1892,6,28,28.6,
HKO,香港天文台總部,1892,6,29,28.7,
HKO,香港天文台總部,1892,6,30,28.6,
HKO,香港天文台總部,1892,7,1,27.7,
HKO,香港天文台總部,1892,7,2,28.7,
HKO,香港天文台總部,1892,7,3,29.4,
HKO,香港天文台總部,1892,7,4,28.5,
HKO,香港天文台總部,1892,7,5,30.7,
HKO,香港天文台總部,1892,7,6,31.0,
HKO,香港天文台總部,1892,7,7,29.7,
HKO,香港天文台總部,1892,7,8,31.7,
HKO,香港天文台總部,1892,7,9,31.4,
HKO,香港天文台總部,1892,7,10,31.9,
HKO,香港天文台總部,1892,7,11,29.6,
HKO,香港天文台總部,1892,7,12,29.2,
HKO,香港天文台總部,1892,7,13,30.9,
HKO,香港天文台總部,1892,7,14,31.3,
HKO,香港天文台總部,1892,7,15,32.2,
HKO,香港天文台總部,1892,7,16,31.4,
HKO,香港天文台總部,1892,7,17,30.9,
HKO,香港天文台總部,1892,7,18,30.2,
HKO,香港天文台總部,1892,7,19,27.7,
HKO,香港天文台總部,1892,7,20,28.5,
HKO,香港天文台總部,1892,7,21,31.8,
HKO,香港天文台總部,1892,7,22,32.0,
HKO,香港天文台總部,1892,7,23,31.9,
HKO,香港天文台總部,1892,7,24,27.2,
HKO,香港天文台總部,1892,7,25,27.4,
HKO,香港天文台總部,1892,7,26,29.4,
HKO,香港天文台總部,1892,7,27,29.2,
HKO,香港天文台總部,1892,7,28,29.9,
HKO,香港天文台總部,1892,7,29,29.4,
HKO,香港天文台總部,1892,7,30,31.7,
HKO,香港天文台總部,1892,7,31,31.4,
HKO,香港天文台總部,1892,8,1,32.2,
HKO,香港天文台總部,1892,8,2,27.7,
HKO,香港天文台總部,1892,8,3,30.9,
HKO,香港天文台總部,1892,8,4,31.4,
HKO,香港天文台總部,1892,8,5,31.4,
HKO,香港天文台總部,1892,8,6,31.7,
HKO,香港天文台總部,1892,8,7,31.8,
HKO,香港天文台總部,1892,8,8,32.0,
HKO,香港天文台總部,1892,8,9,31.9,
HKO,香港天文台總部,1892,8,10,31.7,
HKO,香港天文台總部,1892,8,11,32.6,
HKO,香港天文台總部,1892,8,12,32.8,
HKO,香港天文台總部,1892,8,13,28.9,
HKO,香港天文台總部,1892,8,14,30.6,
HKO,香港天文台總部,1892,8,15,32.2,
HKO,香港天文台總部,1892,8,16,32.6,
HKO,香港天文台總部,1892,8,17,31.8,
HKO,香港天文台總部,1892,8,18,28.8,
HKO,香港天文台總部,1892,8,19,26.2,
HKO,香港天文台總部,1892,8,20,28.7,
HKO,香港天文台總部,1892,8,21,28.8,
HKO,香港天文台總部,1892,8,22,29.8,
HKO,香港天文台總部,1892,8,23,29.6,
HKO,香港天文台總部,1892,8,24,29.1,
HKO,香港天文台總部,1892,8,25,28.3,
HKO,香港天文台總部,1892,8,26,27.0,
HKO,香港天文台總部,1892,8,27,28.0,
HKO,香港天文台總部,1892,8,28,28.7,
HKO,香港天文台總部,1892,8,29,26.3,
HKO,香港天文台總部,1892,8,30,28.7,
HKO,香港天文台總部,1892,8,31,28.1,
HKO,香港天文台總部,1892,9,1,26.4,
HKO,香港天文台總部,1892,9,2,27.6,
HKO,香港天文台總部,1892,9,3,29.7,
HKO,香港天文台總部,1892,9,4,30.9,
HKO,香港天文台總部,1892,9,5,31.7,
HKO,香港天文台總部,1892,9,6,31.2,
HKO,香港天文台總部,1892,9,7,31.7,
HKO,香港天文台總部,1892,9,8,28.7,
HKO,香港天文台總部,1892,9,9,29.7,
HKO,香港天文台總部,1892,9,10,30.8,
HKO,香港天文台總部,1892,9,11,32.2,
HKO,香港天文台總部,1892,9,12,32.0,
HKO,香港天文台總部,1892,9,13,31.7,
HKO,香港天文台總部,1892,9,14,27.7,
HKO,香港天文台總部,1892,9,15,29.1,
HKO,香港天文台總部,1892,9,16,31.4,
HKO,香港天文台總部,1892,9,17,34.4,
HKO,香港天文台總部,1892,9,18,31.3,
HKO,香港天文台總部,1892,9,19,28.3,
HKO,香港天文台總部,1892,9,20,26.2,
HKO,香港天文台總部,1892,9,21,27.4,
HKO,香港天文台總部,1892,9,22,26.9,
HKO,香港天文台總部,1892,9,23,27.3,
HKO,香港天文台總部,1892,9,24,25.9,
HKO,香港天文台總部,1892,9,25,28.8,
HKO,香港天文台總部,1892,9,26,28.7,
HKO,香港天文台總部,1892,9,27,30.3,
HKO,香港天文台總部,1892,9,28,29.9,
HKO,香港天文台總部,1892,9,29,29.9,
HKO,香港天文台總部,1892,9,30,22.3,
HKO,香港天文台總部,1893,6,1,29.7,
HKO,香港天文台總部,1893,6,2,28.3,
HKO,香港天文台總部,1893,6,3,30.4,
HKO,香港天文台總部,1893,6,4,28.4,
HKO,香港天文台總部,1893,6,5,30.8,
HKO,香港天文台總部,1893,6,6,31.0,
HKO,香港天文台總部,1893,6,7,31.8,
HKO,香港天文台總部,1893,6,8,29.8,
HKO,香港天文台總部,1893,6,9,29.6,
HKO,香港天文台總部,1893,6,10,30.2,
HKO,香港天文台總部,1893,6,11,31.2,
HKO,香港天文台總部,1893,6,12,32.3,
HKO,香港天文台總部,1893,6,13,30.9,
HKO,香港天文台總部,1893,6,14,30.8,
HKO,香港天文台總部,1893,6,15,28.3,
HKO,香港天文台總部,1893,6,16,28.2,
HKO,香港天文台總部,1893,6,17,29.6,
HKO,香港天文台總部,1893,6,18,26.6,
HKO,香港天文台總部,1893,6,19,28.0,
HKO,香港天文台總部,1893,6,20,30.5,
HKO,香港天文台總部,1893,6,21,29.7,
HKO,香港天文台總部,1893,6,22,29.2,
HKO,香港天文台總部,1893,6,23,29.2,
HKO,香港天文台總部,1893,6,24,28.6,
HKO,香港天文台總部,1893,6,25,29.1,
HKO,香港天文台總部,1893,6,26,29.8,
HKO,香港天文台總部,1893,6,27,30.9,
HKO,香港天文台總部,1893,6,28,31.3,
HKO,香港天文台總部,1893,6,29,30.7,
HKO,香港天文台總部,1893,6,30,30.9,
HKO,香港天文台總部,1893,7,1,29.3,
HKO,香港天文台總部,1893,7,2,29.7,
HKO,香港天文台總部,1893,7,3,27.9,
HKO,香港天文台總部,1893,7,4,28.7,
HKO,香港天文台總部,1893,7,5,26.3,
HKO,香港天文台總部,1893,7,6,30.4,
HKO,香港天文台總部,1893,7,7,29.7,
HKO,香港天文台總部,1893,7,8,29.9,
HKO,香港天文台總部,1893,7,9,29.2,
HKO,香港天文台總部,1893,7,10,31.3,
HKO,香港天文台總部,1893,7,11,31.6,
HKO,香港天文台總部,1893,7,12,32.1,
HKO,香港天文台總部,1893,7,13,32.2,
HKO,香港天文台總部,1893,7,14,31.2,
HKO,香港天文台總部,1893,7,15,27.9,
HKO,香港天文台總部,1893,7,16,29.2,
HKO,香港天文台總部,1893,7,17,28.5,
HKO,香港天文台總部,1893,7,18,30.9,
HKO,香港天文台總部,1893,7,19,30.6,
HKO,香港天文台總部,1893,7,20,27.7,
HKO,香港天文台總部,1893,7,21,28.3,
HKO,香港天文台總部,1893,7,22,28.6,
HKO,香港天文台總部,1893,7,23,27.7,
HKO,香港天文台總部,1893,7,24,24.9,
HKO,香港天文台總部,1893,7,25,27.0,
HKO,香港天文台總部,1893,7,26,29.1,
HKO,香港天文台總部,1893,7,27,28.0,
HKO,香港天文台總部,1893,7,28,30.0,
HKO,香港天文台總部,1893,7,29,31.3,
HKO,香港天文台總部,1893,7,30,32.0,
HKO,香港天文台總部,1893,7,31,31.9,
HKO,香港天文台總部,1893,8,1,30.2,
HKO,香港天文台總部,1893,8,2,29.9,
HKO,香港天文台總部,1893,8,3,28.9,
HKO,香港天文台總部,1893,8,4,30.1,
HKO,香港天文台總部,1893,8,5,30.0,
HKO,香港天文台總部,1893,8,6,29.6,
HKO,香港天文台總部,1893,8,7,29.9,
HKO,香港天文台總部,1893,8,8,30.6,
HKO,香港天文台總部,1893,8,9,29.7,
HKO,香港天文台總部,1893,8,10,31.7,
HKO,香港天文台總部,1893,8,11,31.9,
HKO,香港天文台總部,1893,8,12,31.5,
HKO,香港天文台總部,1893,8,13,32.1,
HKO,香港天文台總部,1893,8,14,31.2,
HKO,香港天文台總部,1893,8,15,31.2,
HKO,香港天文台總部,1893,8,16,29.9,
HKO,香港天文台總部,1893,8,17,31.3,
HKO,香港天文台總部,1893,8,18,31.7,
HKO,香港天文台總部,1893,8,19,29.1,
HKO,香港天文台總部,1893,8,20,29.2,
HKO,香港天文台總部,1893,8,21,28.7,
HKO,香港天文台總部,1893,8,22,30.6,
HKO,香港天文台總部,1893,8,23,30.7,
HKO,香港天文台總部,1893,8,24,29.9,
HKO,香港天文台總部,1893,8,25,29.3,
HKO,香港天文台總部,1893,8,26,30.1,
HKO,香港天文台總部,1893,8,27,30.2,
HKO,香港天文台總部,1893,8,28,29.3,
HKO,香港天文台總部,1893,8,29,29.4,
HKO,香港天文台總部,1893,8,30,28.3,
HKO,香港天文台總部,1893,8,31,30.2,
HKO,香港天文台總部,1893,9,1,31.7,
HKO,香港天文台總部,1893,9,2,31.6,
HKO,香港天文台總部,1893,9,3,33.5,
HKO,香港天文台總部,1893,9,4,30.0,
HKO,香港天文台總部,1893,9,5,29.8,
HKO,香港天文台總部,1893,9,6,31.2,
HKO,香港天文台總部,1893,9,7,31.2,
HKO,香港天文台總部,1893,9,8,29.6,
HKO,香港天文台總部,1893,9,9,25.4,
HKO,香港天文台總部,1893,9,10,28.8,
HKO,香港天文台總部,1893,9,11,31.3,
HKO,香港天文台總部,1893,9,12,26.8,
HKO,香港天文台總部,1893,9,13,28.1,
HKO,香港天文台總部,1893,9,14,28.4,
HKO,香港天文台總部,1893,9,15,25.9,
HKO,香港天文台總部,1893,9,16,27.9,
HKO,香港天文台總部,1893,9,17,29.1,
HKO,香港天文台總部,1893,9,18,29.1,
HKO,香港天文台總部,1893,9,19,30.5,
HKO,香港天文台總部,1893,9,20,30.8,
HKO,香港天文台總部,1893,9,21,30.8,
HKO,香港天文台總部,1893,9,22,29.6,
HKO,香港天文台總部,1893,9,23,29.0,
HKO,香港天文台總部,1893,9,24,29.3,
HKO,香港天文台總部,1893,9,25,26.6,
HKO,香港天文台總部,1893,9,26,30.1,
HKO,香港天文台總部,1893,9,27,29.9,
HKO,香港天文台總部,1893,9,28,29.0,
HKO,香港天文台總部,1893,9,29,27.9,
HKO,香港天文台總部,1893,9,30,30.6,
HKO,香港天文台總部,1894,6,1,27.4,
HKO,香港天文台總部,1894,6,2,28.8,
HKO,香港天文台總部,1894,6,3,28.1,
HKO,香港天文台總部,1894,6,4,29.2,
HKO,香港天文台總部,1894,6,5,28.0,
HKO,香港天文台總部,1894,6,6,29.0,
HKO,香港天文台總部,1894,6,7,29.1,
HKO,香港天文台總部,1894,6,8,27.6,
HKO,香港天文台總部,1894,6,9,29.1,
HKO,香港天文台總部,1894,6,10,26.2,
HKO,香港天文台總部,1894,6,11,25.9,
HKO,香港天文台總部,1894,6,12,27.4,
HKO,香港天文台總部,1894,6,13,28.3,
HKO,香港天文台總部,1894,6,14,29.2,
HKO,香港天文台總部,1894,6,15,29.1,
HKO,香港天文台總部,1894,6,16,28.6,
HKO,香港天文台總部,1894,6,17,27.3,
HKO,香港天文台總部,1894,6,18,28.4,
HKO,香港天文台總部,1894,6,19,29.0,
HKO,香港天文台總部,1894,6,20,28.8,
HKO,香港天文台總部,1894,6,21,29.4,
HKO,香港天文台總部,1894,6,22,29.6,
HKO,香港天文台總部,1894,6,23,29.6,
HKO,香港天文台總部,1894,6,24,27.7,
HKO,香港天文台總部,1894,6,25,27.7,
HKO,香港天文台總部,1894,6,26,28.8,
HKO,香港天文台總部,1894,6,27,30.8,
HKO,香港天文台總部,1894,6,28,31.6,
HKO,香港天文台總部,1894,6,29,30.0,
HKO,香港天文台總部,1894,6,30,30.2,
HKO,香港天文台總部,1894,7,1,31.9,
HKO,香港天文台總部,1894,7,2,31.7,
HKO,香港天文台總部,1894,7,3,28.8,
HKO,香港天文台總部,1894,7,4,28.7,
HKO,香港天文台總部,1894,7,5,31.0,
HKO,香港天文台總部,1894,7,6,30.0,
HKO,香港天文台總部,1894,7,7,30.0,
HKO,香港天文台總部,1894,7,8,30.9,
HKO,香港天文台總部,1894,7,9,31.8,
HKO,香港天文台總部,1894,7,10,29.9,
HKO,香港天文台總部,1894,7,11,31.4,
HKO,香港天文台總部,1894,7,12,30.3,
HKO,香港天文台總部,1894,7,13,30.1,
HKO,香港天文台總部,1894,7,14,26.7,
HKO,香港天文台總部,1894,7,15,28.9,
HKO,香港天文台總部,1894,7,16,29.1,
HKO,香港天文台總部,1894,7,17,30.2,
HKO,香港天文台總部,1894,7,18,29.6,
HKO,香港天文台總部,1894,7,19,29.6,
HKO,香港天文台總部,1894,7,20,27.8,
HKO,香港天文台總部,1894,7,21,26.5,
HKO,香港天文台總部,1894,7,22,28.6,
HKO,香港天文台總部,1894,7,23,28.7,
HKO,香港天文台總部,1894,7,24,29.2,
HKO,香港天文台總部,1894,7,25,28.4,
HKO,香港天文台總部,1894,7,26,29.4,
HKO,香港天文台總部,1894,7,27,27.7,
HKO,香港天文台總部,1894,7,28,28.5,
HKO,香港天文台總部,1894,7,29,30.0,
HKO,香港天文台總部,1894,7,30,31.6,
HKO,香港天文台總部,1894,7,31,31.8,
HKO,香港天文台總部,1894,8,1,31.7,
HKO,香港天文台總部,1894,8,2,32.3,
HKO,香港天文台總部,1894,8,3,32.3,
HKO,香港天文台總部,1894,8,4,30.6,
HKO,香港天文台總部,1894,8,5,30.0,
HKO,香港天文台總部,1894,8,6,29.8,
HKO,香港天文台總部,1894,8,7,29.6,
HKO,香港天文台總部,1894,8,8,27.9,
HKO,香港天文台總部,1894,8,9,27.2,
HKO,香港天文台總部,1894,8,10,27.9,
HKO,香港天文台總部,1894,8,11,27.3,
HKO,香港天文台總部,1894,8,12,27.8,
HKO,香港天文台總部,1894,8,13,29.8,
HKO,香港天文台總部,1894,8,14,26.7,
HKO,香港天文台總部,1894,8,15,28.0,
HKO,香港天文台總部,1894,8,16,29.3,
HKO,香港天文台總部,1894,8,17,30.1,
HKO,香港天文台總部,1894,8,18,30.5,
HKO,香港天文台總部,1894,8,19,30.9,
HKO,香港天文台總部,1894,8,20,27.9,
HKO,香港天文台總部,1894,8,21,31.1,
HKO,香港天文台總部,1894,8,22,31.3,
HKO,香港天文台總部,1894,8,23,31.7,
HKO,香港天文台總部,1894,8,24,31.5,
HKO,香港天文台總部,1894,8,25,30.4,
HKO,香港天文台總部,1894,8,26,29.3,
HKO,香港天文台總部,1894,8,27,28.1,
HKO,香港天文台總部,1894,8,28,29.7,
HKO,香港天文台總部,1894,8,29,30.6,
HKO,香港天文台總部,1894,8,30,31.9,
HKO,香港天文台總部,1894,8,31,31.0,
HKO,香港天文台總部,1894,9,1,30.2,
HKO,香港天文台總部,1894,9,2,29.3,
HKO,香港天文台總部,1894,9,3,29.0,
HKO,香港天文台總部,1894,9,4,28.7,
HKO,香港天文台總部,1894,9,5,29.1,
HKO,香港天文台總部,1894,9,6,28.5,
HKO,香港天文台總部,1894,9,7,30.5,
HKO,香港天文台總部,1894,9,8,30.6,
HKO,香港天文台總部,1894,9,9,30.2,
HKO,香港天文台總部,1894,9,10,28.2,
HKO,香港天文台總部,1894,9,11,30.1,
HKO,香港天文台總部,1894,9,12,28.3,
HKO,香港天文台總部,1894,9,13,27.6,
HKO,香港天文台總部,1894,9,14,30.2,
HKO,香港天文台總部,1894,9,15,31.0,
HKO,香港天文台總部,1894,9,16,30.8,
HKO,香港天文台總部,1894,9,17,33.8,
HKO,香港天文台總部,1894,9,18,31.1,
HKO,香港天文台總部,1894,9,19,27.8,
HKO,香港天文台總部,1894,9,20,29.3,
HKO,香港天文台總部,1894,9,21,26.7,
HKO,香港天文台總部,1894,9,22,29.5,
HKO,香港天文台總部,1894,9,23,29.3,
HKO,香港天文台總部,1894,9,24,32.1,
HKO,香港天文台總部,1894,9,25,27.2,
HKO,香港天文台總部,1894,9,26,29.1,
HKO,香港天文台總部,1894,9,27,29.6,
HKO,香港天文台總部,1894,9,28,29.3,
HKO,香港天文台總部,1894,9,29,28.4,
HKO,香港天文台總部,1894,9,30,27.7,
HKO,香港天文台總部,1895,6,1,25.2,
HKO,香港天文台總部,1895,6,2,27.9,
HKO,香港天文台總部,1895,6,3,27.3,
HKO,香港天文台總部,1895,6,4,27.6,
HKO,香港天文台總部,1895,6,5,26.7,
HKO,香港天文台總部,1895,6,6,26.0,
HKO,香港天文台總部,1895,6,7,25.2,
HKO,香港天文台總部,1895,6,8,26.6,
HKO,香港天文台總部,1895,6,9,27.6,
HKO,香港天文台總部,1895,6,10,28.8,
HKO,香港天文台總部,1895,6,11,27.4,
HKO,香港天文台總部,1895,6,12,27.1,
HKO,香港天文台總部,1895,6,13,29.2,
HKO,香港天文台總部,1895,6,14,30.2,
HKO,香港天文台總部,1895,6,15,31.8,
HKO,香港天文台總部,1895,6,16,31.6,
HKO,香港天文台總部,1895,6,17,31.6,
HKO,香港天文台總部,1895,6,18,31.8,
HKO,香港天文台總部,1895,6,19,31.5,
HKO,香港天文台總部,1895,6,20,31.9,
HKO,香港天文台總部,1895,6,21,32.6,
HKO,香港天文台總部,1895,6,22,32.6,
HKO,香港天文台總部,1895,6,23,32.3,
HKO,香港天文台總部,1895,6,24,32.5,
HKO,香港天文台總部,1895,6,25,34.2,
HKO,香港天文台總部,1895,6,26,33.0,
HKO,香港天文台總部,1895,6,27,31.7,
HKO,香港天文台總部,1895,6,28,30.6,
HKO,香港天文台總部,1895,6,29,29.4,
HKO,香港天文台總部,1895,6,30,29.4,
HKO,香港天文台總部,1895,7,1,30.7,
HKO,香港天文台總部,1895,7,2,30.3,
HKO,香港天文台總部,1895,7,3,30.8,
HKO,香港天文台總部,1895,7,4,29.5,
HKO,香港天文台總部,1895,7,5,29.3,
HKO,香港天文台總部,1895,7,6,28.5,
HKO,香港天文台總部,1895,7,7,29.7,
HKO,香港天文台總部,1895,7,8,30.5,
HKO,香港天文台總部,1895,7,9,30.6,
HKO,香港天文台總部,1895,7,10,30.9,
HKO,香港天文台總部,1895,7,11,31.1,
HKO,香港天文台總部,1895,7,12,30.2,
HKO,香港天文台總部,1895,7,13,30.4,
HKO,香港天文台總部,1895,7,14,30.3,
HKO,香港天文台總部,1895,7,15,30.7,
HKO,香港天文台總部,1895,7,16,30.9,
HKO,香港天文台總部,1895,7,17,31.2,
HKO,香港天文台總部,1895,7,18,31.7,
HKO,香港天文台總部,1895,7,19,32.6,
HKO,香港天文台總部,1895,7,20,32.9,
HKO,香港天文台總部,1895,7,21,32.7,
HKO,香港天文台總部,1895,7,22,32.4,
HKO,香港天文台總部,1895,7,23,32.2,
HKO,香港天文台總部,1895,7,24,31.1,
HKO,香港天文台總部,1895,7,25,29.5,
HKO,香港天文台總部,1895,7,26,28.2,
HKO,香港天文台總部,1895,7,27,31.7,
HKO,香港天文台總部,1895,7,28,28.5,
HKO,香港天文台總部,1895,7,29,26.7,
HKO,香港天文台總部,1895,7,30,29.1,
HKO,香港天文台總部,1895,7,31,29.1,
HKO,香港天文台總部,1895,8,1,29.1,
HKO,香港天文台總部,1895,8,2,30.6,
HKO,香港天文台總部,1895,8,3,31.2,
HKO,香港天文台總部,1895,8,4,30.7,
HKO,香港天文台總部,1895,8,5,31.2,
HKO,香港天文台總部,1895,8,6,31.3,
HKO,香港天文台總部,1895,8,7,30.9,
HKO,香港天文台總部,1895,8,8,31.3,
HKO,香港天文台總部,1895,8,9,30.1,
HKO,香港天文台總部,1895,8,10,29.3,
HKO,香港天文台總部,1895,8,11,27.5,
HKO,香港天文台總部,1895,8,12,26.9,
HKO,香港天文台總部,1895,8,13,27.6,
HKO,香港天文台總部,1895,8,14,31.2,
HKO,香港天文台總部,1895,8,15,30.8,
HKO,香港天文台總部,1895,8,16,31.1,
HKO,香港天文台總部,1895,8,17,30.7,
HKO,香港天文台總部,1895,8,18,30.6,
HKO,香港天文台總部,1895,8,19,29.8,
HKO,香港天文台總部,1895,8,20,30.1,
HKO,香港天文台總部,1895,8,21,31.5,
HKO,香港天文台總部,1895,8,22,31.6,
HKO,香港天文台總部,1895,8,23,31.7,
HKO,香港天文台總部,1895,8,24,32.3,
HKO,香港天文台總部,1895,8,25,31.8,
HKO,香港天文台總部,1895,8,26,31.1,
HKO,香港天文台總部,1895,8,27,27.6,
HKO,香港天文台總部,1895,8,28,31.3,
HKO,香港天文台總部,1895,8,29,31.0,
HKO,香港天文台總部,1895,8,30,30.8,
HKO,香港天文台總部,1895,8,31,28.9,
HKO,香港天文台總部,1895,9,1,33.2,
HKO,香港天文台總部,1895,9,2,32.1,
HKO,香港天文台總部,1895,9,3,33.6,
HKO,香港天文台總部,1895,9,4,34.2,
HKO,香港天文台總部,1895,9,5,32.7,
HKO,香港天文台總部,1895,9,6,34.4,
HKO,香港天文台總部,1895,9,7,31.2,
HKO,香港天文台總部,1895,9,8,29.4,
HKO,香港天文台總部,1895,9,9,28.3,
HKO,香港天文台總部,1895,9,10,28.7,
HKO,香港天文台總部,1895,9,11,30.4,
HKO,香港天文台總部,1895,9,12,31.4,
HKO,香港天文台總部,1895,9,13,30.0,
HKO,香港天文台總部,1895,9,14,29.9,
HKO,香港天文台總部,1895,9,15,30.1,
HKO,香港天文台總部,1895,9,16,31.4,
HKO,香港天文台總部,1895,9,17,30.0,
HKO,香港天文台總部,1895,9,18,30.9,
HKO,香港天文台總部,1895,9,19,29.6,
HKO,香港天文台總部,1895,9,20,28.2,
HKO,香港天文台總部,1895,9,21,28.9,
HKO,香港天文台總部,1895,9,22,28.4,
HKO,香港天文台總部,1895,9,23,30.6,
HKO,香港天文台總部,1895,9,24,32.4,
HKO,香港天文台總部,1895,9,25,32.2,
HKO,香港天文台總部,1895,9,26,27.8,
HKO,香港天文台總部,1895,9,27,24.7,
HKO,香港天文台總部,1895,9,28,24.3,
HKO,香港天文台總部,1895,9,29,23.4,
HKO,香港天文台總部,1895,9,30,27.2,
HKO,香港天文台總部,1896,6,1,32.8,
HKO,香港天文台總部,1896,6,2,32.2,
HKO,香港天文台總部,1896,6,3,27.9,
HKO,香港天文台總部,1896,6,4,28.1,
HKO,香港天文台總部,1896,6,5,28.4,
HKO,香港天文台總部,1896,6,6,28.8,
HKO,香港天文台總部,1896,6,7,29.8,
HKO,香港天文台總部,1896,6,8,30.7,
HKO,香港天文台總部,1896,6,9,31.0,
HKO,香港天文台總部,1896,6,10,27.7,
HKO,香港天文台總部,1896,6,11,26.2,
HKO,香港天文台總部,1896,6,12,28.4,
HKO,香港天文台總部,1896,6,13,30.1,
HKO,香港天文台總部,1896,6,14,31.6,
HKO,香港天文台總部,1896,6,15,30.7,
HKO,香港天文台總部,1896,6,16,29.6,
HKO,香港天文台總部,1896,6,17,28.6,
HKO,香港天文台總部,1896,6,18,29.4,
HKO,香港天文台總部,1896,6,19,31.1,
HKO,香港天文台總部,1896,6,20,31.4,
HKO,香港天文台總部,1896,6,21,29.5,
HKO,香港天文台總部,1896,6,22,30.2,
HKO,香港天文台總部,1896,6,23,29.7,
HKO,香港天文台總部,1896,6,24,31.1,
HKO,香港天文台總部,1896,6,25,27.9,
HKO,香港天文台總部,1896,6,26,29.9,
HKO,香港天文台總部,1896,6,27,30.3,
HKO,香港天文台總部,1896,6,28,29.8,
HKO,香港天文台總部,1896,6,29,30.6,
HKO,香港天文台總部,1896,6,30,31.6,
HKO,香港天文台總部,1896,7,1,31.7,
HKO,香港天文台總部,1896,7,2,31.7,
HKO,香港天文台總部,1896,7,3,30.8,
HKO,香港天文台總部,1896,7,4,30.4,
HKO,香港天文台總部,1896,7,5,31.8,
HKO,香港天文台總部,1896,7,6,30.8,
HKO,香港天文台總部,1896,7,7,33.4,
HKO,香港天文台總部,1896,7,8,29.2,
HKO,香港天文台總部,1896,7,9,28.6,
HKO,香港天文台總部,1896,7,10,30.4,
HKO,香港天文台總部,1896,7,11,31.3,
HKO,香港天文台總部,1896,7,12,32.2,
HKO,香港天文台總部,1896,7,13,31.3,
HKO,香港天文台總部,1896,7,14,31.8,
HKO,香港天文台總部,1896,7,15,31.5,
HKO,香港天文台總部,1896,7,16,32.3,
HKO,香港天文台總部,1896,7,17,32.2,
HKO,香港天文台總部,1896,7,18,32.7,
HKO,香港天文台總部,1896,7,19,33.6,
HKO,香港天文台總部,1896,7,20,33.4,
HKO,香港天文台總部,1896,7,21,34.1,
HKO,香港天文台總部,1896,7,22,32.6,
HKO,香港天文台總部,1896,7,23,34.4,
HKO,香港天文台總部,1896,7,24,31.1,
HKO,香港天文台總部,1896,7,25,28.6,
HKO,香港天文台總部,1896,7,26,28.9,
HKO,香港天文台總部,1896,7,27,28.0,
HKO,香港天文台總部,1896,7,28,30.6,
HKO,香港天文台總部,1896,7,29,30.2,
HKO,香港天文台總部,1896,7,30,28.0,
HKO,香港天文台總部,1896,7,31,28.4,
HKO,香港天文台總部,1896,8,1,28.3,
HKO,香港天文台總部,1896,8,2,30.0,
HKO,香港天文台總部,1896,8,3,28.4,
HKO,香港天文台總部,1896,8,4,28.3,
HKO,香港天文台總部,1896,8,5,29.6,
HKO,香港天文台總部,1896,8,6,29.1,
HKO,香港天文台總部,1896,8,7,32.2,
HKO,香港天文台總部,1896,8,8,31.7,
HKO,香港天文台總部,1896,8,9,31.2,
HKO,香港天文台總部,1896,8,10,28.2,
HKO,香港天文台總部,1896,8,11,30.1,
HKO,香港天文台總部,1896,8,12,30.6,
HKO,香港天文台總部,1896,8,13,30.2,
HKO,香港天文台總部,1896,8,14,31.7,
HKO,香港天文台總部,1896,8,15,32.8,
HKO,香港天文台總部,1896,8,16,32.6,
HKO,香港天文台總部,1896,8,17,32.2,
HKO,香港天文台總部,1896,8,18,32.1,
HKO,香港天文台總部,1896,8,19,31.5,
HKO,香港天文台總部,1896,8,20,30.2,
HKO,香港天文台總部,1896,8,21,30.7,
HKO,香港天文台總部,1896,8,22,31.4,
HKO,香港天文台總部,1896,8,23,31.3,
HKO,香港天文台總部,1896,8,24,31.6,
HKO,香港天文台總部,1896,8,25,28.4,
HKO,香港天文台總部,1896,8,26,29.7,
HKO,香港天文台總部,1896,8,27,30.3,
HKO,香港天文台總部,1896,8,28,30.8,
HKO,香港天文台總部,1896,8,29,32.4,
HKO,香港天文台總部,1896,8,30,32.7,
HKO,香港天文台總部,1896,8,31,31.9,
HKO,香港天文台總部,1896,9,1,30.8,
HKO,香港天文台總部,1896,9,2,30.8,
HKO,香港天文台總部,1896,9,3,32.1,
HKO,香港天文台總部,1896,9,4,32.6,
HKO,香港天文台總部,1896,9,5,31.9,
HKO,香港天文台總部,1896,9,6,30.3,
HKO,香港天文台總部,1896,9,7,30.9,
HKO,香港天文台總部,1896,9,8,28.9,
HKO,香港天文台總部,1896,9,9,30.8,
HKO,香港天文台總部,1896,9,10,31.4,
HKO,香港天文台總部,1896,9,11,29.9,
HKO,香港天文台總部,1896,9,12,30.4,
HKO,香港天文台總部,1896,9,13,28.2,
HKO,香港天文台總部,1896,9,14,28.0,
HKO,香港天文台總部,1896,9,15,28.7,
HKO,香港天文台總部,1896,9,16,26.8,
HKO,香港天文台總部,1896,9,17,26.5,
HKO,香港天文台總部,1896,9,18,27.5,
HKO,香港天文台總部,1896,9,19,28.1,
HKO,香港天文台總部,1896,9,20,29.1,
HKO,香港天文台總部,1896,9,21,30.1,
HKO,香港天文台總部,1896,9,22,31.6,
HKO,香港天文台總部,1896,9,23,29.6,
HKO,香港天文台總部,1896,9,24,29.4,
HKO,香港天文台總部,1896,9,25,30.8,
HKO,香港天文台總部,1896,9,26,31.6,
HKO,香港天文台總部,1896,9,27,31.7,
HKO,香港天文台總部,1896,9,28,31.7,
HKO,香港天文台總部,1896,9,29,31.6,
HKO,香港天文台總部,1896,9,30,31.1,
HKO,香港天文台總部,1897,6,1,31.1,
HKO,香港天文台總部,1897,6,2,31.3,
HKO,香港天文台總部,1897,6,3,31.2,
HKO,香港天文台總部,1897,6,4,31.6,
HKO,香港天文台總部,1897,6,5,32.1,
HKO,香港天文台總部,1897,6,6,31.1,
HKO,香港天文台總部,1897,6,7,32.1,
HKO,香港天文台總部,1897,6,8,28.9,
HKO,香港天文台總部,1897,6,9,28.1,
HKO,香港天文台總部,1897,6,10,29.6,
HKO,香港天文台總部,1897,6,11,31.2,
HKO,香港天文台總部,1897,6,12,31.4,
HKO,香港天文台總部,1897,6,13,31.7,
HKO,香港天文台總部,1897,6,14,32.0,
HKO,香港天文台總部,1897,6,15,31.7,
HKO,香港天文台總部,1897,6,16,30.8,
HKO,香港天文台總部,1897,6,17,30.3,
HKO,香港天文台總部,1897,6,18,31.1,
HKO,香港天文台總部,1897,6,19,28.6,
HKO,香港天文台總部,1897,6,20,30.6,
HKO,香港天文台總部,1897,6,21,31.4,
HKO,香港天文台總部,1897,6,22,30.6,
HKO,香港天文台總部,1897,6,23,27.4,
HKO,香港天文台總部,1897,6,24,28.4,
HKO,香港天文台總部,1897,6,25,27.8,
HKO,香港天文台總部,1897,6,26,30.4,
HKO,香港天文台總部,1897,6,27,29.1,
HKO,香港天文台總部,1897,6,28,24.4,
HKO,香港天文台總部,1897,6,29,24.5,
HKO,香港天文台總部,1897,6,30,27.5,
HKO,香港天文台總部,1897,7,1,25.6,
HKO,香港天文台總部,1897,7,2,26.7,
HKO,香港天文台總部,1897,7,3,30.0,
HKO,香港天文台總部,1897,7,4,29.8,
HKO,香港天文台總部,1897,7,5,30.3,
HKO,香港天文台總部,1897,7,6,28.2,
HKO,香港天文台總部,1897,7,7,29.1,
HKO,香港天文台總部,1897,7,8,29.3,
HKO,香港天文台總部,1897,7,9,28.5,
HKO,香港天文台總部,1897,7,10,30.1,
HKO,香港天文台總部,1897,7,11,30.1,
HKO,香港天文台總部,1897,7,12,30.8,
HKO,香港天文台總部,1897,7,13,29.9,
HKO,香港天文台總部,1897,7,14,30.9,
HKO,香港天文台總部,1897,7,15,31.2,
HKO,香港天文台總部,1897,7,16,30.9,
HKO,香港天文台總部,1897,7,17,31.4,
HKO,香港天文台總部,1897,7,18,31.4,
HKO,香港天文台總部,1897,7,19,30.7,
HKO,香港天文台總部,1897,7,20,30.7,
HKO,香港天文台總部,1897,7,21,30.8,
HKO,香港天文台總部,1897,7,22,31.3,
HKO,香港天文台總部,1897,7,23,32.4,
HKO,香港天文台總部,1897,7,24,32.1,
HKO,香港天文台總部,1897,7,25,30.0,
HKO,香港天文台總部,1897,7,26,31.1,
HKO,香港天文台總部,1897,7,27,31.6,
HKO,香港天文台總部,1897,7,28,31.6,
HKO,香港天文台總部,1897,7,29,32.1,
HKO,香港天文台總部,1897,7,30,31.8,
HKO,香港天文台總部,1897,7,31,32.1,
HKO,香港天文台總部,1897,8,1,28.8,
HKO,香港天文台總部,1897,8,2,28.3,
HKO,香港天文台總部,1897,8,3,29.2,
HKO,香港天文台總部,1897,8,4,29.9,
HKO,香港天文台總部,1897,8,5,29.4,
HKO,香港天文台總部,1897,8,6,30.1,
HKO,香港天文台總部,1897,8,7,30.8,
HKO,香港天文台總部,1897,8,8,31.5,
HKO,香港天文台總部,1897,8,9,30.8,
HKO,香港天文台總部,1897,8,10,31.8,
HKO,香港天文台總部,1897,8,11,29.8,
HKO,香港天文台總部,1897,8,12,30.5,
HKO,香港天文台總部,1897,8,13,30.6,
HKO,香港天文台總部,1897,8,14,26.2,
HKO,香港天文台總部,1897,8,15,25.4,
HKO,香港天文台總部,1897,8,16,28.4,
HKO,香港天文台總部,1897,8,17,26.2,
HKO,香港天文台總部,1897,8,18,29.4,
HKO,香港天文台總部,1897,8,19,30.6,
HKO,香港天文台總部,1897,8,20,30.9,
HKO,香港天文台總部,1897,8,21,31.5,
HKO,香港天文台總部,1897,8,22,31.8,
HKO,香港天文台總部,1897,8,23,28.3,
HKO,香港天文台總部,1897,8,24,28.2,
HKO,香港天文台總部,1897,8,25,28.8,
HKO,香港天文台總部,1897,8,26,29.4,
HKO,香港天文台總部,1897,8,27,31.4,
HKO,香港天文台總部,1897,8,28,31.3,
HKO,香港天文台總部,1897,8,29,30.8,
HKO,香港天文台總部,1897,8,30,29.1,
HKO,香港天文台總部,1897,8,31,31.5,
HKO,香港天文台總部,1897,9,1,30.6,
HKO,香港天文台總部,1897,9,2,30.7,
HKO,香港天文台總部,1897,9,3,31.1,
HKO,香港天文台總部,1897,9,4,31.9,
HKO,香港天文台總部,1897,9,5,31.7,
HKO,香港天文台總部,1897,9,6,31.8,
HKO,香港天文台總部,1897,9,7,32.7,
HKO,香港天文台總部,1897,9,8,31.4,
HKO,香港天文台總部,1897,9,9,29.7,
HKO,香港天文台總部,1897,9,10,29.8,
HKO,香港天文台總部,1897,9,11,31.5,
HKO,香港天文台總部,1897,9,12,29.6,
HKO,香港天文台總部,1897,9,13,28.8,
HKO,香港天文台總部,1897,9,14,27.6,
HKO,香港天文台總部,1897,9,15,27.3,
HKO,香港天文台總部,1897,9,16,29.7,
HKO,香港天文台總部,1897,9,17,26.2,
HKO,香港天文台總部,1897,9,18,27.1,
HKO,香港天文台總部,1897,9,19,28.2,
HKO,香港天文台總部,1897,9,20,28.9,
HKO,香港天文台總部,1897,9,21,29.7,
HKO,香港天文台總部,1897,9,22,29.6,
HKO,香港天文台總部,1897,9,23,31.1,
HKO,香港天文台總部,1897,9,24,31.5,
HKO,香港天文台總部,1897,9,25,30.1,
HKO,香港天文台總部,1897,9,26,30.3,
HKO,香港天文台總部,1897,9,27,30.9,
HKO,香港天文台總部,1897,9,28,31.4,
HKO,香港天文台總部,1897,9,29,33.2,
HKO,香港天文台總部,1897,9,30,29.9,
HKO,香港天文台總部,1898,6,1,31.3,
HKO,香港天文台總部,1898,6,2,32.8,
HKO,香港天文台總部,1898,6,3,32.2,
HKO,香港天文台總部,1898,6,4,30.3,
HKO,香港天文台總部,1898,6,5,32.8,
HKO,香港天文台總部,1898,6,6,27.9,
HKO,香港天文台總部,1898,6,7,26.9,
HKO,香港天文台總部,1898,6,8,30.4,
HKO,香港天文台總部,1898,6,9,30.9,
HKO,香港天文台總部,1898,6,10,31.2,
HKO,香港天文台總部,1898,6,11,31.8,
HKO,香港天文台總部,1898,6,12,31.7,
HKO,香港天文台總部,1898,6,13,31.4,
HKO,香港天文台總部,1898,6,14,31.7,
HKO,香港天文台總部,1898,6,15,30.6,
HKO,香港天文台總部,1898,6,16,30.8,
HKO,香港天文台總部,1898,6,17,29.0,
HKO,香港天文台總部,1898,6,18,25.7,
HKO,香港天文台總部,1898,6,19,29.1,
HKO,香港天文台總部,1898,6,20,28.4,
HKO,香港天文台總部,1898,6,21,29.2,
HKO,香港天文台總部,1898,6,22,30.9,
HKO,香港天文台總部,1898,6,23,28.3,
HKO,香港天文台總部,1898,6,24,28.8,
HKO,香港天文台總部,1898,6,25,29.6,
HKO,香港天文台總部,1898,6,26,29.6,
HKO,香港天文台總部,1898,6,27,29.8,
HKO,香港天文台總部,1898,6,28,30.0,
HKO,香港天文台總部,1898,6,29,29.4,
HKO,香港天文台總部,1898,6,30,28.2,
HKO,香港天文台總部,1898,7,1,28.7,
HKO,香港天文台總部,1898,7,2,29.8,
HKO,香港天文台總部,1898,7,3,30.1,
HKO,香港天文台總部,1898,7,4,29.2,
HKO,香港天文台總部,1898,7,5,29.5,
HKO,香港天文台總部,1898,7,6,29.8,
HKO,香港天文台總部,1898,7,7,31.1,
HKO,香港天文台總部,1898,7,8,29.2,
HKO,香港天文台總部,1898,7,9,29.1,
HKO,香港天文台總部,1898,7,10,29.9,
HKO,香港天文台總部,1898,7,11,30.2,
HKO,香港天文台總部,1898,7,12,30.9,
HKO,香港天文台總部,1898,7,13,31.2,
HKO,香港天文台總部,1898,7,14,31.2,
HKO,香港天文台總部,1898,7,15,31.0,
HKO,香港天文台總部,1898,7,16,29.9,
HKO,香港天文台總部,1898,7,17,30.0,
HKO,香港天文台總部,1898,7,18,31.5,
HKO,香港天文台總部,1898,7,19,30.7,
HKO,香港天文台總部,1898,7,20,30.7,
HKO,香港天文台總部,1898,7,21,30.0,
HKO,香港天文台總部,1898,7,22,31.1,
HKO,香港天文台總部,1898,7,23,29.9,
HKO,香港天文台總部,1898,7,24,29.9,
HKO,香港天文台總部,1898,7,25,30.3,
HKO,香港天文台總部,1898,7,26,31.4,
HKO,香港天文台總部,1898,7,27,30.6,
HKO,香港天文台總部,1898,7,28,28.3,
HKO,香港天文台總部,1898,7,29,28.2,
HKO,香港天文台總部,1898,7,30,29.1,
HKO,香港天文台總部,1898,7,31,28.7,
HKO,香港天文台總部,1898,8,1,31.7,
HKO,香港天文台總部,1898,8,2,30.2,
HKO,香港天文台總部,1898,8,3,31.2,
HKO,香港天文台總部,1898,8,4,28.6,
HKO,香港天文台總部,1898,8,5,27.9,
HKO,香港天文台總部,1898,8,6,30.3,
HKO,香港天文台總部,1898,8,7,30.4,
HKO,香港天文台總部,1898,8,8,32.1,
HKO,香港天文台總部,1898,8,9,29.8,
HKO,香港天文台總部,1898,8,10,30.9,
HKO,香港天文台總部,1898,8,11,29.7,
HKO,香港天文台總部,1898,8,12,31.0,
HKO,香港天文台總部,1898,8,13,28.7,
HKO,香港天文台總部,1898,8,14,28.9,
HKO,香港天文台總部,1898,8,15,29.6,
HKO,香港天文台總部,1898,8,16,31.6,
HKO,香港天文台總部,1898,8,17,29.6,
HKO,香港天文台總部,1898,8,18,27.8,
HKO,香港天文台總部,1898,8,19,30.2,
HKO,香港天文台總部,1898,8,20,31.3,
HKO,香港天文台總部,1898,8,21,30.6,
HKO,香港天文台總部,1898,8,22,30.5,
HKO,香港天文台總部,1898,8,23,30.8,
HKO,香港天文台總部,1898,8,24,31.9,
HKO,香港天文台總部,1898,8,25,27.1,
HKO,香港天文台總部,1898,8,26,29.9,
HKO,香港天文台總部,1898,8,27,29.0,
HKO,香港天文台總部,1898,8,28,31.8,
HKO,香港天文台總部,1898,8,29,31.6,
HKO,香港天文台總部,1898,8,30,31.6,
HKO,香港天文台總部,1898,8,31,32.4,
HKO,香港天文台總部,1898,9,1,31.3,
HKO,香港天文台總部,1898,9,2,29.2,
HKO,香港天文台總部,1898,9,3,29.9,
HKO,香港天文台總部,1898,9,4,28.4,
HKO,香港天文台總部,1898,9,5,30.7,
HKO,香港天文台總部,1898,9,6,31.6,
HKO,香港天文台總部,1898,9,7,31.4,
HKO,香港天文台總部,1898,9,8,31.2,
HKO,香港天文台總部,1898,9,9,31.3,
HKO,香港天文台總部,1898,9,10,28.6,
HKO,香港天文台總部,1898,9,11,27.5,
HKO,香港天文台總部,1898,9,12,28.1,
HKO,香港天文台總部,1898,9,13,30.0,
HKO,香港天文台總部,1898,9,14,29.8,
HKO,香港天文台總部,1898,9,15,29.1,
HKO,香港天文台總部,1898,9,16,28.8,
HKO,香港天文台總部,1898,9,17,28.6,
HKO,香港天文台總部,1898,9,18,29.3,
HKO,香港天文台總部,1898,9,19,29.8,
HKO,香港天文台總部,1898,9,20,29.5,
HKO,香港天文台總部,1898,9,21,29.1,
HKO,香港天文台總部,1898,9,22,30.0,
HKO,香港天文台總部,1898,9,23,30.1,
HKO,香港天文台總部,1898,9,24,31.2,
HKO,香港天文台總部,1898,9,25,30.9,
HKO,香港天文台總部,1898,9,26,30.0,
HKO,香港天文台總部,1898,9,27,29.3,
HKO,香港天文台總部,1898,9,28,31.4,
HKO,香港天文台總部,1898,9,29,31.6,
HKO,香港天文台總部,1898,9,30,32.2,
HKO,香港天文台總部,1899,6,1,30.3,
HKO,香港天文台總部,1899,6,2,29.8,
HKO,香港天文台總部,1899,6,3,29.7,
HKO,香港天文台總部,1899,6,4,26.0,
HKO,香港天文台總部,1899,6,5,26.6,
HKO,香港天文台總部,1899,6,6,25.9,
HKO,香港天文台總部,1899,6,7,29.1,
HKO,香港天文台總部,1899,6,8,26.2,
HKO,香港天文台總部,1899,6,9,24.8,
HKO,香港天文台總部,1899,6,10,24.8,
HKO,香港天文台總部,1899,6,11,28.1,
HKO,香港天文台總部,1899,6,12,29.4,
HKO,香港天文台總部,1899,6,13,27.5,
HKO,香港天文台總部,1899,6,14,26.8,
HKO,香港天文台總部,1899,6,15,27.0,
HKO,香港天文台總部,1899,6,16,29.1,
HKO,香港天文台總部,1899,6,17,28.9,
HKO,香港天文台總部,1899,6,18,29.2,
HKO,香港天文台總部,1899,6,19,30.9,
HKO,香港天文台總部,1899,6,20,30.8,
HKO,香港天文台總部,1899,6,21,30.7,
HKO,香港天文台總部,1899,6,22,30.4,
HKO,香港天文台總部,1899,6,23,31.1,
HKO,香港天文台總部,1899,6,24,30.9,
HKO,香港天文台總部,1899,6,25,30.7,
HKO,香港天文台總部,1899,6,26,29.6,
HKO,香港天文台總部,1899,6,27,29.3,
HKO,香港天文台總部,1899,6,28,28.8,
HKO,香港天文台總部,1899,6,29,29.7,
HKO,香港天文台總部,1899,6,30,29.3,
HKO,香港天文台總部,1899,7,1,28.1,
HKO,香港天文台總部,1899,7,2,30.1,
HKO,香港天文台總部,1899,7,3,28.7,
HKO,香港天文台總部,1899,7,4,31.7,
HKO,香港天文台總部,1899,7,5,32.3,
HKO,香港天文台總部,1899,7,6,32.9,
HKO,香港天文台總部,1899,7,7,33.0,
HKO,香港天文台總部,1899,7,8,33.0,
HKO,香港天文台總部,1899,7,9,32.3,
HKO,香港天文台總部,1899,7,10,32.7,
HKO,香港天文台總部,1899,7,11,31.3,
HKO,香港天文台總部,1899,7,12,29.0,
HKO,香港天文台總部,1899,7,13,29.8,
HKO,香港天文台總部,1899,7,14,29.9,
HKO,香港天文台總部,1899,7,15,29.0,
HKO,香港天文台總部,1899,7,16,30.3,
HKO,香港天文台總部,1899,7,17,31.2,
HKO,香港天文台總部,1899,7,18,32.6,
HKO,香港天文台總部,1899,7,19,33.1,
HKO,香港天文台總部,1899,7,20,31.6,
HKO,香港天文台總部,1899,7,21,29.9,
HKO,香港天文台總部,1899,7,22,29.2,
HKO,香港天文台總部,1899,7,23,30.8,
HKO,香港天文台總部,1899,7,24,31.2,
HKO,香港天文台總部,1899,7,25,31.2,
HKO,香港天文台總部,1899,7,26,31.0,
HKO,香港天文台總部,1899,7,27,31.1,
HKO,香港天文台總部,1899,7,28,31.3,
HKO,香港天文台總部,1899,7,29,30.9,
HKO,香港天文台總部,1899,7,30,31.3,
HKO,香港天文台總部,1899,7,31,31.9,
HKO,香港天文台總部,1899,8,1,31.7,
HKO,香港天文台總部,1899,8,2,32.2,
HKO,香港天文台總部,1899,8,3,33.1,
HKO,香港天文台總部,1899,8,4,33.8,
HKO,香港天文台總部,1899,8,5,33.3,
HKO,香港天文台總部,1899,8,6,29.3,
HKO,香港天文台總部,1899,8,7,30.0,
HKO,香港天文台總部,1899,8,8,27.3,
HKO,香港天文台總部,1899,8,9,28.7,
HKO,香港天文台總部,1899,8,10,29.2,
HKO,香港天文台總部,1899,8,11,28.7,
HKO,香港天文台總部,1899,8,12,28.3,
HKO,香港天文台總部,1899,8,13,26.2,
HKO,香港天文台總部,1899,8,14,27.4,
HKO,香港天文台總部,1899,8,15,30.4,
HKO,香港天文台總部,1899,8,16,30.4,
HKO,香港天文台總部,1899,8,17,30.4,
HKO,香港天文台總部,1899,8,18,29.6,
HKO,香港天文台總部,1899,8,19,30.1,
HKO,香港天文台總部,1899,8,20,29.9,
HKO,香港天文台總部,1899,8,21,31.4,
HKO,香港天文台總部,1899,8,22,31.1,
HKO,香港天文台總部,1899,8,23,29.5,
HKO,香港天文台總部,1899,8,24,27.7,
HKO,香港天文台總部,1899,8,25,27.4,
HKO,香港天文台總部,1899,8,26,28.9,
HKO,香港天文台總部,1899,8,27,29.2,
HKO,香港天文台總部,1899,8,28,31.1,
HKO,香港天文台總部,1899,8,29,28.2,
HKO,香港天文台總部,1899,8,30,27.1,
HKO,香港天文台總部,1899,8,31,29.6,
HKO,香港天文台總部,1899,9,1,29.3,
HKO,香港天文台總部,1899,9,2,28.8,
HKO,香港天文台總部,1899,9,3,29.4,
HKO,香港天文台總部,1899,9,4,29.7,
HKO,香港天文台總部,1899,9,5,30.0,
HKO,香港天文台總部,1899,9,6,31.6,
HKO,香港天文台總部,1899,9,7,29.6,
HKO,香港天文台總部,1899,9,8,28.0,
HKO,香港天文台總部,1899,9,9,28.3,
HKO,香港天文台總部,1899,9,10,29.7,
HKO,香港天文台總部,1899,9,11,30.4,
HKO,香港天文台總部,1899,9,12,30.6,
HKO,香港天文台總部,1899,9,13,29.3,
HKO,香港天文台總部,1899,9,14,27.3,
HKO,香港天文台總部,1899,9,15,27.7,
HKO,香港天文台總部,1899,9,16,28.3,
HKO,香港天文台總部,1899,9,17,29.8,
HKO,香港天文台總部,1899,9,18,29.7,
HKO,香港天文台總部,1899,9,19,30.8,
HKO,香港天文台總部,1899,9,20,32.1,
HKO,香港天文台總部,1899,9,21,28.2,
HKO,香港天文台總部,1899,9,22,28.9,
HKO,香港天文台總部,1899,9,23,28.3,
HKO,香港天文台總部,1899,9,24,28.5,
HKO,香港天文台總部,1899,9,25,29.7,
HKO,香港天文台總部,1899,9,26,30.4,
HKO,香港天文台總部,1899,9,27,31.6,
HKO,香港天文台總部,1899,9,28,28.3,
HKO,香港天文台總部,1899,9,29,28.2,
HKO,香港天文台總部,1899,9,30,28.7,
HKO,香港天文台總部,1900,6,1,27.4,
HKO,香港天文台總部,1900,6,2,26.6,
HKO,香港天文台總部,1900,6,3,27.8,
HKO,香港天文台總部,1900,6,4,29.2,
HKO,香港天文台總部,1900,6,5,28.7,
HKO,香港天文台總部,1900,6,6,27.3,
HKO,香港天文台總部,1900,6,7,27.5,
HKO,香港天文台總部,1900,6,8,28.5,
HKO,香港天文台總部,1900,6,9,28.6,
HKO,香港天文台總部,1900,6,10,28.6,
HKO,香港天文台總部,1900,6,11,26.2,
HKO,香港天文台總部,1900,6,12,29.0,
HKO,香港天文台總部,1900,6,13,30.3,
HKO,香港天文台總部,1900,6,14,28.9,
HKO,香港天文台總部,1900,6,15,28.3,
HKO,香港天文台總部,1900,6,16,26.0,
HKO,香港天文台總部,1900,6,17,29.4,
HKO,香港天文台總部,1900,6,18,28.4,
HKO,香港天文台總部,1900,6,19,29.2,
HKO,香港天文台總部,1900,6,20,27.4,
HKO,香港天文台總部,1900,6,21,28.6,
HKO,香港天文台總部,1900,6,22,28.7,
HKO,香港天文台總部,1900,6,23,29.2,
HKO,香港天文台總部,1900,6,24,29.2,
HKO,香港天文台總部,1900,6,25,29.6,
HKO,香港天文台總部,1900,6,26,30.3,
HKO,香港天文台總部,1900,6,27,30.2,
HKO,香港天文台總部,1900,6,28,29.1,
HKO,香港天文台總部,1900,6,29,27.9,
HKO,香港天文台總部,1900,6,30,29.1,
HKO,香港天文台總部,1900,7,1,28.3,
HKO,香港天文台總部,1900,7,2,28.2,
HKO,香港天文台總部,1900,7,3,29.0,
HKO,香港天文台總部,1900,7,4,30.1,
HKO,香港天文台總部,1900,7,5,31.0,
HKO,香港天文台總部,1900,7,6,31.6,
HKO,香港天文台總部,1900,7,7,30.7,
HKO,香港天文台總部,1900,7,8,30.7,
HKO,香港天文台總部,1900,7,9,30.6,
HKO,香港天文台總部,1900,7,10,30.6,
HKO,香港天文台總部,1900,7,11,30.7,
HKO,香港天文台總部,1900,7,12,30.3,
HKO,香港天文台總部,1900,7,13,30.6,
HKO,香港天文台總部,1900,7,14,30.7,
HKO,香港天文台總部,1900,7,15,30.9,
HKO,香港天文台總部,1900,7,16,31.5,
HKO,香港天文台總部,1900,7,17,32.0,
HKO,香港天文台總部,1900,7,18,31.1,
HKO,香港天文台總部,1900,7,19,30.1,
HKO,香港天文台總部,1900,7,20,31.2,
HKO,香港天文台總部,1900,7,21,31.3,
HKO,香港天文台總部,1900,7,22,30.4,
HKO,香港天文台總部,1900,7,23,30.6,
HKO,香港天文台總部,1900,7,24,29.9,
HKO,香港天文台總部,1900,7,25,29.0,
HKO,香港天文台總部,1900,7,26,28.7,
HKO,香港天文台總部,1900,7,27,28.8,
HKO,香港天文台總部,1900,7,28,26.2,
HKO,香港天文台總部,1900,7,29,28.7,
HKO,香港天文台總部,1900,7,30,30.0,
HKO,香港天文台總部,1900,7,31,31.6,
HKO,香港天文台總部,1900,8,1,31.0,
HKO,香港天文台總部,1900,8,2,30.6,
HKO,香港天文台總部,1900,8,3,31.2,
HKO,香港天文台總部,1900,8,4,31.5,
HKO,香港天文台總部,1900,8,5,31.1,
HKO,香港天文台總部,1900,8,6,31.8,
HKO,香港天文台總部,1900,8,7,31.3,
HKO,香港天文台總部,1900,8,8,31.1,
HKO,香港天文台總部,1900,8,9,30.6,
HKO,香港天文台總部,1900,8,10,31.3,
HKO,香港天文台總部,1900,8,11,32.0,
HKO,香港天文台總部,1900,8,12,33.1,
HKO,香港天文台總部,1900,8,13,33.1,
HKO,香港天文台總部,1900,8,14,32.1,
HKO,香港天文台總部,1900,8,15,31.8,
HKO,香港天文台總部,1900,8,16,32.0,
HKO,香港天文台總部,1900,8,17,31.9,
HKO,香港天文台總部,1900,8,18,35.3,
HKO,香港天文台總部,1900,8,19,36.1,
HKO,香港天文台總部,1900,8,20,31.1,
HKO,香港天文台總部,1900,8,21,28.4,
HKO,香港天文台總部,1900,8,22,28.7,
HKO,香港天文台總部,1900,8,23,29.8,
HKO,香港天文台總部,1900,8,24,31.2,
HKO,香港天文台總部,1900,8,25,30.9,
HKO,香港天文台總部,1900,8,26,30.1,
HKO,香港天文台總部,1900,8,27,31.8,
HKO,香港天文台總部,1900,8,28,33.6,
HKO,香港天文台總部,1900,8,29,32.6,
HKO,香港天文台總部,1900,8,30,29.9,
HKO,香港天文台總部,1900,8,31,28.8,
HKO,香港天文台總部,1900,9,1,30.2,
HKO,香港天文台總部,1900,9,2,30.8,
HKO,香港天文台總部,1900,9,3,29.7,
HKO,香港天文台總部,1900,9,4,30.2,
HKO,香港天文台總部,1900,9,5,30.7,
HKO,香港天文台總部,1900,9,6,32.1,
HKO,香港天文台總部,1900,9,7,32.7,
HKO,香港天文台總部,1900,9,8,32.7,
HKO,香港天文台總部,1900,9,9,31.9,
HKO,香港天文台總部,1900,9,10,29.0,
HKO,香港天文台總部,1900,9,11,28.2,
HKO,香港天文台總部,1900,9,12,30.0,
HKO,香港天文台總部,1900,9,13,29.4,
HKO,香港天文台總部,1900,9,14,31.2,
HKO,香港天文台總部,1900,9,15,29.8,
HKO,香港天文台總部,1900,9,16,31.4,
HKO,香港天文台總部,1900,9,17,30.5,
HKO,香港天文台總部,1900,9,18,31.3,
HKO,香港天文台總部,1900,9,19,30.2,
HKO,香港天文台總部,1900,9,20,30.9,
HKO,香港天文台總部,1900,9,21,29.1,
HKO,香港天文台總部,1900,9,22,29.4,
HKO,香港天文台總部,1900,9,23,30.1,
HKO,香港天文台總部,1900,9,24,29.1,
HKO,香港天文台總部,1900,9,25,28.4,
HKO,香港天文台總部,1900,9,26,29.7,
HKO,香港天文台總部,1900,9,27,30.5,
HKO,香港天文台總部,1900,9,28,27.6,
HKO,香港天文台總部,1900,9,29,28.3,
HKO,香港天文台總部,1900,9,30,28.0,
HKO,香港天文台總部,1901,6,1,27.3,
HKO,香港天文台總部,1901,6,2,28.7,
HKO,香港天文台總部,1901,6,3,27.3,
HKO,香港天文台總部,1901,6,4,26.4,
HKO,香港天文台總部,1901,6,5,26.1,
HKO,香港天文台總部,1901,6,6,28.9,
HKO,香港天文台總部,1901,6,7,30.7,
HKO,香港天文台總部,1901,6,8,27.5,
HKO,香港天文台總部,1901,6,9,27.4,
HKO,香港天文台總部,1901,6,10,28.6,
HKO,香港天文台總部,1901,6,11,29.6,
HKO,香港天文台總部,1901,6,12,31.0,
HKO,香港天文台總部,1901,6,13,32.6,
HKO,香港天文台總部,1901,6,14,32.2,
HKO,香港天文台總部,1901,6,15,30.5,
HKO,香港天文台總部,1901,6,16,30.1,
HKO,香港天文台總部,1901,6,17,30.1,
HKO,香港天文台總部,1901,6,18,29.9,
HKO,香港天文台總部,1901,6,19,30.9,
HKO,香港天文台總部,1901,6,20,30.8,
HKO,香港天文台總部,1901,6,21,30.8,
HKO,香港天文台總部,1901,6,22,30.8,
HKO,香港天文台總部,1901,6,23,30.9,
HKO,香港天文台總部,1901,6,24,31.6,
HKO,香港天文台總部,1901,6,25,31.6,
HKO,香港天文台總部,1901,6,26,31.3,
HKO,香港天文台總部,1901,6,27,30.8,
HKO,香港天文台總部,1901,6,28,31.6,
HKO,香港天文台總部,1901,6,29,31.1,
HKO,香港天文台總部,1901,6,30,31.8,
HKO,香港天文台總部,1901,7,1,32.1,
HKO,香港天文台總部,1901,7,2,31.0,
HKO,香港天文台總部,1901,7,3,28.6,
HKO,香港天文台總部,1901,7,4,28.4,
HKO,香港天文台總部,1901,7,5,28.7,
HKO,香港天文台總部,1901,7,6,30.1,
HKO,香港天文台總部,1901,7,7,29.9,
HKO,香港天文台總部,1901,7,8,30.6,
HKO,香港天文台總部,1901,7,9,31.6,
HKO,香港天文台總部,1901,7,10,31.5,
HKO,香港天文台總部,1901,7,11,29.9,
HKO,香港天文台總部,1901,7,12,31.2,
HKO,香港天文台總部,1901,7,13,29.8,
HKO,香港天文台總部,1901,7,14,29.9,
HKO,香港天文台總部,1901,7,15,29.8,
HKO,香港天文台總部,1901,7,16,30.5,
HKO,香港天文台總部,1901,7,17,30.9,
HKO,香港天文台總部,1901,7,18,30.4,
HKO,香港天文台總部,1901,7,19,30.4,
HKO,香港天文台總部,1901,7,20,30.9,
HKO,香港天文台總部,1901,7,21,31.9,
HKO,香港天文台總部,1901,7,22,31.6,
HKO,香港天文台總部,1901,7,23,30.9,
HKO,香港天文台總部,1901,7,24,30.9,
HKO,香港天文台總部,1901,7,25,30.6,
HKO,香港天文台總部,1901,7,26,29.8,
HKO,香港天文台總部,1901,7,27,31.2,
HKO,香港天文台總部,1901,7,28,31.1,
HKO,香港天文台總部,1901,7,29,31.4,
HKO,香港天文台總部,1901,7,30,30.8,
HKO,香港天文台總部,1901,7,31,30.9,
HKO,香港天文台總部,1901,8,1,31.7,
HKO,香港天文台總部,1901,8,2,33.1,
HKO,香港天文台總部,1901,8,3,33.7,
HKO,香港天文台總部,1901,8,4,29.7,
HKO,香港天文台總部,1901,8,5,28.1,
HKO,香港天文台總部,1901,8,6,31.1,
HKO,香港天文台總部,1901,8,7,31.3,
HKO,香港天文台總部,1901,8,8,28.3,
HKO,香港天文台總部,1901,8,9,29.3,
HKO,香港天文台總部,1901,8,10,29.4,
HKO,香港天文台總部,1901,8,11,28.7,
HKO,香港天文台總部,1901,8,12,27.9,
HKO,香港天文台總部,1901,8,13,28.1,
HKO,香港天文台總部,1901,8,14,27.8,
HKO,香港天文台總部,1901,8,15,28.9,
HKO,香港天文台總部,1901,8,16,28.1,
HKO,香港天文台總部,1901,8,17,28.8,
HKO,香港天文台總部,1901,8,18,27.6,
HKO,香港天文台總部,1901,8,19,28.3,
HKO,香港天文台總部,1901,8,20,29.1,
HKO,香港天文台總部,1901,8,21,29.5,
HKO,香港天文台總部,1901,8,22,29.0,
HKO,香港天文台總部,1901,8,23,30.9,
HKO,香港天文台總部,1901,8,24,31.7,
HKO,香港天文台總部,1901,8,25,32.3,
HKO,香港天文台總部,1901,8,26,31.1,
HKO,香港天文台總部,1901,8,27,30.9,
HKO,香港天文台總部,1901,8,28,31.8,
HKO,香港天文台總部,1901,8,29,28.1,
HKO,香港天文台總部,1901,8,30,29.9,
HKO,香港天文台總部,1901,8,31,31.2,
HKO,香港天文台總部,1901,9,1,28.7,
HKO,香港天文台總部,1901,9,2,26.9,
HKO,香港天文台總部,1901,9,3,29.4,
HKO,香港天文台總部,1901,9,4,30.3,
HKO,香港天文台總部,1901,9,5,30.3,
HKO,香港天文台總部,1901,9,6,29.8,
HKO,香港天文台總部,1901,9,7,31.7,
HKO,香港天文台總部,1901,9,8,31.6,
HKO,香港天文台總部,1901,9,9,31.7,
HKO,香港天文台總部,1901,9,10,29.1,
HKO,香港天文台總部,1901,9,11,28.4,
HKO,香港天文台總部,1901,9,12,29.3,
HKO,香港天文台總部,1901,9,13,29.7,
HKO,香港天文台總部,1901,9,14,30.6,
HKO,香港天文台總部,1901,9,15,29.9,
HKO,香港天文台總部,1901,9,16,28.9,
HKO,香港天文台總部,1901,9,17,30.6,
HKO,香港天文台總部,1901,9,18,31.8,
HKO,香港天文台總部,1901,9,19,32.7,
HKO,香港天文台總部,1901,9,20,32.0,
HKO,香港天文台總部,1901,9,21,31.1,
HKO,香港天文台總部,1901,9,22,28.4,
HKO,香港天文台總部,1901,9,23,28.9,
HKO,香港天文台總部,1901,9,24,30.1,
HKO,香港天文台總部,1901,9,25,31.3,
HKO,香港天文台總部,1901,9,26,29.1,
HKO,香港天文台總部,1901,9,27,30.1,
HKO,香港天文台總部,1901,9,28,29.4,
HKO,香港天文台總部,1901,9,29,29.5,
HKO,香港天文台總部,1901,9,30,28.4,
HKO,香港天文台總部,1902,6,1,25.5,
HKO,香港天文台總部,1902,6,2,25.5,
HKO,香港天文台總部,1902,6,3,28.2,
HKO,香港天文台總部,1902,6,4,29.6,
HKO,香港天文台總部,1902,6,5,31.7,
HKO,香港天文台總部,1902,6,6,31.8,
HKO,香港天文台總部,1902,6,7,27.6,
HKO,香港天文台總部,1902,6,8,26.1,
HKO,香港天文台總部,1902,6,9,26.6,
HKO,香港天文台總部,1902,6,10,28.3,
HKO,香港天文台總部,1902,6,11,26.4,
HKO,香港天文台總部,1902,6,12,26.5,
HKO,香港天文台總部,1902,6,13,29.2,
HKO,香港天文台總部,1902,6,14,29.3,
HKO,香港天文台總部,1902,6,15,28.7,
HKO,香港天文台總部,1902,6,16,30.6,
HKO,香港天文台總部,1902,6,17,31.2,
HKO,香港天文台總部,1902,6,18,31.2,
HKO,香港天文台總部,1902,6,19,31.6,
HKO,香港天文台總部,1902,6,20,31.3,
HKO,香港天文台總部,1902,6,21,30.2,
HKO,香港天文台總部,1902,6,22,31.4,
HKO,香港天文台總部,1902,6,23,31.1,
HKO,香港天文台總部,1902,6,24,30.2,
HKO,香港天文台總部,1902,6,25,31.1,
HKO,香港天文台總部,1902,6,26,31.4,
HKO,香港天文台總部,1902,6,27,28.8,
HKO,香港天文台總部,1902,6,28,27.3,
HKO,香港天文台總部,1902,6,29,25.0,
HKO,香港天文台總部,1902,6,30,26.7,
HKO,香港天文台總部,1902,7,1,27.1,
HKO,香港天文台總部,1902,7,2,28.9,
HKO,香港天文台總部,1902,7,3,29.2,
HKO,香港天文台總部,1902,7,4,31.2,
HKO,香港天文台總部,1902,7,5,30.8,
HKO,香港天文台總部,1902,7,6,30.6,
HKO,香港天文台總部,1902,7,7,30.4,
HKO,香港天文台總部,1902,7,8,31.0,
HKO,香港天文台總部,1902,7,9,31.3,
HKO,香港天文台總部,1902,7,10,30.5,
HKO,香港天文台總部,1902,7,11,29.1,
HKO,香港天文台總部,1902,7,12,29.2,
HKO,香港天文台總部,1902,7,13,29.2,
HKO,香港天文台總部,1902,7,14,30.4,
HKO,香港天文台總部,1902,7,15,30.3,
HKO,香港天文台總部,1902,7,16,30.5,
HKO,香港天文台總部,1902,7,17,30.2,
HKO,香港天文台總部,1902,7,18,27.3,
HKO,香港天文台總部,1902,7,19,29.8,
HKO,香港天文台總部,1902,7,20,30.4,
HKO,香港天文台總部,1902,7,21,29.9,
HKO,香港天文台總部,1902,7,22,30.1,
HKO,香港天文台總部,1902,7,23,30.2,
HKO,香港天文台總部,1902,7,24,31.2,
HKO,香港天文台總部,1902,7,25,31.2,
HKO,香港天文台總部,1902,7,26,32.4,
HKO,香港天文台總部,1902,7,27,33.4,
HKO,香港天文台總部,1902,7,28,29.6,
HKO,香港天文台總部,1902,7,29,28.2,
HKO,香港天文台總部,1902,7,30,29.3,
HKO,香港天文台總部,1902,7,31,29.3,
HKO,香港天文台總部,1902,8,1,31.4,
HKO,香港天文台總部,1902,8,2,30.5,
HKO,香港天文台總部,1902,8,3,27.9,
HKO,香港天文台總部,1902,8,4,30.0,
HKO,香港天文台總部,1902,8,5,30.1,
HKO,香港天文台總部,1902,8,6,30.4,
HKO,香港天文台總部,1902,8,7,32.0,
HKO,香港天文台總部,1902,8,8,30.4,
HKO,香港天文台總部,1902,8,9,30.8,
HKO,香港天文台總部,1902,8,10,27.9,
HKO,香港天文台總部,1902,8,11,29.3,
HKO,香港天文台總部,1902,8,12,27.4,
HKO,香港天文台總部,1902,8,13,28.7,
HKO,香港天文台總部,1902,8,14,30.4,
HKO,香港天文台總部,1902,8,15,29.8,
HKO,香港天文台總部,1902,8,16,31.2,
HKO,香港天文台總部,1902,8,17,31.2,
HKO,香港天文台總部,1902,8,18,31.2,
HKO,香港天文台總部,1902,8,19,31.6,
HKO,香港天文台總部,1902,8,20,29.8,
HKO,香港天文台總部,1902,8,21,29.9,
HKO,香港天文台總部,1902,8,22,32.3,
HKO,香港天文台總部,1902,8,23,31.7,
HKO,香港天文台總部,1902,8,24,30.6,
HKO,香港天文台總部,1902,8,25,29.4,
HKO,香港天文台總部,1902,8,26,29.5,
HKO,香港天文台總部,1902,8,27,31.8,
HKO,香港天文台總部,1902,8,28,30.8,
HKO,香港天文台總部,1902,8,29,32.1,
HKO,香港天文台總部,1902,8,30,32.6,
HKO,香港天文台總部,1902,8,31,32.0,
HKO,香港天文台總部,1902,9,1,30.3,
HKO,香港天文台總部,1902,9,2,31.6,
HKO,香港天文台總部,1902,9,3,31.5,
HKO,香港天文台總部,1902,9,4,32.6,
HKO,香港天文台總部,1902,9,5,32.3,
HKO,香港天文台總部,1902,9,6,29.9,
HKO,香港天文台總部,1902,9,7,31.6,
HKO,香港天文台總部,1902,9,8,30.9,
HKO,香港天文台總部,1902,9,9,29.6,
HKO,香港天文台總部,1902,9,10,30.1,
HKO,香港天文台總部,1902,9,11,29.5,
HKO,香港天文台總部,1902,9,12,32.3,
HKO,香港天文台總部,1902,9,13,31.4,
HKO,香港天文台總部,1902,9,14,30.5,
HKO,香港天文台總部,1902,9,15,30.0,
HKO,香港天文台總部,1902,9,16,30.2,
HKO,香港天文台總部,1902,9,17,30.3,
HKO,香港天文台總部,1902,9,18,31.4,
HKO,香港天文台總部,1902,9,19,32.7,
HKO,香港天文台總部,1902,9,20,30.1,
HKO,香港天文台總部,1902,9,21,31.4,
HKO,香港天文台總部,1902,9,22,32.9,
HKO,香港天文台總部,1902,9,23,32.7,
HKO,香港天文台總部,1902,9,24,31.9,
HKO,香港天文台總部,1902,9,25,27.7,
HKO,香港天文台總部,1902,9,26,28.3,
HKO,香港天文台總部,1902,9,27,28.8,
HKO,香港天文台總部,1902,9,28,29.8,
HKO,香港天文台總部,1902,9,29,30.1,
HKO,香港天文台總部,1902,9,30,29.2,
HKO,香港天文台總部,1903,6,1,30.5,
HKO,香港天文台總部,1903,6,2,32.3,
HKO,香港天文台總部,1903,6,3,31.0,
HKO,香港天文台總部,1903,6,4,29.3,
HKO,香港天文台總部,1903,6,5,28.4,
HKO,香港天文台總部,1903,6,6,31.6,
HKO,香港天文台總部,1903,6,7,31.7,
HKO,香港天文台總部,1903,6,8,31.7,
HKO,香港天文台總部,1903,6,9,31.4,
HKO,香港天文台總部,1903,6,10,31.3,
HKO,香港天文台總部,1903,6,11,31.4,
HKO,香港天文台總部,1903,6,12,32.5,
HKO,香港天文台總部,1903,6,13,32.1,
HKO,香港天文台總部,1903,6,14,31.5,
HKO,香港天文台總部,1903,6,15,29.6,
HKO,香港天文台總部,1903,6,16,30.1,
HKO,香港天文台總部,1903,6,17,29.3,
HKO,香港天文台總部,1903,6,18,30.1,
HKO,香港天文台總部,1903,6,19,27.2,
HKO,香港天文台總部,1903,6,20,28.1,
HKO,香港天文台總部,1903,6,21,31.2,
HKO,香港天文台總部,1903,6,22,30.8,
HKO,香港天文台總部,1903,6,23,31.1,
HKO,香港天文台總部,1903,6,24,30.9,
HKO,香港天文台總部,1903,6,25,28.8,
HKO,香港天文台總部,1903,6,26,27.3,
HKO,香港天文台總部,1903,6,27,28.4,
HKO,香港天文台總部,1903,6,28,28.4,
HKO,香港天文台總部,1903,6,29,29.5,
HKO,香港天文台總部,1903,6,30,29.8,
HKO,香港天文台總部,1903,7,1,30.3,
HKO,香港天文台總部,1903,7,2,29.2,
HKO,香港天文台總部,1903,7,3,30.8,
HKO,香港天文台總部,1903,7,4,30.9,
HKO,香港天文台總部,1903,7,5,31.6,
HKO,香港天文台總部,1903,7,6,31.2,
HKO,香港天文台總部,1903,7,7,31.2,
HKO,香港天文台總部,1903,7,8,32.1,
HKO,香港天文台總部,1903,7,9,28.4,
HKO,香港天文台總部,1903,7,10,28.1,
HKO,香港天文台總部,1903,7,11,28.4,
HKO,香港天文台總部,1903,7,12,28.7,
HKO,香港天文台總部,1903,7,13,29.4,
HKO,香港天文台總部,1903,7,14,29.1,
HKO,香港天文台總部,1903,7,15,30.4,
HKO,香港天文台總部,1903,7,16,30.8,
HKO,香港天文台總部,1903,7,17,29.8,
HKO,香港天文台總部,1903,7,18,26.9,
HKO,香港天文台總部,1903,7,19,28.9,
HKO,香港天文台總部,1903,7,20,30.3,
HKO,香港天文台總部,1903,7,21,29.2,
HKO,香港天文台總部,1903,7,22,30.0,
HKO,香港天文台總部,1903,7,23,29.6,
HKO,香港天文台總部,1903,7,24,30.9,
HKO,香港天文台總部,1903,7,25,31.2,
HKO,香港天文台總部,1903,7,26,30.1,
HKO,香港天文台總部,1903,7,27,30.3,
HKO,香港天文台總部,1903,7,28,30.2,
HKO,香港天文台總部,1903,7,29,30.3,
HKO,香港天文台總部,1903,7,30,32.2,
HKO,香港天文台總部,1903,7,31,33.6,
HKO,香港天文台總部,1903,8,1,32.9,
HKO,香港天文台總部,1903,8,2,32.1,
HKO,香港天文台總部,1903,8,3,30.8,
HKO,香港天文台總部,1903,8,4,31.7,
HKO,香港天文台總部,1903,8,5,30.7,
HKO,香港天文台總部,1903,8,6,32.1,
HKO,香港天文台總部,1903,8,7,30.3,
HKO,香港天文台總部,1903,8,8,28.7,
HKO,香港天文台總部,1903,8,9,28.1,
HKO,香港天文台總部,1903,8,10,30.2,
HKO,香港天文台總部,1903,8,11,30.9,
HKO,香港天文台總部,1903,8,12,30.9,
HKO,香港天文台總部,1903,8,13,30.8,
HKO,香港天文台總部,1903,8,14,31.1,
HKO,香港天文台總部,1903,8,15,29.1,
HKO,香港天文台總部,1903,8,16,28.1,
HKO,香港天文台總部,1903,8,17,26.6,
HKO,香港天文台總部,1903,8,18,25.9,
HKO,香港天文台總部,1903,8,19,29.7,
HKO,香港天文台總部,1903,8,20,29.6,
HKO,香港天文台總部,1903,8,21,30.8,
HKO,香港天文台總部,1903,8,22,29.3,
HKO,香港天文台總部,1903,8,23,31.2,
HKO,香港天文台總部,1903,8,24,31.0,
HKO,香港天文台總部,1903,8,25,29.4,
HKO,香港天文台總部,1903,8,26,27.8,
HKO,香港天文台總部,1903,8,27,27.7,
HKO,香港天文台總部,1903,8,28,26.1,
HKO,香港天文台總部,1903,8,29,30.3,
HKO,香港天文台總部,1903,8,30,31.5,
HKO,香港天文台總部,1903,8,31,31.5,
HKO,香港天文台總部,1903,9,1,28.7,
HKO,香港天文台總部,1903,9,2,26.7,
HKO,香港天文台總部,1903,9,3,28.6,
HKO,香港天文台總部,1903,9,4,27.4,
HKO,香港天文台總部,1903,9,5,28.4,
HKO,香港天文台總部,1903,9,6,27.3,
HKO,香港天文台總部,1903,9,7,28.3,
HKO,香港天文台總部,1903,9,8,27.5,
HKO,香港天文台總部,1903,9,9,25.5,
HKO,香港天文台總部,1903,9,10,27.4,
HKO,香港天文台總部,1903,9,11,25.9,
HKO,香港天文台總部,1903,9,12,24.9,
HKO,香港天文台總部,1903,9,13,27.7,
HKO,香港天文台總部,1903,9,14,29.7,
HKO,香港天文台總部,1903,9,15,29.3,
HKO,香港天文台總部,1903,9,16,29.6,
HKO,香港天文台總部,1903,9,17,30.7,
HKO,香港天文台總部,1903,9,18,29.6,
HKO,香港天文台總部,1903,9,19,30.9,
HKO,香港天文台總部,1903,9,20,29.4,
HKO,香港天文台總部,1903,9,21,27.9,
HKO,香港天文台總部,1903,9,22,28.5,
HKO,香港天文台總部,1903,9,23,29.1,
HKO,香港天文台總部,1903,9,24,27.9,
HKO,香港天文台總部,1903,9,25,27.6,
HKO,香港天文台總部,1903,9,26,27.9,
HKO,香港天文台總部,1903,9,27,28.0,
HKO,香港天文台總部,1903,9,28,29.1,
HKO,香港天文台總部,1903,9,29,29.6,
HKO,香港天文台總部,1903,9,30,29.6,
HKO,香港天文台總部,1904,6,1,27.2,
HKO,香港天文台總部,1904,6,2,28.6,
HKO,香港天文台總部,1904,6,3,29.6,
HKO,香港天文台總部,1904,6,4,30.6,
HKO,香港天文台總部,1904,6,5,29.7,
HKO,香港天文台總部,1904,6,6,31.3,
HKO,香港天文台總部,1904,6,7,28.7,
HKO,香港天文台總部,1904,6,8,26.1,
HKO,香港天文台總部,1904,6,9,28.1,
HKO,香港天文台總部,1904,6,10,29.8,
HKO,香港天文台總部,1904,6,11,28.1,
HKO,香港天文台總部,1904,6,12,28.1,
HKO,香港天文台總部,1904,6,13,28.7,
HKO,香港天文台總部,1904,6,14,29.7,
HKO,香港天文台總部,1904,6,15,28.1,
HKO,香港天文台總部,1904,6,16,30.9,
HKO,香港天文台總部,1904,6,17,31.4,
HKO,香港天文台總部,1904,6,18,31.7,
HKO,香港天文台總部,1904,6,19,31.9,
HKO,香港天文台總部,1904,6,20,29.3,
HKO,香港天文台總部,1904,6,21,29.4,
HKO,香港天文台總部,1904,6,22,29.8,
HKO,香港天文台總部,1904,6,23,31.0,
HKO,香港天文台總部,1904,6,24,31.0,
HKO,香港天文台總部,1904,6,25,30.2,
HKO,香港天文台總部,1904,6,26,32.8,
HKO,香港天文台總部,1904,6,27,30.5,
HKO,香港天文台總部,1904,6,28,27.6,
HKO,香港天文台總部,1904,6,29,26.6,
HKO,香港天文台總部,1904,6,30,26.3,
HKO,香港天文台總部,1904,7,1,27.2,
HKO,香港天文台總部,1904,7,2,26.1,
HKO,香港天文台總部,1904,7,3,29.6,
HKO,香港天文台總部,1904,7,4,29.9,
HKO,香港天文台總部,1904,7,5,30.4,
HKO,香港天文台總部,1904,7,6,30.9,
HKO,香港天文台總部,1904,7,7,31.6,
HKO,香港天文台總部,1904,7,8,31.2,
HKO,香港天文台總部,1904,7,9,30.9,
HKO,香港天文台總部,1904,7,10,30.6,
HKO,香港天文台總部,1904,7,11,30.1,
HKO,香港天文台總部,1904,7,12,28.9,
HKO,香港天文台總部,1904,7,13,30.3,
HKO,香港天文台總部,1904,7,14,31.1,
HKO,香港天文台總部,1904,7,15,30.9,
HKO,香港天文台總部,1904,7,16,29.9,
HKO,香港天文台總部,1904,7,17,26.4,
HKO,香港天文台總部,1904,7,18,28.5,
HKO,香港天文台總部,1904,7,19,28.4,
HKO,香港天文台總部,1904,7,20,29.8,
HKO,香港天文台總部,1904,7,21,29.6,
HKO,香港天文台總部,1904,7,22,28.9,
HKO,香港天文台總部,1904,7,23,30.2,
HKO,香港天文台總部,1904,7,24,30.9,
HKO,香港天文台總部,1904,7,25,31.2,
HKO,香港天文台總部,1904,7,26,31.3,
HKO,香港天文台總部,1904,7,27,30.9,
HKO,香港天文台總部,1904,7,28,31.2,
HKO,香港天文台總部,1904,7,29,32.2,
HKO,香港天文台總部,1904,7,30,30.0,
HKO,香港天文台總部,1904,7,31,28.7,
HKO,香港天文台總部,1904,8,1,29.6,
HKO,香港天文台總部,1904,8,2,28.7,
HKO,香港天文台總部,1904,8,3,30.5,
HKO,香港天文台總部,1904,8,4,30.6,
HKO,香港天文台總部,1904,8,5,30.4,
HKO,香港天文台總部,1904,8,6,30.7,
HKO,香港天文台總部,1904,8,7,30.3,
HKO,香港天文台總部,1904,8,8,30.3,
HKO,香港天文台總部,1904,8,9,29.8,
HKO,香港天文台總部,1904,8,10,28.8,
HKO,香港天文台總部,1904,8,11,28.4,
HKO,香港天文台總部,1904,8,12,30.2,
HKO,香港天文台總部,1904,8,13,30.1,
HKO,香港天文台總部,1904,8,14,31.1,
HKO,香港天文台總部,1904,8,15,31.8,
HKO,香港天文台總部,1904,8,16,32.1,
HKO,香港天文台總部,1904,8,17,32.2,
HKO,香港天文台總部,1904,8,18,32.2,
HKO,香港天文台總部,1904,8,19,31.2,
HKO,香港天文台總部,1904,8,20,31.2,
HKO,香港天文台總部,1904,8,21,30.3,
HKO,香港天文台總部,1904,8,22,30.4,
HKO,香港天文台總部,1904,8,23,29.0,
HKO,香港天文台總部,1904,8,24,27.1,
HKO,香港天文台總部,1904,8,25,26.0,
HKO,香港天文台總部,1904,8,26,25.3,
HKO,香港天文台總部,1904,8,27,26.3,
HKO,香港天文台總部,1904,8,28,31.3,
HKO,香港天文台總部,1904,8,29,31.5,
HKO,香港天文台總部,1904,8,30,30.4,
HKO,香港天文台總部,1904,8,31,31.4,
HKO,香港天文台總部,1904,9,1,31.6,
HKO,香港天文台總部,1904,9,2,29.8,
HKO,香港天文台總部,1904,9,3,31.2,
HKO,香港天文台總部,1904,9,4,31.2,
HKO,香港天文台總部,1904,9,5,31.2,
HKO,香港天文台總部,1904,9,6,30.8,
HKO,香港天文台總部,1904,9,7,30.2,
HKO,香港天文台總部,1904,9,8,30.9,
HKO,香港天文台總部,1904,9,9,31.0,
HKO,香港天文台總部,1904,9,10,30.4,
HKO,香港天文台總部,1904,9,11,29.2,
HKO,香港天文台總部,1904,9,12,28.7,
HKO,香港天文台總部,1904,9,13,29.8,
HKO,香港天文台總部,1904,9,14,28.8,
HKO,香港天文台總部,1904,9,15,29.8,
HKO,香港天文台總部,1904,9,16,28.2,
HKO,香港天文台總部,1904,9,17,28.8,
HKO,香港天文台總部,1904,9,18,29.7,
HKO,香港天文台總部,1904,9,19,29.3,
HKO,香港天文台總部,1904,9,20,28.8,
HKO,香港天文台總部,1904,9,21,28.5,
HKO,香港天文台總部,1904,9,22,28.5,
HKO,香港天文台總部,1904,9,23,27.6,
HKO,香港天文台總部,1904,9,24,28.8,
HKO,香港天文台總部,1904,9,25,29.4,
HKO,香港天文台總部,1904,9,26,28.2,
HKO,香港天文台總部,1904,9,27,28.2,
HKO,香港天文台總部,1904,9,28,30.3,
HKO,香港天文台總部,1904,9,29,26.8,
HKO,香港天文台總部,1904,9,30,27.2,
HKO,香港天文台總部,1905,6,1,27.2,
HKO,香港天文台總部,1905,6,2,28.9,
HKO,香港天文台總部,1905,6,3,29.6,
HKO,香港天文台總部,1905,6,4,30.0,
HKO,香港天文台總部,1905,6,5,29.7,
HKO,香港天文台總部,1905,6,6,29.1,
HKO,香港天文台總部,1905,6,7,28.4,
HKO,香港天文台總部,1905,6,8,29.7,
HKO,香港天文台總部,1905,6,9,29.2,
HKO,香港天文台總部,1905,6,10,31.3,
HKO,香港天文台總部,1905,6,11,31.2,
HKO,香港天文台總部,1905,6,12,30.6,
HKO,香港天文台總部,1905,6,13,31.2,
HKO,香港天文台總部,1905,6,14,30.0,
HKO,香港天文台總部,1905,6,15,31.0,
HKO,香港天文台總部,1905,6,16,30.1,
HKO,香港天文台總部,1905,6,17,27.7,
HKO,香港天文台總部,1905,6,18,30.9,
HKO,香港天文台總部,1905,6,19,31.2,
HKO,香港天文台總部,1905,6,20,28.1,
HKO,香港天文台總部,1905,6,21,27.6,
HKO,香港天文台總部,1905,6,22,26.7,
HKO,香港天文台總部,1905,6,23,26.0,
HKO,香港天文台總部,1905,6,24,27.1,
HKO,香港天文台總部,1905,6,25,27.8,
HKO,香港天文台總部,1905,6,26,29.2,
HKO,香港天文台總部,1905,6,27,30.6,
HKO,香港天文台總部,1905,6,28,31.1,
HKO,香港天文台總部,1905,6,29,31.2,
HKO,香港天文台總部,1905,6,30,31.4,
HKO,香港天文台總部,1905,7,1,31.9,
HKO,香港天文台總部,1905,7,2,31.1,
HKO,香港天文台總部,1905,7,3,31.1,
HKO,香港天文台總部,1905,7,4,32.1,
HKO,香港天文台總部,1905,7,5,31.7,
HKO,香港天文台總部,1905,7,6,30.0,
HKO,香港天文台總部,1905,7,7,29.3,
HKO,香港天文台總部,1905,7,8,28.3,
HKO,香港天文台總部,1905,7,9,31.0,
HKO,香港天文台總部,1905,7,10,31.2,
HKO,香港天文台總部,1905,7,11,31.4,
HKO,香港天文台總部,1905,7,12,31.1,
HKO,香港天文台總部,1905,7,13,30.3,
HKO,香港天文台總部,1905,7,14,30.9,
HKO,香港天文台總部,1905,7,15,31.3,
HKO,香港天文台總部,1905,7,16,30.8,
HKO,香港天文台總部,1905,7,17,31.9,
HKO,香港天文台總部,1905,7,18,32.9,
HKO,香港天文台總部,1905,7,19,32.3,
HKO,香港天文台總部,1905,7,20,32.6,
HKO,香港天文台總部,1905,7,21,30.1,
HKO,香港天文台總部,1905,7,22,30.9,
HKO,香港天文台總部,1905,7,23,30.6,
HKO,香港天文台總部,1905,7,24,31.6,
HKO,香港天文台總部,1905,7,25,31.9,
HKO,香港天文台總部,1905,7,26,32.9,
HKO,香港天文台總部,1905,7,27,29.8,
HKO,香港天文台總部,1905,7,28,28.4,
HKO,香港天文台總部,1905,7,29,30.4,
HKO,香港天文台總部,1905,7,30,30.3,
HKO,香港天文台總部,1905,7,31,31.1,
HKO,香港天文台總部,1905,8,1,29.0,
HKO,香港天文台總部,1905,8,2,27.6,
HKO,香港天文台總部,1905,8,3,27.6,
HKO,香港天文台總部,1905,8,4,30.1,
HKO,香港天文台總部,1905,8,5,31.0,
HKO,香港天文台總部,1905,8,6,31.2,
HKO,香港天文台總部,1905,8,7,31.3,
HKO,香港天文台總部,1905,8,8,31.9,
HKO,香港天文台總部,1905,8,9,31.6,
HKO,香港天文台總部,1905,8,10,30.5,
HKO,香港天文台總部,1905,8,11,31.0,
HKO,香港天文台總部,1905,8,12,29.4,
HKO,香港天文台總部,1905,8,13,30.0,
HKO,香港天文台總部,1905,8,14,32.5,
HKO,香港天文台總部,1905,8,15,31.4,
HKO,香港天文台總部,1905,8,16,29.8,
HKO,香港天文台總部,1905,8,17,29.3,
HKO,香港天文台總部,1905,8,18,29.0,
HKO,香港天文台總部,1905,8,19,29.9,
HKO,香港天文台總部,1905,8,20,30.3,
HKO,香港天文台總部,1905,8,21,30.5,
HKO,香港天文台總部,1905,8,22,30.6,
HKO,香港天文台總部,1905,8,23,31.0,
HKO,香港天文台總部,1905,8,24,31.2,
HKO,香港天文台總部,1905,8,25,31.7,
HKO,香港天文台總部,1905,8,26,31.7,
HKO,香港天文台總部,1905,8,27,31.8,
HKO,香港天文台總部,1905,8,28,31.2,
HKO,香港天文台總部,1905,8,29,32.2,
HKO,香港天文台總部,1905,8,30,30.0,
HKO,香港天文台總部,1905,8,31,26.5,
HKO,香港天文台總部,1905,9,1,29.9,
HKO,香港天文台總部,1905,9,2,32.0,
HKO,香港天文台總部,1905,9,3,29.7,
HKO,香港天文台總部,1905,9,4,29.2,
HKO,香港天文台總部,1905,9,5,29.6,
HKO,香港天文台總部,1905,9,6,29.8,
HKO,香港天文台總部,1905,9,7,29.3,
HKO,香港天文台總部,1905,9,8,30.8,
HKO,香港天文台總部,1905,9,9,29.3,
HKO,香港天文台總部,1905,9,10,29.7,
HKO,香港天文台總部,1905,9,11,30.8,
HKO,香港天文台總部,1905,9,12,31.1,
HKO,香港天文台總部,1905,9,13,30.9,
HKO,香港天文台總部,1905,9,14,31.4,
HKO,香港天文台總部,1905,9,15,31.7,
HKO,香港天文台總部,1905,9,16,29.2,
HKO,香港天文台總部,1905,9,17,28.7,
HKO,香港天文台總部,1905,9,18,30.1,
HKO,香港天文台總部,1905,9,19,26.7,
HKO,香港天文台總部,1905,9,20,25.3,
HKO,香港天文台總部,1905,9,21,26.6,
HKO,香港天文台總部,1905,9,22,27.1,
HKO,香港天文台總部,1905,9,23,27.9,
HKO,香港天文台總部,1905,9,24,27.4,
HKO,香港天文台總部,1905,9,25,28.4,
HKO,香港天文台總部,1905,9,26,30.4,
HKO,香港天文台總部,1905,9,27,31.3,
HKO,香港天文台總部,1905,9,28,27.0,
HKO,香港天文台總部,1905,9,29,28.6,
HKO,香港天文台總部,1905,9,30,27.8,
HKO,香港天文台總部,1906,6,1,27.5,
HKO,香港天文台總部,1906,6,2,29.8,
HKO,香港天文台總部,1906,6,3,30.6,
HKO,香港天文台總部,1906,6,4,30.9,
HKO,香港天文台總部,1906,6,5,29.2,
HKO,香港天文台總部,1906,6,6,30.7,
HKO,香港天文台總部,1906,6,7,30.6,
HKO,香港天文台總部,1906,6,8,31.3,
HKO,香港天文台總部,1906,6,9,31.4,
HKO,香港天文台總部,1906,6,10,31.3,
HKO,香港天文台總部,1906,6,11,31.9,
HKO,香港天文台總部,1906,6,12,31.3,
HKO,香港天文台總部,1906,6,13,31.1,
HKO,香港天文台總部,1906,6,14,30.7,
HKO,香港天文台總部,1906,6,15,31.3,
HKO,香港天文台總部,1906,6,16,32.0,
HKO,香港天文台總部,1906,6,17,32.0,
HKO,香港天文台總部,1906,6,18,32.4,
HKO,香港天文台總部,1906,6,19,32.3,
HKO,香港天文台總部,1906,6,20,32.6,
HKO,香港天文台總部,1906,6,21,28.1,
HKO,香港天文台總部,1906,6,22,30.5,
HKO,香港天文台總部,1906,6,23,29.4,
HKO,香港天文台總部,1906,6,24,29.7,
HKO,香港天文台總部,1906,6,25,30.3,
HKO,香港天文台總部,1906,6,26,29.6,
HKO,香港天文台總部,1906,6,27,30.3,
HKO,香港天文台總部,1906,6,28,30.6,
HKO,香港天文台總部,1906,6,29,31.2,
HKO,香港天文台總部,1906,6,30,29.8,
HKO,香港天文台總部,1906,7,1,30.2,
HKO,香港天文台總部,1906,7,2,30.7,
HKO,香港天文台總部,1906,7,3,31.1,
HKO,香港天文台總部,1906,7,4,32.1,
HKO,香港天文台總部,1906,7,5,30.1,
HKO,香港天文台總部,1906,7,6,29.4,
HKO,香港天文台總部,1906,7,7,30.9,
HKO,香港天文台總部,1906,7,8,30.4,
HKO,香港天文台總部,1906,7,9,31.1,
HKO,香港天文台總部,1906,7,10,30.7,
HKO,香港天文台總部,1906,7,11,31.2,
HKO,香港天文台總部,1906,7,12,30.8,
HKO,香港天文台總部,1906,7,13,31.1,
HKO,香港天文台總部,1906,7,14,31.7,
HKO,香港天文台總部,1906,7,15,32.4,
HKO,香港天文台總部,1906,7,16,32.8,
HKO,香港天文台總部,1906,7,17,31.8,
HKO,香港天文台總部,1906,7,18,31.5,
HKO,香港天文台總部,1906,7,19,30.2,
HKO,香港天文台總部,1906,7,20,28.2,
HKO,香港天文台總部,1906,7,21,32.9,
HKO,香港天文台總部,1906,7,22,32.3,
HKO,香港天文台總部,1906,7,23,30.9,
HKO,香港天文台總部,1906,7,24,30.2,
HKO,香港天文台總部,1906,7,25,30.8,
HKO,香港天文台總部,1906,7,26,29.2,
HKO,香港天文台總部,1906,7,27,30.1,
HKO,香港天文台總部,1906,7,28,30.1,
HKO,香港天文台總部,1906,7,29,30.8,
HKO,香港天文台總部,1906,7,30,31.7,
HKO,香港天文台總部,1906,7,31,31.6,
HKO,香港天文台總部,1906,8,1,31.1,
HKO,香港天文台總部,1906,8,2,30.9,
HKO,香港天文台總部,1906,8,3,31.1,
HKO,香港天文台總部,1906,8,4,30.3,
HKO,香港天文台總部,1906,8,5,30.9,
HKO,香港天文台總部,1906,8,6,30.7,
HKO,香港天文台總部,1906,8,7,30.8,
HKO,香港天文台總部,1906,8,8,31.4,
HKO,香港天文台總部,1906,8,9,31.7,
HKO,香港天文台總部,1906,8,10,31.6,
HKO,香港天文台總部,1906,8,11,31.5,
HKO,香港天文台總部,1906,8,12,31.6,
HKO,香港天文台總部,1906,8,13,31.9,
HKO,香港天文台總部,1906,8,14,32.7,
HKO,香港天文台總部,1906,8,15,31.9,
HKO,香港天文台總部,1906,8,16,33.1,
HKO,香港天文台總部,1906,8,17,33.1,
HKO,香港天文台總部,1906,8,18,33.6,
HKO,香港天文台總部,1906,8,19,30.7,
HKO,香港天文台總部,1906,8,20,32.1,
HKO,香港天文台總部,1906,8,21,31.9,
HKO,香港天文台總部,1906,8,22,32.8,
HKO,香港天文台總部,1906,8,23,33.1,
HKO,香港天文台總部,1906,8,24,31.5,
HKO,香港天文台總部,1906,8,25,31.4,
HKO,香港天文台總部,1906,8,26,31.2,
HKO,香港天文台總部,1906,8,27,33.1,
HKO,香港天文台總部,1906,8,28,34.3,
HKO,香港天文台總部,1906,8,29,30.4,
HKO,香港天文台總部,1906,8,30,26.5,
HKO,香港天文台總部,1906,8,31,29.8,
HKO,香港天文台總部,1906,9,1,28.5,
HKO,香港天文台總部,1906,9,2,30.6,
HKO,香港天文台總部,1906,9,3,30.6,
HKO,香港天文台總部,1906,9,4,28.1,
HKO,香港天文台總部,1906,9,5,28.8,
HKO,香港天文台總部,1906,9,6,30.3,
HKO,香港天文台總部,1906,9,7,30.1,
HKO,香港天文台總部,1906,9,8,32.2,
HKO,香港天文台總部,1906,9,9,30.1,
HKO,香港天文台總部,1906,9,10,30.3,
HKO,香港天文台總部,1906,9,11,30.8,
HKO,香港天文台總部,1906,9,12,28.9,
HKO,香港天文台總部,1906,9,13,28.1,
HKO,香港天文台總部,1906,9,14,29.9,
HKO,香港天文台總部,1906,9,15,26.4,
HKO,香港天文台總部,1906,9,16,30.6,
HKO,香港天文台總部,1906,9,17,30.2,
HKO,香港天文台總部,1906,9,18,27.9,
HKO,香港天文台總部,1906,9,19,31.8,
HKO,香港天文台總部,1906,9,20,27.8,
HKO,香港天文台總部,1906,9,21,28.7,
HKO,香港天文台總部,1906,9,22,30.1,
HKO,香港天文台總部,1906,9,23,30.0,
HKO,香港天文台總部,1906,9,24,27.3,
HKO,香港天文台總部,1906,9,25,29.9,
HKO,香港天文台總部,1906,9,26,31.7,
HKO,香港天文台總部,1906,9,27,28.6,
HKO,香港天文台總部,1906,9,28,32.4,
HKO,香港天文台總部,1906,9,29,27.9,
HKO,香港天文台總部,1906,9,30,29.4,
HKO,香港天文台總部,1907,6,1,26.0,
HKO,香港天文台總部,1907,6,2,28.7,
HKO,香港天文台總部,1907,6,3,29.4,
HKO,香港天文台總部,1907,6,4,28.9,
HKO,香港天文台總部,1907,6,5,28.7,
HKO,香港天文台總部,1907,6,6,27.1,
HKO,香港天文台總部,1907,6,7,26.9,
HKO,香港天文台總部,1907,6,8,26.4,
HKO,香港天文台總部,1907,6,9,25.8,
HKO,香港天文台總部,1907,6,10,28.0,
HKO,香港天文台總部,1907,6,11,29.0,
HKO,香港天文台總部,1907,6,12,28.8,
HKO,香港天文台總部,1907,6,13,29.8,
HKO,香港天文台總部,1907,6,14,30.8,
HKO,香港天文台總部,1907,6,15,31.4,
HKO,香港天文台總部,1907,6,16,30.8,
HKO,香港天文台總部,1907,6,17,31.4,
HKO,香港天文台總部,1907,6,18,31.6,
HKO,香港天文台總部,1907,6,19,31.9,
HKO,香港天文台總部,1907,6,20,30.6,
HKO,香港天文台總部,1907,6,21,30.1,
HKO,香港天文台總部,1907,6,22,27.2,
HKO,香港天文台總部,1907,6,23,27.5,
HKO,香港天文台總部,1907,6,24,28.4,
HKO,香港天文台總部,1907,6,25,28.7,
HKO,香港天文台總部,1907,6,26,29.4,
HKO,香港天文台總部,1907,6,27,29.8,
HKO,香港天文台總部,1907,6,28,30.3,
HKO,香港天文台總部,1907,6,29,29.7,
HKO,香港天文台總部,1907,6,30,29.4,
HKO,香港天文台總部,1907,7,1,29.6,
HKO,香港天文台總部,1907,7,2,29.4,
HKO,香港天文台總部,1907,7,3,29.7,
HKO,香港天文台總部,1907,7,4,29.9,
HKO,香港天文台總部,1907,7,5,30.7,
HKO,香港天文台總部,1907,7,6,30.5,
HKO,香港天文台總部,1907,7,7,31.2,
HKO,香港天文台總部,1907,7,8,31.7,
HKO,香港天文台總部,1907,7,9,30.8,
HKO,香港天文台總部,1907,7,10,31.6,
HKO,香港天文台總部,1907,7,11,31.7,
HKO,香港天文台總部,1907,7,12,31.4,
HKO,香港天文台總部,1907,7,13,31.3,
HKO,香港天文台總部,1907,7,14,32.0,
HKO,香港天文台總部,1907,7,15,32.2,
HKO,香港天文台總部,1907,7,16,32.3,
HKO,香港天文台總部,1907,7,17,29.6,
HKO,香港天文台總部,1907,7,18,30.8,
HKO,香港天文台總部,1907,7,19,29.6,
HKO,香港天文台總部,1907,7,20,29.6,
HKO,香港天文台總部,1907,7,21,29.7,
HKO,香港天文台總部,1907,7,22,29.6,
HKO,香港天文台總部,1907,7,23,30.6,
HKO,香港天文台總部,1907,7,24,27.6,
HKO,香港天文台總部,1907,7,25,30.7,
HKO,香港天文台總部,1907,7,26,30.8,
HKO,香港天文台總部,1907,7,27,31.3,
HKO,香港天文台總部,1907,7,28,30.8,
HKO,香港天文台總部,1907,7,29,30.4,
HKO,香港天文台總部,1907,7,30,31.6,
HKO,香港天文台總部,1907,7,31,30.5,
HKO,香港天文台總部,1907,8,1,31.5,
HKO,香港天文台總部,1907,8,2,27.2,
HKO,香港天文台總部,1907,8,3,26.8,
HKO,香港天文台總部,1907,8,4,28.5,
HKO,香港天文台總部,1907,8,5,30.3,
HKO,香港天文台總部,1907,8,6,29.4,
HKO,香港天文台總部,1907,8,7,30.7,
HKO,香港天文台總部,1907,8,8,30.0,
HKO,香港天文台總部,1907,8,9,28.4,
HKO,香港天文台總部,1907,8,10,28.1,
HKO,香港天文台總部,1907,8,11,25.9,
HKO,香港天文台總部,1907,8,12,28.7,
HKO,香港天文台總部,1907,8,13,29.9,
HKO,香港天文台總部,1907,8,14,29.9,
HKO,香港天文台總部,1907,8,15,29.9,
HKO,香港天文台總部,1907,8,16,29.4,
HKO,香港天文台總部,1907,8,17,30.9,
HKO,香港天文台總部,1907,8,18,31.2,
HKO,香港天文台總部,1907,8,19,31.7,
HKO,香港天文台總部,1907,8,20,31.6,
HKO,香港天文台總部,1907,8,21,32.1,
HKO,香港天文台總部,1907,8,22,31.1,
HKO,香港天文台總部,1907,8,23,32.8,
HKO,香港天文台總部,1907,8,24,32.3,
HKO,香港天文台總部,1907,8,25,31.8,
HKO,香港天文台總部,1907,8,26,31.8,
HKO,香港天文台總部,1907,8,27,31.9,
HKO,香港天文台總部,1907,8,28,32.0,
HKO,香港天文台總部,1907,8,29,33.1,
HKO,香港天文台總部,1907,8,30,31.4,
HKO,香港天文台總部,1907,8,31,31.4,
HKO,香港天文台總部,1907,9,1,28.7,
HKO,香港天文台總部,1907,9,2,28.8,
HKO,香港天文台總部,1907,9,3,30.8,
HKO,香港天文台總部,1907,9,4,30.8,
HKO,香港天文台總部,1907,9,5,31.3,
HKO,香港天文台總部,1907,9,6,30.8,
HKO,香港天文台總部,1907,9,7,30.9,
HKO,香港天文台總部,1907,9,8,31.4,
HKO,香港天文台總部,1907,9,9,29.9,
HKO,香港天文台總部,1907,9,10,30.4,
HKO,香港天文台總部,1907,9,11,29.7,
HKO,香港天文台總部,1907,9,12,31.4,
HKO,香港天文台總部,1907,9,13,28.6,
HKO,香港天文台總部,1907,9,14,26.2,
HKO,香港天文台總部,1907,9,15,27.7,
HKO,香港天文台總部,1907,9,16,28.4,
HKO,香港天文台總部,1907,9,17,29.6,
HKO,香港天文台總部,1907,9,18,30.0,
HKO,香港天文台總部,1907,9,19,29.1,
HKO,香港天文台總部,1907,9,20,29.6,
HKO,香港天文台總部,1907,9,21,30.9,
HKO,香港天文台總部,1907,9,22,29.5,
HKO,香港天文台總部,1907,9,23,28.6,
HKO,香港天文台總部,1907,9,24,29.0,
HKO,香港天文台總部,1907,9,25,30.1,
HKO,香港天文台總部,1907,9,26,28.7,
HKO,香港天文台總部,1907,9,27,29.3,
HKO,香港天文台總部,1907,9,28,29.8,
HKO,香港天文台總部,1907,9,29,28.0,
HKO,香港天文台總部,1907,9,30,27.9,
HKO,香港天文台總部,1908,6,1,26.3,
HKO,香港天文台總部,1908,6,2,26.4,
HKO,香港天文台總部,1908,6,3,26.7,
HKO,香港天文台總部,1908,6,4,29.1,
HKO,香港天文台總部,1908,6,5,30.1,
HKO,香港天文台總部,1908,6,6,26.6,
HKO,香港天文台總部,1908,6,7,24.8,
HKO,香港天文台總部,1908,6,8,25.7,
HKO,香港天文台總部,1908,6,9,28.6,
HKO,香港天文台總部,1908,6,10,30.1,
HKO,香港天文台總部,1908,6,11,29.9,
HKO,香港天文台總部,1908,6,12,28.1,
HKO,香港天文台總部,1908,6,13,27.2,
HKO,香港天文台總部,1908,6,14,28.3,
HKO,香港天文台總部,1908,6,15,29.0,
HKO,香港天文台總部,1908,6,16,28.0,
HKO,香港天文台總部,1908,6,17,28.8,
HKO,香港天文台總部,1908,6,18,27.6,
HKO,香港天文台總部,1908,6,19,29.0,
HKO,香港天文台總部,1908,6,20,29.1,
HKO,香港天文台總部,1908,6,21,29.3,
HKO,香港天文台總部,1908,6,22,29.5,
HKO,香港天文台總部,1908,6,23,31.1,
HKO,香港天文台總部,1908,6,24,29.9,
HKO,香港天文台總部,1908,6,25,30.7,
HKO,香港天文台總部,1908,6,26,31.1,
HKO,香港天文台總部,1908,6,27,29.9,
HKO,香港天文台總部,1908,6,28,29.7,
HKO,香港天文台總部,1908,6,29,30.0,
HKO,香港天文台總部,1908,6,30,30.1,
HKO,香港天文台總部,1908,7,1,30.5,
HKO,香港天文台總部,1908,7,2,30.9,
HKO,香港天文台總部,1908,7,3,30.3,
HKO,香港天文台總部,1908,7,4,31.2,
HKO,香港天文台總部,1908,7,5,31.7,
HKO,香港天文台總部,1908,7,6,30.7,
HKO,香港天文台總部,1908,7,7,30.8,
HKO,香港天文台總部,1908,7,8,31.6,
HKO,香港天文台總部,1908,7,9,31.3,
HKO,香港天文台總部,1908,7,10,32.0,
HKO,香港天文台總部,1908,7,11,31.8,
HKO,香港天文台總部,1908,7,12,31.7,
HKO,香港天文台總部,1908,7,13,31.6,
HKO,香港天文台總部,1908,7,14,32.2,
HKO,香港天文台總部,1908,7,15,33.0,
HKO,香港天文台總部,1908,7,16,33.7,
HKO,香港天文台總部,1908,7,17,32.4,
HKO,香港天文台總部,1908,7,18,28.4,
HKO,香港天文台總部,1908,7,19,28.6,
HKO,香港天文台總部,1908,7,20,30.7,
HKO,香港天文台總部,1908,7,21,29.5,
HKO,香港天文台總部,1908,7,22,27.6,
HKO,香港天文台總部,1908,7,23,25.5,
HKO,香港天文台總部,1908,7,24,28.3,
HKO,香港天文台總部,1908,7,25,29.6,
HKO,香港天文台總部,1908,7,26,30.6,
HKO,香港天文台總部,1908,7,27,31.1,
HKO,香港天文台總部,1908,7,28,29.7,
HKO,香港天文台總部,1908,7,29,29.2,
HKO,香港天文台總部,1908,7,30,30.6,
HKO,香港天文台總部,1908,7,31,30.4,
HKO,香港天文台總部,1908,8,1,29.8,
HKO,香港天文台總部,1908,8,2,27.5,
HKO,香港天文台總部,1908,8,3,30.6,
HKO,香港天文台總部,1908,8,4,32.1,
HKO,香港天文台總部,1908,8,5,31.9,
HKO,香港天文台總部,1908,8,6,32.6,
HKO,香港天文台總部,1908,8,7,33.5,
HKO,香港天文台總部,1908,8,8,32.3,
HKO,香港天文台總部,1908,8,9,32.2,
HKO,香港天文台總部,1908,8,10,31.8,
HKO,香港天文台總部,1908,8,11,32.4,
HKO,香港天文台總部,1908,8,12,29.7,
HKO,香港天文台總部,1908,8,13,30.4,
HKO,香港天文台總部,1908,8,14,31.7,
HKO,香港天文台總部,1908,8,15,32.0,
HKO,香港天文台總部,1908,8,16,32.6,
HKO,香港天文台總部,1908,8,17,31.8,
HKO,香港天文台總部,1908,8,18,31.9,
HKO,香港天文台總部,1908,8,19,29.3,
HKO,香港天文台總部,1908,8,20,27.6,
HKO,香港天文台總部,1908,8,21,26.6,
HKO,香港天文台總部,1908,8,22,30.2,
HKO,香港天文台總部,1908,8,23,30.9,
HKO,香港天文台總部,1908,8,24,32.3,
HKO,香港天文台總部,1908,8,25,32.7,
HKO,香港天文台總部,1908,8,26,29.1,
HKO,香港天文台總部,1908,8,27,29.8,
HKO,香港天文台總部,1908,8,28,29.6,
HKO,香港天文台總部,1908,8,29,28.7,
HKO,香港天文台總部,1908,8,30,30.1,
HKO,香港天文台總部,1908,8,31,29.1,
HKO,香港天文台總部,1908,9,1,29.4,
HKO,香港天文台總部,1908,9,2,30.6,
HKO,香港天文台總部,1908,9,3,31.1,
HKO,香港天文台總部,1908,9,4,32.0,
HKO,香港天文台總部,1908,9,5,31.2,
HKO,香港天文台總部,1908,9,6,31.4,
HKO,香港天文台總部,1908,9,7,27.4,
HKO,香港天文台總部,1908,9,8,30.3,
HKO,香港天文台總部,1908,9,9,31.9,
HKO,香港天文台總部,1908,9,10,30.9,
HKO,香港天文台總部,1908,9,11,30.6,
HKO,香港天文台總部,1908,9,12,31.6,
HKO,香港天文台總部,1908,9,13,31.1,
HKO,香港天文台總部,1908,9,14,29.6,
HKO,香港天文台總部,1908,9,15,28.1,
HKO,香港天文台總部,1908,9,16,30.8,
HKO,香港天文台總部,1908,9,17,32.4,
HKO,香港天文台總部,1908,9,18,30.5,
HKO,香港天文台總部,1908,9,19,32.1,
HKO,香港天文台總部,1908,9,20,30.1,
HKO,香港天文台總部,1908,9,21,27.5,
HKO,香港天文台總部,1908,9,22,28.0,
HKO,香港天文台總部,1908,9,23,30.0,
HKO,香港天文台總部,1908,9,24,31.3,
HKO,香港天文台總部,1908,9,25,31.1,
HKO,香港天文台總部,1908,9,26,27.0,
HKO,香港天文台總部,1908,9,27,27.6,
HKO,香港天文台總部,1908,9,28,26.8,
HKO,香港天文台總部,1908,9,29,26.7,
HKO,香港天文台總部,1908,9,30,26.0,
HKO,香港天文台總部,1909,6,1,25.7,
HKO,香港天文台總部,1909,6,2,26.5,
HKO,香港天文台總部,1909,6,3,29.1,
HKO,香港天文台總部,1909,6,4,29.9,
HKO,香港天文台總部,1909,6,5,29.5,
HKO,香港天文台總部,1909,6,6,28.3,
HKO,香港天文台總部,1909,6,7,31.2,
HKO,香港天文台總部,1909,6,8,31.3,
HKO,香港天文台總部,1909,6,9,30.8,
HKO,香港天文台總部,1909,6,10,31.4,
HKO,香港天文台總部,1909,6,11,31.6,
HKO,香港天文台總部,1909,6,12,31.4,
HKO,香港天文台總部,1909,6,13,32.1,
HKO,香港天文台總部,1909,6,14,31.7,
HKO,香港天文台總部,1909,6,15,31.7,
HKO,香港天文台總部,1909,6,16,31.1,
HKO,香港天文台總部,1909,6,17,31.0,
HKO,香港天文台總部,1909,6,18,32.1,
HKO,香港天文台總部,1909,6,19,32.2,
HKO,香港天文台總部,1909,6,20,32.2,
HKO,香港天文台總部,1909,6,21,30.7,
HKO,香港天文台總部,1909,6,22,29.8,
HKO,香港天文台總部,1909,6,23,29.1,
HKO,香港天文台總部,1909,6,24,29.4,
HKO,香港天文台總部,1909,6,25,28.0,
HKO,香港天文台總部,1909,6,26,29.9,
HKO,香港天文台總部,1909,6,27,31.3,
HKO,香港天文台總部,1909,6,28,30.8,
HKO,香港天文台總部,1909,6,29,30.1,
HKO,香港天文台總部,1909,6,30,30.6,
HKO,香港天文台總部,1909,7,1,30.5,
HKO,香港天文台總部,1909,7,2,30.7,
HKO,香港天文台總部,1909,7,3,31.4,
HKO,香港天文台總部,1909,7,4,31.6,
HKO,香港天文台總部,1909,7,5,31.4,
HKO,香港天文台總部,1909,7,6,31.2,
HKO,香港天文台總部,1909,7,7,31.1,
HKO,香港天文台總部,1909,7,8,31.9,
HKO,香港天文台總部,1909,7,9,30.2,
HKO,香港天文台總部,1909,7,10,29.1,
HKO,香港天文台總部,1909,7,11,29.6,
HKO,香港天文台總部,1909,7,12,29.4,
HKO,香港天文台總部,1909,7,13,30.8,
HKO,香港天文台總部,1909,7,14,29.4,
HKO,香港天文台總部,1909,7,15,27.3,
HKO,香港天文台總部,1909,7,16,29.7,
HKO,香港天文台總部,1909,7,17,29.6,
HKO,香港天文台總部,1909,7,18,31.3,
HKO,香港天文台總部,1909,7,19,28.2,
HKO,香港天文台總部,1909,7,20,27.6,
HKO,香港天文台總部,1909,7,21,29.7,
HKO,香港天文台總部,1909,7,22,31.8,
HKO,香港天文台總部,1909,7,23,28.9,
HKO,香港天文台總部,1909,7,24,28.3,
HKO,香港天文台總部,1909,7,25,30.2,
HKO,香港天文台總部,1909,7,26,31.3,
HKO,香港天文台總部,1909,7,27,32.3,
HKO,香港天文台總部,1909,7,28,31.7,
HKO,香港天文台總部,1909,7,29,32.5,
HKO,香港天文台總部,1909,7,30,32.7,
HKO,香港天文台總部,1909,7,31,32.6,
HKO,香港天文台總部,1909,8,1,32.1,
HKO,香港天文台總部,1909,8,2,32.5,
HKO,香港天文台總部,1909,8,3,29.3,
HKO,香港天文台總部,1909,8,4,32.3,
HKO,香港天文台總部,1909,8,5,28.8,
HKO,香港天文台總部,1909,8,6,28.4,
HKO,香港天文台總部,1909,8,7,28.8,
HKO,香港天文台總部,1909,8,8,30.0,
HKO,香港天文台總部,1909,8,9,29.4,
HKO,香港天文台總部,1909,8,10,30.4,
HKO,香港天文台總部,1909,8,11,29.9,
HKO,香港天文台總部,1909,8,12,29.1,
HKO,香港天文台總部,1909,8,13,29.8,
HKO,香港天文台總部,1909,8,14,30.8,
HKO,香港天文台總部,1909,8,15,30.5,
HKO,香港天文台總部,1909,8,16,31.2,
HKO,香港天文台總部,1909,8,17,31.2,
HKO,香港天文台總部,1909,8,18,32.4,
HKO,香港天文台總部,1909,8,19,31.9,
HKO,香港天文台總部,1909,8,20,31.1,
HKO,香港天文台總部,1909,8,21,31.5,
HKO,香港天文台總部,1909,8,22,30.3,
HKO,香港天文台總部,1909,8,23,30.7,
HKO,香港天文台總部,1909,8,24,31.6,
HKO,香港天文台總部,1909,8,25,31.1,
HKO,香港天文台總部,1909,8,26,31.4,
HKO,香港天文台總部,1909,8,27,32.1,
HKO,香港天文台總部,1909,8,28,31.1,
HKO,香港天文台總部,1909,8,29,31.8,
HKO,香港天文台總部,1909,8,30,32.2,
HKO,香港天文台總部,1909,8,31,32.3,
HKO,香港天文台總部,1909,9,1,31.7,
HKO,香港天文台總部,1909,9,2,31.5,
HKO,香港天文台總部,1909,9,3,31.4,
HKO,香港天文台總部,1909,9,4,31.9,
HKO,香港天文台總部,1909,9,5,30.9,
HKO,香港天文台總部,1909,9,6,31.3,
HKO,香港天文台總部,1909,9,7,32.1,
HKO,香港天文台總部,1909,9,8,32.6,
HKO,香港天文台總部,1909,9,9,31.2,
HKO,香港天文台總部,1909,9,10,29.6,
HKO,香港天文台總部,1909,9,11,30.7,
HKO,香港天文台總部,1909,9,12,29.6,
HKO,香港天文台總部,1909,9,13,31.8,
HKO,香港天文台總部,1909,9,14,30.3,
HKO,香港天文台總部,1909,9,15,31.8,
HKO,香港天文台總部,1909,9,16,28.3,
HKO,香港天文台總部,1909,9,17,28.2,
HKO,香港天文台總部,1909,9,18,30.7,
HKO,香港天文台總部,1909,9,19,31.1,
HKO,香港天文台總部,1909,9,20,30.0,
HKO,香港天文台總部,1909,9,21,29.9,
HKO,香港天文台總部,1909,9,22,28.7,
HKO,香港天文台總部,1909,9,23,30.9,
HKO,香港天文台總部,1909,9,24,31.2,
HKO,香港天文台總部,1909,9,25,29.2,
HKO,香港天文台總部,1909,9,26,30.4,
HKO,香港天文台總部,1909,9,27,29.8,
HKO,香港天文台總部,1909,9,28,31.1,
HKO,香港天文台總部,1909,9,29,28.7,
HKO,香港天文台總部,1909,9,30,30.3,
HKO,香港天文台總部,1910,6,1,29.7,
HKO,香港天文台總部,1910,6,2,27.0,
HKO,香港天文台總部,1910,6,3,26.7,
HKO,香港天文台總部,1910,6,4,27.2,
HKO,香港天文台總部,1910,6,5,29.0,
HKO,香港天文台總部,1910,6,6,29.8,
HKO,香港天文台總部,1910,6,7,30.4,
HKO,香港天文台總部,1910,6,8,30.5,
HKO,香港天文台總部,1910,6,9,30.6,
HKO,香港天文台總部,1910,6,10,30.3,
HKO,香港天文台總部,1910,6,11,30.7,
HKO,香港天文台總部,1910,6,12,31.7,
HKO,香港天文台總部,1910,6,13,31.7,
HKO,香港天文台總部,1910,6,14,31.2,
HKO,香港天文台總部,1910,6,15,31.9,
HKO,香港天文台總部,1910,6,16,31.8,
HKO,香港天文台總部,1910,6,17,31.6,
HKO,香港天文台總部,1910,6,18,32.0,
HKO,香港天文台總部,1910,6,19,31.2,
HKO,香港天文台總部,1910,6,20,31.6,
HKO,香港天文台總部,1910,6,21,31.1,
HKO,香港天文台總部,1910,6,22,31.6,
HKO,香港天文台總部,1910,6,23,31.5,
HKO,香港天文台總部,1910,6,24,30.9,
HKO,香港天文台總部,1910,6,25,31.3,
HKO,香港天文台總部,1910,6,26,31.8,
HKO,香港天文台總部,1910,6,27,32.7,
HKO,香港天文台總部,1910,6,28,32.6,
HKO,香港天文台總部,1910,6,29,27.7,
HKO,香港天文台總部,1910,6,30,27.8,
HKO,香港天文台總部,1910,7,1,27.6,
HKO,香港天文台總部,1910,7,2,27.9,
HKO,香港天文台總部,1910,7,3,28.4,
HKO,香港天文台總部,1910,7,4,29.8,
HKO,香港天文台總部,1910,7,5,30.3,
HKO,香港天文台總部,1910,7,6,28.1,
HKO,香港天文台總部,1910,7,7,29.9,
HKO,香港天文台總部,1910,7,8,30.3,
HKO,香港天文台總部,1910,7,9,30.4,
HKO,香港天文台總部,1910,7,10,29.9,
HKO,香港天文台總部,1910,7,11,30.1,
HKO,香港天文台總部,1910,7,12,30.7,
HKO,香港天文台總部,1910,7,13,30.9,
HKO,香港天文台總部,1910,7,14,31.8,
HKO,香港天文台總部,1910,7,15,32.0,
HKO,香港天文台總部,1910,7,16,32.4,
HKO,香港天文台總部,1910,7,17,32.6,
HKO,香港天文台總部,1910,7,18,28.4,
HKO,香港天文台總部,1910,7,19,30.6,
HKO,香港天文台總部,1910,7,20,29.3,
HKO,香港天文台總部,1910,7,21,30.4,
HKO,香港天文台總部,1910,7,22,29.9,
HKO,香港天文台總部,1910,7,23,30.7,
HKO,香港天文台總部,1910,7,24,31.6,
HKO,香港天文台總部,1910,7,25,31.3,
HKO,香港天文台總部,1910,7,26,31.7,
HKO,香港天文台總部,1910,7,27,32.2,
HKO,香港天文台總部,1910,7,28,31.6,
HKO,香港天文台總部,1910,7,29,31.7,
HKO,香港天文台總部,1910,7,30,31.9,
HKO,香港天文台總部,1910,7,31,32.3,
HKO,香港天文台總部,1910,8,1,31.8,
HKO,香港天文台總部,1910,8,2,28.7,
HKO,香港天文台總部,1910,8,3,26.5,
HKO,香港天文台總部,1910,8,4,25.8,
HKO,香港天文台總部,1910,8,5,28.0,
HKO,香港天文台總部,1910,8,6,28.5,
HKO,香港天文台總部,1910,8,7,29.8,
HKO,香港天文台總部,1910,8,8,31.4,
HKO,香港天文台總部,1910,8,9,31.8,
HKO,香港天文台總部,1910,8,10,31.1,
HKO,香港天文台總部,1910,8,11,29.9,
HKO,香港天文台總部,1910,8,12,28.8,
HKO,香港天文台總部,1910,8,13,30.0,
HKO,香港天文台總部,1910,8,14,29.7,
HKO,香港天文台總部,1910,8,15,29.7,
HKO,香港天文台總部,1910,8,16,31.3,
HKO,香港天文台總部,1910,8,17,31.9,
HKO,香港天文台總部,1910,8,18,31.8,
HKO,香港天文台總部,1910,8,19,31.9,
HKO,香港天文台總部,1910,8,20,31.4,
HKO,香港天文台總部,1910,8,21,31.2,
HKO,香港天文台總部,1910,8,22,31.5,
HKO,香港天文台總部,1910,8,23,30.9,
HKO,香港天文台總部,1910,8,24,29.8,
HKO,香港天文台總部,1910,8,25,32.1,
HKO,香港天文台總部,1910,8,26,31.8,
HKO,香港天文台總部,1910,8,27,32.1,
HKO,香港天文台總部,1910,8,28,32.2,
HKO,香港天文台總部,1910,8,29,32.9,
HKO,香港天文台總部,1910,8,30,31.1,
HKO,香港天文台總部,1910,8,31,27.7,
HKO,香港天文台總部,1910,9,1,29.7,
HKO,香港天文台總部,1910,9,2,31.0,
HKO,香港天文台總部,1910,9,3,27.7,
HKO,香港天文台總部,1910,9,4,27.2,
HKO,香港天文台總部,1910,9,5,32.3,
HKO,香港天文台總部,1910,9,6,30.5,
HKO,香港天文台總部,1910,9,7,27.7,
HKO,香港天文台總部,1910,9,8,28.3,
HKO,香港天文台總部,1910,9,9,25.8,
HKO,香港天文台總部,1910,9,10,26.8,
HKO,香港天文台總部,1910,9,11,28.6,
HKO,香港天文台總部,1910,9,12,29.0,
HKO,香港天文台總部,1910,9,13,28.1,
HKO,香港天文台總部,1910,9,14,30.1,
HKO,香港天文台總部,1910,9,15,30.2,
HKO,香港天文台總部,1910,9,16,31.4,
HKO,香港天文台總部,1910,9,17,30.3,
HKO,香港天文台總部,1910,9,18,27.5,
HKO,香港天文台總部,1910,9,19,29.3,
HKO,香港天文台總部,1910,9,20,29.2,
HKO,香港天文台總部,1910,9,21,30.1,
HKO,香港天文台總部,1910,9,22,29.3,
HKO,香港天文台總部,1910,9,23,30.1,
HKO,香港天文台總部,1910,9,24,29.3,
HKO,香港天文台總部,1910,9,25,29.2,
HKO,香港天文台總部,1910,9,26,28.1,
HKO,香港天文台總部,1910,9,27,28.3,
HKO,香港天文台總部,1910,9,28,28.7,
HKO,香港天文台總部,1910,9,29,28.0,
HKO,香港天文台總部,1910,9,30,26.0,
HKO,香港天文台總部,1911,6,1,27.4,
HKO,香港天文台總部,1911,6,2,30.0,
HKO,香港天文台總部,1911,6,3,29.9,
HKO,香港天文台總部,1911,6,4,30.6,
HKO,香港天文台總部,1911,6,5,29.6,
HKO,香港天文台總部,1911,6,6,29.7,
HKO,香港天文台總部,1911,6,7,30.0,
HKO,香港天文台總部,1911,6,8,31.0,
HKO,香港天文台總部,1911,6,9,29.9,
HKO,香港天文台總部,1911,6,10,30.9,
HKO,香港天文台總部,1911,6,11,31.3,
HKO,香港天文台總部,1911,6,12,30.1,
HKO,香港天文台總部,1911,6,13,31.9,
HKO,香港天文台總部,1911,6,14,31.4,
HKO,香港天文台總部,1911,6,15,31.9,
HKO,香港天文台總部,1911,6,16,31.9,
HKO,香港天文台總部,1911,6,17,32.1,
HKO,香港天文台總部,1911,6,18,32.9,
HKO,香港天文台總部,1911,6,19,32.4,
HKO,香港天文台總部,1911,6,20,29.9,
HKO,香港天文台總部,1911,6,21,29.2,
HKO,香港天文台總部,1911,6,22,30.7,
HKO,香港天文台總部,1911,6,23,30.9,
HKO,香港天文台總部,1911,6,24,31.1,
HKO,香港天文台總部,1911,6,25,30.8,
HKO,香港天文台總部,1911,6,26,30.8,
HKO,香港天文台總部,1911,6,27,31.0,
HKO,香港天文台總部,1911,6,28,30.1,
HKO,香港天文台總部,1911,6,29,30.4,
HKO,香港天文台總部,1911,6,30,30.6,
HKO,香港天文台總部,1911,7,1,30.7,
HKO,香港天文台總部,1911,7,2,29.2,
HKO,香港天文台總部,1911,7,3,29.7,
HKO,香港天文台總部,1911,7,4,26.7,
HKO,香港天文台總部,1911,7,5,29.4,
HKO,香港天文台總部,1911,7,6,29.4,
HKO,香港天文台總部,1911,7,7,29.0,
HKO,香港天文台總部,1911,7,8,30.3,
HKO,香港天文台總部,1911,7,9,30.7,
HKO,香港天文台總部,1911,7,10,31.3,
HKO,香港天文台總部,1911,7,11,31.1,
HKO,香港天文台總部,1911,7,12,30.8,
HKO,香港天文台總部,1911,7,13,31.1,
HKO,香港天文台總部,1911,7,14,30.5,
HKO,香港天文台總部,1911,7,15,31.3,
HKO,香港天文台總部,1911,7,16,32.9,
HKO,香港天文台總部,1911,7,17,32.2,
HKO,香港天文台總部,1911,7,18,31.6,
HKO,香港天文台總部,1911,7,19,28.7,
HKO,香港天文台總部,1911,7,20,28.6,
HKO,香港天文台總部,1911,7,21,28.8,
HKO,香港天文台總部,1911,7,22,29.5,
HKO,香港天文台總部,1911,7,23,29.4,
HKO,香港天文台總部,1911,7,24,31.4,
HKO,香港天文台總部,1911,7,25,32.0,
HKO,香港天文台總部,1911,7,26,32.4,
HKO,香港天文台總部,1911,7,27,28.4,
HKO,香港天文台總部,1911,7,28,30.2,
HKO,香港天文台總部,1911,7,29,31.2,
HKO,香港天文台總部,1911,7,30,31.6,
HKO,香港天文台總部,1911,7,31,31.7,
HKO,香港天文台總部,1911,8,1,32.9,
HKO,香港天文台總部,1911,8,2,31.8,
HKO,香港天文台總部,1911,8,3,28.8,
HKO,香港天文台總部,1911,8,4,27.1,
HKO,香港天文台總部,1911,8,5,27.0,
HKO,香港天文台總部,1911,8,6,27.1,
HKO,香港天文台總部,1911,8,7,29.4,
HKO,香港天文台總部,1911,8,8,30.5,
HKO,香港天文台總部,1911,8,9,31.4,
HKO,香港天文台總部,1911,8,10,30.4,
HKO,香港天文台總部,1911,8,11,30.7,
HKO,香港天文台總部,1911,8,12,31.3,
HKO,香港天文台總部,1911,8,13,30.7,
HKO,香港天文台總部,1911,8,14,29.4,
HKO,香港天文台總部,1911,8,15,29.8,
HKO,香港天文台總部,1911,8,16,28.2,
HKO,香港天文台總部,1911,8,17,27.6,
HKO,香港天文台總部,1911,8,18,27.2,
HKO,香港天文台總部,1911,8,19,27.1,
HKO,香港天文台總部,1911,8,20,28.2,
HKO,香港天文台總部,1911,8,21,31.1,
HKO,香港天文台總部,1911,8,22,29.7,
HKO,香港天文台總部,1911,8,23,29.9,
HKO,香港天文台總部,1911,8,24,30.6,
HKO,香港天文台總部,1911,8,25,31.9,
HKO,香港天文台總部,1911,8,26,33.9,
HKO,香港天文台總部,1911,8,27,31.9,
HKO,香港天文台總部,1911,8,28,32.4,
HKO,香港天文台總部,1911,8,29,31.4,
HKO,香港天文台總部,1911,8,30,32.5,
HKO,香港天文台總部,1911,8,31,32.0,
HKO,香港天文台總部,1911,9,1,31.8,
HKO,香港天文台總部,1911,9,2,31.7,
HKO,香港天文台總部,1911,9,3,29.2,
HKO,香港天文台總部,1911,9,4,30.7,
HKO,香港天文台總部,1911,9,5,30.3,
HKO,香港天文台總部,1911,9,6,30.9,
HKO,香港天文台總部,1911,9,7,28.6,
HKO,香港天文台總部,1911,9,8,28.9,
HKO,香港天文台總部,1911,9,9,27.2,
HKO,香港天文台總部,1911,9,10,28.9,
HKO,香港天文台總部,1911,9,11,29.9,
HKO,香港天文台總部,1911,9,12,29.5,
HKO,香港天文台總部,1911,9,13,28.8,
HKO,香港天文台總部,1911,9,14,30.7,
HKO,香港天文台總部,1911,9,15,30.6,
HKO,香港天文台總部,1911,9,16,30.3,
HKO,香港天文台總部,1911,9,17,33.4,
HKO,香港天文台總部,1911,9,18,30.0,
HKO,香港天文台總部,1911,9,19,28.1,
HKO,香港天文台總部,1911,9,20,28.6,
HKO,香港天文台總部,1911,9,21,30.1,
HKO,香港天文台總部,1911,9,22,29.1,
HKO,香港天文台總部,1911,9,23,28.1,
HKO,香港天文台總部,1911,9,24,29.7,
HKO,香港天文台總部,1911,9,25,29.1,
HKO,香港天文台總部,1911,9,26,30.7,
HKO,香港天文台總部,1911,9,27,31.2,
HKO,香港天文台總部,1911,9,28,31.9,
HKO,香港天文台總部,1911,9,29,33.3,
HKO,香港天文台總部,1911,9,30,31.1,
HKO,香港天文台總部,1912,6,1,28.9,
HKO,香港天文台總部,1912,6,2,28.8,
HKO,香港天文台總部,1912,6,3,28.6,
HKO,香港天文台總部,1912,6,4,30.5,
HKO,香港天文台總部,1912,6,5,28.6,
HKO,香港天文台總部,1912,6,6,26.4,
HKO,香港天文台總部,1912,6,7,27.4,
HKO,香港天文台總部,1912,6,8,28.2,
HKO,香港天文台總部,1912,6,9,30.3,
HKO,香港天文台總部,1912,6,10,27.7,
HKO,香港天文台總部,1912,6,11,28.5,
HKO,香港天文台總部,1912,6,12,30.3,
HKO,香港天文台總部,1912,6,13,28.8,
HKO,香港天文台總部,1912,6,14,28.7,
HKO,香港天文台總部,1912,6,15,30.9,
HKO,香港天文台總部,1912,6,16,30.6,
HKO,香港天文台總部,1912,6,17,31.8,
HKO,香港天文台總部,1912,6,18,30.2,
HKO,香港天文台總部,1912,6,19,29.8,
HKO,香港天文台總部,1912,6,20,30.7,
HKO,香港天文台總部,1912,6,21,29.6,
HKO,香港天文台總部,1912,6,22,28.8,
HKO,香港天文台總部,1912,6,23,29.6,
HKO,香港天文台總部,1912,6,24,30.1,
HKO,香港天文台總部,1912,6,25,30.9,
HKO,香港天文台總部,1912,6,26,30.9,
HKO,香港天文台總部,1912,6,27,30.6,
HKO,香港天文台總部,1912,6,28,31.3,
HKO,香港天文台總部,1912,6,29,31.2,
HKO,香港天文台總部,1912,6,30,31.5,
HKO,香港天文台總部,1912,7,1,30.7,
HKO,香港天文台總部,1912,7,2,30.7,
HKO,香港天文台總部,1912,7,3,30.6,
HKO,香港天文台總部,1912,7,4,32.1,
HKO,香港天文台總部,1912,7,5,31.2,
HKO,香港天文台總部,1912,7,6,31.1,
HKO,香港天文台總部,1912,7,7,31.1,
HKO,香港天文台總部,1912,7,8,31.2,
HKO,香港天文台總部,1912,7,9,32.1,
HKO,香港天文台總部,1912,7,10,31.4,
HKO,香港天文台總部,1912,7,11,31.1,
HKO,香港天文台總部,1912,7,12,31.2,
HKO,香港天文台總部,1912,7,13,31.1,
HKO,香港天文台總部,1912,7,14,30.8,
HKO,香港天文台總部,1912,7,15,31.4,
HKO,香港天文台總部,1912,7,16,31.4,
HKO,香港天文台總部,1912,7,17,31.6,
HKO,香港天文台總部,1912,7,18,31.6,
HKO,香港天文台總部,1912,7,19,31.3,
HKO,香港天文台總部,1912,7,20,32.9,
HKO,香港天文台總部,1912,7,21,30.9,
HKO,香港天文台總部,1912,7,22,31.7,
HKO,香港天文台總部,1912,7,23,30.7,
HKO,香港天文台總部,1912,7,24,28.9,
HKO,香港天文台總部,1912,7,25,28.6,
HKO,香港天文台總部,1912,7,26,30.2,
HKO,香港天文台總部,1912,7,27,30.2,
HKO,香港天文台總部,1912,7,28,31.1,
HKO,香港天文台總部,1912,7,29,32.2,
HKO,香港天文台總部,1912,7,30,32.3,
HKO,香港天文台總部,1912,7,31,32.1,
HKO,香港天文台總部,1912,8,1,32.9,
HKO,香港天文台總部,1912,8,2,31.5,
HKO,香港天文台總部,1912,8,3,29.9,
HKO,香港天文台總部,1912,8,4,27.9,
HKO,香港天文台總部,1912,8,5,29.8,
HKO,香港天文台總部,1912,8,6,30.9,
HKO,香港天文台總部,1912,8,7,31.6,
HKO,香港天文台總部,1912,8,8,30.4,
HKO,香港天文台總部,1912,8,9,31.3,
HKO,香港天文台總部,1912,8,10,30.6,
HKO,香港天文台總部,1912,8,11,31.6,
HKO,香港天文台總部,1912,8,12,31.8,
HKO,香港天文台總部,1912,8,13,31.1,
HKO,香港天文台總部,1912,8,14,29.2,
HKO,香港天文台總部,1912,8,15,27.0,
HKO,香港天文台總部,1912,8,16,30.7,
HKO,香港天文台總部,1912,8,17,31.1,
HKO,香港天文台總部,1912,8,18,31.5,
HKO,香港天文台總部,1912,8,19,31.6,
HKO,香港天文台總部,1912,8,20,28.3,
HKO,香港天文台總部,1912,8,21,28.7,
HKO,香港天文台總部,1912,8,22,28.3,
HKO,香港天文台總部,1912,8,23,30.2,
HKO,香港天文台總部,1912,8,24,29.1,
HKO,香港天文台總部,1912,8,25,29.0,
HKO,香港天文台總部,1912,8,26,30.4,
HKO,香港天文台總部,1912,8,27,31.7,
HKO,香港天文台總部,1912,8,28,32.5,
HKO,香港天文台總部,1912,8,29,30.9,
HKO,香港天文台總部,1912,8,30,30.6,
HKO,香港天文台總部,1912,8,31,30.7,
HKO,香港天文台總部,1912,9,1,30.3,
HKO,香港天文台總部,1912,9,2,29.8,
HKO,香港天文台總部,1912,9,3,29.8,
HKO,香港天文台總部,1912,9,4,31.9,
HKO,香港天文台總部,1912,9,5,29.3,
HKO,香港天文台總部,1912,9,6,31.6,
HKO,香港天文台總部,1912,9,7,30.7,
HKO,香港天文台總部,1912,9,8,32.2,
HKO,香港天文台總部,1912,9,9,32.7,
HKO,香港天文台總部,1912,9,10,33.6,
HKO,香港天文台總部,1912,9,11,29.4,
HKO,香港天文台總部,1912,9,12,28.7,
HKO,香港天文台總部,1912,9,13,30.6,
HKO,香港天文台總部,1912,9,14,31.1,
HKO,香港天文台總部,1912,9,15,31.7,
HKO,香港天文台總部,1912,9,16,31.2,
HKO,香港天文台總部,1912,9,17,26.4,
HKO,香港天文台總部,1912,9,18,24.8,
HKO,香港天文台總部,1912,9,19,28.3,
HKO,香港天文台總部,1912,9,20,27.9,
HKO,香港天文台總部,1912,9,21,27.9,
HKO,香港天文台總部,1912,9,22,30.4,
HKO,香港天文台總部,1912,9,23,29.1,
HKO,香港天文台總部,1912,9,24,28.0,
HKO,香港天文台總部,1912,9,25,27.8,
HKO,香港天文台總部,1912,9,26,28.0,
HKO,香港天文台總部,1912,9,27,27.6,
HKO,香港天文台總部,1912,9,28,31.2,
HKO,香港天文台總部,1912,9,29,31.1,
HKO,香港天文台總部,1912,9,30,29.2,
HKO,香港天文台總部,1913,6,1,30.9,
HKO,香港天文台總部,1913,6,2,31.2,
HKO,香港天文台總部,1913,6,3,30.8,
HKO,香港天文台總部,1913,6,4,30.6,
HKO,香港天文台總部,1913,6,5,29.9,
HKO,香港天文台總部,1913,6,6,29.7,
HKO,香港天文台總部,1913,6,7,28.8,
HKO,香港天文台總部,1913,6,8,27.7,
HKO,香港天文台總部,1913,6,9,28.9,
HKO,香港天文台總部,1913,6,10,30.1,
HKO,香港天文台總部,1913,6,11,27.8,
HKO,香港天文台總部,1913,6,12,26.9,
HKO,香港天文台總部,1913,6,13,27.7,
HKO,香港天文台總部,1913,6,14,30.0,
HKO,香港天文台總部,1913,6,15,29.3,
HKO,香港天文台總部,1913,6,16,30.7,
HKO,香港天文台總部,1913,6,17,30.4,
HKO,香港天文台總部,1913,6,18,30.9,
HKO,香港天文台總部,1913,6,19,31.1,
HKO,香港天文台總部,1913,6,20,29.2,
HKO,香港天文台總部,1913,6,21,30.9,
HKO,香港天文台總部,1913,6,22,31.0,
HKO,香港天文台總部,1913,6,23,30.1,
HKO,香港天文台總部,1913,6,24,26.3,
HKO,香港天文台總部,1913,6,25,28.5,
HKO,香港天文台總部,1913,6,26,30.8,
HKO,香港天文台總部,1913,6,27,30.4,
HKO,香港天文台總部,1913,6,28,30.9,
HKO,香港天文台總部,1913,6,29,31.1,
HKO,香港天文台總部,1913,6,30,30.6,
HKO,香港天文台總部,1913,7,1,30.8,
HKO,香港天文台總部,1913,7,2,30.9,
HKO,香港天文台總部,1913,7,3,31.3,
HKO,香港天文台總部,1913,7,4,31.4,
HKO,香港天文台總部,1913,7,5,32.0,
HKO,香港天文台總部,1913,7,6,32.6,
HKO,香港天文台總部,1913,7,7,31.8,
HKO,香港天文台總部,1913,7,8,31.9,
HKO,香港天文台總部,1913,7,9,32.1,
HKO,香港天文台總部,1913,7,10,31.2,
HKO,香港天文台總部,1913,7,11,31.2,
HKO,香港天文台總部,1913,7,12,29.1,
HKO,香港天文台總部,1913,7,13,30.0,
HKO,香港天文台總部,1913,7,14,30.6,
HKO,香港天文台總部,1913,7,15,30.6,
HKO,香港天文台總部,1913,7,16,32.8,
HKO,香港天文台總部,1913,7,17,32.5,
HKO,香港天文台總部,1913,7,18,32.3,
HKO,香港天文台總部,1913,7,19,32.7,
HKO,香港天文台總部,1913,7,20,33.3,
HKO,香港天文台總部,1913,7,21,31.7,
HKO,香港天文台總部,1913,7,22,33.0,
HKO,香港天文台總部,1913,7,23,30.5,
HKO,香港天文台總部,1913,7,24,30.9,
HKO,香港天文台總部,1913,7,25,30.1,
HKO,香港天文台總部,1913,7,26,27.7,
HKO,香港天文台總部,1913,7,27,30.3,
HKO,香港天文台總部,1913,7,28,29.8,
HKO,香港天文台總部,1913,7,29,31.7,
HKO,香港天文台總部,1913,7,30,31.4,
HKO,香港天文台總部,1913,7,31,27.6,
HKO,香港天文台總部,1913,8,1,28.3,
HKO,香港天文台總部,1913,8,2,30.1,
HKO,香港天文台總部,1913,8,3,28.6,
HKO,香港天文台總部,1913,8,4,29.5,
HKO,香港天文台總部,1913,8,5,28.5,
HKO,香港天文台總部,1913,8,6,29.4,
HKO,香港天文台總部,1913,8,7,29.2,
HKO,香港天文台總部,1913,8,8,29.6,
HKO,香港天文台總部,1913,8,9,27.8,
HKO,香港天文台總部,1913,8,10,28.1,
HKO,香港天文台總部,1913,8,11,30.4,
HKO,香港天文台總部,1913,8,12,29.4,
HKO,香港天文台總部,1913,8,13,28.2,
HKO,香港天文台總部,1913,8,14,29.8,
HKO,香港天文台總部,1913,8,15,31.9,
HKO,香港天文台總部,1913,8,16,33.3,
HKO,香港天文台總部,1913,8,17,29.4,
HKO,香港天文台總部,1913,8,18,28.0,
HKO,香港天文台總部,1913,8,19,30.3,
HKO,香港天文台總部,1913,8,20,30.9,
HKO,香港天文台總部,1913,8,21,32.0,
HKO,香港天文台總部,1913,8,22,32.7,
HKO,香港天文台總部,1913,8,23,32.8,
HKO,香港天文台總部,1913,8,24,32.2,
HKO,香港天文台總部,1913,8,25,31.1,
HKO,香港天文台總部,1913,8,26,31.9,
HKO,香港天文台總部,1913,8,27,32.3,
HKO,香港天文台總部,1913,8,28,31.1,
HKO,香港天文台總部,1913,8,29,30.4,
HKO,香港天文台總部,1913,8,30,30.7,
HKO,香港天文台總部,1913,8,31,30.8,
HKO,香港天文台總部,1913,9,1,30.2,
HKO,香港天文台總部,1913,9,2,29.2,
HKO,香港天文台總部,1913,9,3,30.6,
HKO,香港天文台總部,1913,9,4,32.2,
HKO,香港天文台總部,1913,9,5,30.1,
HKO,香港天文台總部,1913,9,6,27.8,
HKO,香港天文台總部,1913,9,7,31.0,
HKO,香港天文台總部,1913,9,8,32.2,
HKO,香港天文台總部,1913,9,9,32.7,
HKO,香港天文台總部,1913,9,10,27.4,
HKO,香港天文台總部,1913,9,11,29.9,
HKO,香港天文台總部,1913,9,12,27.6,
HKO,香港天文台總部,1913,9,13,27.9,
HKO,香港天文台總部,1913,9,14,28.0,
HKO,香港天文台總部,1913,9,15,30.5,
HKO,香港天文台總部,1913,9,16,29.8,
HKO,香港天文台總部,1913,9,17,30.8,
HKO,香港天文台總部,1913,9,18,31.0,
HKO,香港天文台總部,1913,9,19,26.3,
HKO,香港天文台總部,1913,9,20,27.4,
HKO,香港天文台總部,1913,9,21,25.3,
HKO,香港天文台總部,1913,9,22,28.4,
HKO,香港天文台總部,1913,9,23,27.9,
HKO,香港天文台總部,1913,9,24,27.8,
HKO,香港天文台總部,1913,9,25,28.4,
HKO,香港天文台總部,1913,9,26,30.0,
HKO,香港天文台總部,1913,9,27,29.4,
HKO,香港天文台總部,1913,9,28,28.8,
HKO,香港天文台總部,1913,9,29,29.4,
HKO,香港天文台總部,1913,9,30,29.4,
HKO,香港天文台總部,1914,6,1,30.5,
HKO,香港天文台總部,1914,6,2,31.6,
HKO,香港天文台總部,1914,6,3,29.3,
HKO,香港天文台總部,1914,6,4,28.8,
HKO,香港天文台總部,1914,6,5,29.3,
HKO,香港天文台總部,1914,6,6,28.4,
HKO,香港天文台總部,1914,6,7,28.1,
HKO,香港天文台總部,1914,6,8,28.8,
HKO,香港天文台總部,1914,6,9,29.9,
HKO,香港天文台總部,1914,6,10,31.3,
HKO,香港天文台總部,1914,6,11,31.7,
HKO,香港天文台總部,1914,6,12,31.5,
HKO,香港天文台總部,1914,6,13,30.8,
HKO,香港天文台總部,1914,6,14,30.8,
HKO,香港天文台總部,1914,6,15,30.6,
HKO,香港天文台總部,1914,6,16,30.7,
HKO,香港天文台總部,1914,6,17,32.0,
HKO,香港天文台總部,1914,6,18,30.6,
HKO,香港天文台總部,1914,6,19,30.6,
HKO,香港天文台總部,1914,6,20,30.9,
HKO,香港天文台總部,1914,6,21,32.1,
HKO,香港天文台總部,1914,6,22,28.4,
HKO,香港天文台總部,1914,6,23,29.5,
HKO,香港天文台總部,1914,6,24,29.8,
HKO,香港天文台總部,1914,6,25,29.8,
HKO,香港天文台總部,1914,6,26,30.6,
HKO,香港天文台總部,1914,6,27,29.9,
HKO,香港天文台總部,1914,6,28,30.3,
HKO,香港天文台總部,1914,6,29,31.2,
HKO,香港天文台總部,1914,6,30,32.2,
HKO,香港天文台總部,1914,7,1,32.3,
HKO,香港天文台總部,1914,7,2,31.2,
HKO,香港天文台總部,1914,7,3,30.2,
HKO,香港天文台總部,1914,7,4,28.9,
HKO,香港天文台總部,1914,7,5,31.0,
HKO,香港天文台總部,1914,7,6,31.2,
HKO,香港天文台總部,1914,7,7,32.1,
HKO,香港天文台總部,1914,7,8,29.7,
HKO,香港天文台總部,1914,7,9,29.2,
HKO,香港天文台總部,1914,7,10,30.3,
HKO,香港天文台總部,1914,7,11,31.6,
HKO,香港天文台總部,1914,7,12,31.6,
HKO,香港天文台總部,1914,7,13,32.1,
HKO,香港天文台總部,1914,7,14,31.3,
HKO,香港天文台總部,1914,7,15,30.4,
HKO,香港天文台總部,1914,7,16,29.4,
HKO,香港天文台總部,1914,7,17,27.6,
HKO,香港天文台總部,1914,7,18,27.2,
HKO,香港天文台總部,1914,7,19,30.1,
HKO,香港天文台總部,1914,7,20,30.4,
HKO,香港天文台總部,1914,7,21,31.9,
HKO,香港天文台總部,1914,7,22,30.7,
HKO,香港天文台總部,1914,7,23,31.6,
HKO,香港天文台總部,1914,7,24,32.6,
HKO,香港天文台總部,1914,7,25,33.4,
HKO,香港天文台總部,1914,7,26,32.4,
HKO,香港天文台總部,1914,7,27,32.4,
HKO,香港天文台總部,1914,7,28,32.0,
HKO,香港天文台總部,1914,7,29,28.9,
HKO,香港天文台總部,1914,7,30,25.5,
HKO,香港天文台總部,1914,7,31,26.3,
HKO,香港天文台總部,1914,8,1,30.2,
HKO,香港天文台總部,1914,8,2,30.3,
HKO,香港天文台總部,1914,8,3,31.1,
HKO,香港天文台總部,1914,8,4,31.0,
HKO,香港天文台總部,1914,8,5,30.3,
HKO,香港天文台總部,1914,8,6,30.5,
HKO,香港天文台總部,1914,8,7,31.3,
HKO,香港天文台總部,1914,8,8,31.1,
HKO,香港天文台總部,1914,8,9,30.7,
HKO,香港天文台總部,1914,8,10,31.2,
HKO,香港天文台總部,1914,8,11,32.2,
HKO,香港天文台總部,1914,8,12,32.4,
HKO,香港天文台總部,1914,8,13,32.7,
HKO,香港天文台總部,1914,8,14,33.6,
HKO,香港天文台總部,1914,8,15,29.9,
HKO,香港天文台總部,1914,8,16,28.6,
HKO,香港天文台總部,1914,8,17,28.3,
HKO,香港天文台總部,1914,8,18,29.3,
HKO,香港天文台總部,1914,8,19,27.7,
HKO,香港天文台總部,1914,8,20,29.7,
HKO,香港天文台總部,1914,8,21,29.9,
HKO,香港天文台總部,1914,8,22,30.2,
HKO,香港天文台總部,1914,8,23,30.3,
HKO,香港天文台總部,1914,8,24,29.6,
HKO,香港天文台總部,1914,8,25,33.9,
HKO,香港天文台總部,1914,8,26,32.5,
HKO,香港天文台總部,1914,8,27,32.1,
HKO,香港天文台總部,1914,8,28,32.2,
HKO,香港天文台總部,1914,8,29,32.5,
HKO,香港天文台總部,1914,8,30,33.0,
HKO,香港天文台總部,1914,8,31,34.4,
HKO,香港天文台總部,1914,9,1,33.4,
HKO,香港天文台總部,1914,9,2,29.7,
HKO,香港天文台總部,1914,9,3,26.6,
HKO,香港天文台總部,1914,9,4,28.2,
HKO,香港天文台總部,1914,9,5,29.7,
HKO,香港天文台總部,1914,9,6,32.1,
HKO,香港天文台總部,1914,9,7,31.9,
HKO,香港天文台總部,1914,9,8,32.5,
HKO,香港天文台總部,1914,9,9,31.0,
HKO,香港天文台總部,1914,9,10,30.8,
HKO,香港天文台總部,1914,9,11,30.4,
HKO,香港天文台總部,1914,9,12,31.2,
HKO,香港天文台總部,1914,9,13,26.8,
HKO,香港天文台總部,1914,9,14,28.7,
HKO,香港天文台總部,1914,9,15,29.3,
HKO,香港天文台總部,1914,9,16,30.1,
HKO,香港天文台總部,1914,9,17,29.6,
HKO,香港天文台總部,1914,9,18,28.9,
HKO,香港天文台總部,1914,9,19,30.4,
HKO,香港天文台總部,1914,9,20,31.2,
HKO,香港天文台總部,1914,9,21,27.5,
HKO,香港天文台總部,1914,9,22,25.4,
HKO,香港天文台總部,1914,9,23,29.8,
HKO,香港天文台總部,1914,9,24,29.7,
HKO,香港天文台總部,1914,9,25,29.2,
HKO,香港天文台總部,1914,9,26,26.0,
HKO,香港天文台總部,1914,9,27,29.8,
HKO,香港天文台總部,1914,9,28,29.3,
HKO,香港天文台總部,1914,9,29,30.6,
HKO,香港天文台總部,1914,9,30,30.0,
HKO,香港天文台總部,1915,6,1,28.2,
HKO,香港天文台總部,1915,6,2,26.8,
HKO,香港天文台總部,1915,6,3,29.2,
HKO,香港天文台總部,1915,6,4,29.2,
HKO,香港天文台總部,1915,6,5,30.8,
HKO,香港天文台總部,1915,6,6,31.1,
HKO,香港天文台總部,1915,6,7,31.4,
HKO,香港天文台總部,1915,6,8,31.7,
HKO,香港天文台總部,1915,6,9,31.3,
HKO,香港天文台總部,1915,6,10,27.8,
HKO,香港天文台總部,1915,6,11,28.7,
HKO,香港天文台總部,1915,6,12,26.2,
HKO,香港天文台總部,1915,6,13,25.6,
HKO,香港天文台總部,1915,6,14,27.7,
HKO,香港天文台總部,1915,6,15,28.7,
HKO,香港天文台總部,1915,6,16,30.4,
HKO,香港天文台總部,1915,6,17,30.4,
HKO,香港天文台總部,1915,6,18,26.8,
HKO,香港天文台總部,1915,6,19,29.2,
HKO,香港天文台總部,1915,6,20,31.2,
HKO,香港天文台總部,1915,6,21,31.7,
HKO,香港天文台總部,1915,6,22,32.1,
HKO,香港天文台總部,1915,6,23,32.7,
HKO,香港天文台總部,1915,6,24,32.2,
HKO,香港天文台總部,1915,6,25,31.8,
HKO,香港天文台總部,1915,6,26,32.6,
HKO,香港天文台總部,1915,6,27,32.8,
HKO,香港天文台總部,1915,6,28,31.3,
HKO,香港天文台總部,1915,6,29,31.5,
HKO,香港天文台總部,1915,6,30,32.1,
HKO,香港天文台總部,1915,7,1,32.0,
HKO,香港天文台總部,1915,7,2,29.8,
HKO,香港天文台總部,1915,7,3,29.7,
HKO,香港天文台總部,1915,7,4,29.1,
HKO,香港天文台總部,1915,7,5,30.3,
HKO,香港天文台總部,1915,7,6,30.9,
HKO,香港天文台總部,1915,7,7,30.9,
HKO,香港天文台總部,1915,7,8,29.3,
HKO,香港天文台總部,1915,7,9,30.8,
HKO,香港天文台總部,1915,7,10,30.9,
HKO,香港天文台總部,1915,7,11,31.2,
HKO,香港天文台總部,1915,7,12,31.7,
HKO,香港天文台總部,1915,7,13,32.1,
HKO,香港天文台總部,1915,7,14,31.5,
HKO,香港天文台總部,1915,7,15,30.6,
HKO,香港天文台總部,1915,7,16,28.9,
HKO,香港天文台總部,1915,7,17,29.0,
HKO,香港天文台總部,1915,7,18,29.7,
HKO,香港天文台總部,1915,7,19,31.2,
HKO,香港天文台總部,1915,7,20,31.8,
HKO,香港天文台總部,1915,7,21,32.1,
HKO,香港天文台總部,1915,7,22,32.5,
HKO,香港天文台總部,1915,7,23,32.9,
HKO,香港天文台總部,1915,7,24,32.9,
HKO,香港天文台總部,1915,7,25,32.9,
HKO,香港天文台總部,1915,7,26,32.8,
HKO,香港天文台總部,1915,7,27,32.7,
HKO,香港天文台總部,1915,7,28,34.1,
HKO,香港天文台總部,1915,7,29,32.2,
HKO,香港天文台總部,1915,7,30,29.7,
HKO,香港天文台總部,1915,7,31,30.3,
HKO,香港天文台總部,1915,8,1,30.1,
HKO,香港天文台總部,1915,8,2,29.6,
HKO,香港天文台總部,1915,8,3,30.5,
HKO,香港天文台總部,1915,8,4,31.7,
HKO,香港天文台總部,1915,8,5,31.8,
HKO,香港天文台總部,1915,8,6,32.2,
HKO,香港天文台總部,1915,8,7,32.5,
HKO,香港天文台總部,1915,8,8,32.8,
HKO,香港天文台總部,1915,8,9,32.9,
HKO,香港天文台總部,1915,8,10,31.3,
HKO,香港天文台總部,1915,8,11,32.1,
HKO,香港天文台總部,1915,8,12,30.9,
HKO,香港天文台總部,1915,8,13,32.1,
HKO,香港天文台總部,1915,8,14,29.1,
HKO,香港天文台總部,1915,8,15,28.7,
HKO,香港天文台總部,1915,8,16,29.2,
HKO,香港天文台總部,1915,8,17,30.4,
HKO,香港天文台總部,1915,8,18,31.9,
HKO,香港天文台總部,1915,8,19,32.1,
HKO,香港天文台總部,1915,8,20,31.9,
HKO,香港天文台總部,1915,8,21,32.3,
HKO,香港天文台總部,1915,8,22,33.2,
HKO,香港天文台總部,1915,8,23,32.3,
HKO,香港天文台總部,1915,8,24,32.4,
HKO,香港天文台總部,1915,8,25,33.9,
HKO,香港天文台總部,1915,8,26,31.9,
HKO,香港天文台總部,1915,8,27,31.9,
HKO,香港天文台總部,1915,8,28,28.8,
HKO,香港天文台總部,1915,8,29,29.3,
HKO,香港天文台總部,1915,8,30,31.2,
HKO,香港天文台總部,1915,8,31,31.5,
HKO,香港天文台總部,1915,9,1,32.0,
HKO,香港天文台總部,1915,9,2,32.2,
HKO,香港天文台總部,1915,9,3,31.4,
HKO,香港天文台總部,1915,9,4,29.3,
HKO,香港天文台總部,1915,9,5,30.0,
HKO,香港天文台總部,1915,9,6,31.7,
HKO,香港天文台總部,1915,9,7,31.3,
HKO,香港天文台總部,1915,9,8,31.1,
HKO,香港天文台總部,1915,9,9,29.8,
HKO,香港天文台總部,1915,9,10,29.7,
HKO,香港天文台總部,1915,9,11,29.6,
HKO,香港天文台總部,1915,9,12,28.9,
HKO,香港天文台總部,1915,9,13,29.2,
HKO,香港天文台總部,1915,9,14,30.5,
HKO,香港天文台總部,1915,9,15,29.9,
HKO,香港天文台總部,1915,9,16,29.6,
HKO,香港天文台總部,1915,9,17,27.9,
HKO,香港天文台總部,1915,9,18,29.8,
HKO,香港天文台總部,1915,9,19,29.8,
HKO,香港天文台總部,1915,9,20,30.6,
HKO,香港天文台總部,1915,9,21,31.2,
HKO,香港天文台總部,1915,9,22,30.4,
HKO,香港天文台總部,1915,9,23,29.3,
HKO,香港天文台總部,1915,9,24,30.4,
HKO,香港天文台總部,1915,9,25,29.6,
HKO,香港天文台總部,1915,9,26,24.4,
HKO,香港天文台總部,1915,9,27,26.8,
HKO,香港天文台總部,1915,9,28,27.6,
HKO,香港天文台總部,1915,9,29,28.3,
HKO,香港天文台總部,1915,9,30,27.1,
HKO,香港天文台總部,1916,6,1,26.2,
HKO,香港天文台總部,1916,6,2,26.4,
HKO,香港天文台總部,1916,6,3,25.9,
HKO,香港天文台總部,1916,6,4,27.3,
HKO,香港天文台總部,1916,6,5,28.6,
HKO,香港天文台總部,1916,6,6,28.7,
HKO,香港天文台總部,1916,6,7,29.6,
HKO,香港天文台總部,1916,6,8,25.9,
HKO,香港天文台總部,1916,6,9,24.0,
HKO,香港天文台總部,1916,6,10,25.8,
HKO,香港天文台總部,1916,6,11,27.9,
HKO,香港天文台總部,1916,6,12,28.1,
HKO,香港天文台總部,1916,6,13,28.8,
HKO,香港天文台總部,1916,6,14,29.1,
HKO,香港天文台總部,1916,6,15,29.2,
HKO,香港天文台總部,1916,6,16,29.9,
HKO,香港天文台總部,1916,6,17,29.3,
HKO,香港天文台總部,1916,6,18,27.2,
HKO,香港天文台總部,1916,6,19,28.2,
HKO,香港天文台總部,1916,6,20,30.6,
HKO,香港天文台總部,1916,6,21,30.2,
HKO,香港天文台總部,1916,6,22,29.4,
HKO,香港天文台總部,1916,6,23,27.8,
HKO,香港天文台總部,1916,6,24,27.1,
HKO,香港天文台總部,1916,6,25,29.9,
HKO,香港天文台總部,1916,6,26,30.5,
HKO,香港天文台總部,1916,6,27,30.4,
HKO,香港天文台總部,1916,6,28,30.8,
HKO,香港天文台總部,1916,6,29,31.2,
HKO,香港天文台總部,1916,6,30,31.7,
HKO,香港天文台總部,1916,7,1,30.8,
HKO,香港天文台總部,1916,7,2,29.9,
HKO,香港天文台總部,1916,7,3,30.6,
HKO,香港天文台總部,1916,7,4,30.1,
HKO,香港天文台總部,1916,7,5,30.8,
HKO,香港天文台總部,1916,7,6,30.7,
HKO,香港天文台總部,1916,7,7,30.0,
HKO,香港天文台總部,1916,7,8,28.2,
HKO,香港天文台總部,1916,7,9,28.4,
HKO,香港天文台總部,1916,7,10,28.7,
HKO,香港天文台總部,1916,7,11,30.9,
HKO,香港天文台總部,1916,7,12,30.6,
HKO,香港天文台總部,1916,7,13,31.3,
HKO,香港天文台總部,1916,7,14,32.0,
HKO,香港天文台總部,1916,7,15,31.8,
HKO,香港天文台總部,1916,7,16,31.8,
HKO,香港天文台總部,1916,7,17,31.4,
HKO,香港天文台總部,1916,7,18,30.8,
HKO,香港天文台總部,1916,7,19,30.6,
HKO,香港天文台總部,1916,7,20,29.7,
HKO,香港天文台總部,1916,7,21,31.8,
HKO,香港天文台總部,1916,7,22,32.4,
HKO,香港天文台總部,1916,7,23,32.8,
HKO,香港天文台總部,1916,7,24,33.4,
HKO,香港天文台總部,1916,7,25,30.8,
HKO,香港天文台總部,1916,7,26,32.7,
HKO,香港天文台總部,1916,7,27,32.8,
HKO,香港天文台總部,1916,7,28,31.7,
HKO,香港天文台總部,1916,7,29,32.1,
HKO,香港天文台總部,1916,7,30,32.6,
HKO,香港天文台總部,1916,7,31,32.3,
HKO,香港天文台總部,1916,8,1,32.0,
HKO,香港天文台總部,1916,8,2,32.0,
HKO,香港天文台總部,1916,8,3,32.8,
HKO,香港天文台總部,1916,8,4,32.4,
HKO,香港天文台總部,1916,8,5,33.6,
HKO,香港天文台總部,1916,8,6,31.8,
HKO,香港天文台總部,1916,8,7,32.4,
HKO,香港天文台總部,1916,8,8,32.6,
HKO,香港天文台總部,1916,8,9,32.8,
HKO,香港天文台總部,1916,8,10,32.1,
HKO,香港天文台總部,1916,8,11,30.4,
HKO,香港天文台總部,1916,8,12,30.9,
HKO,香港天文台總部,1916,8,13,32.6,
HKO,香港天文台總部,1916,8,14,32.9,
HKO,香港天文台總部,1916,8,15,30.8,
HKO,香港天文台總部,1916,8,16,31.6,
HKO,香港天文台總部,1916,8,17,31.6,
HKO,香港天文台總部,1916,8,18,29.4,
HKO,香港天文台總部,1916,8,19,31.9,
HKO,香港天文台總部,1916,8,20,28.0,
HKO,香港天文台總部,1916,8,21,29.8,
HKO,香港天文台總部,1916,8,22,26.8,
HKO,香港天文台總部,1916,8,23,29.6,
HKO,香港天文台總部,1916,8,24,31.9,
HKO,香港天文台總部,1916,8,25,31.7,
HKO,香港天文台總部,1916,8,26,31.0,
HKO,香港天文台總部,1916,8,27,31.3,
HKO,香港天文台總部,1916,8,28,31.7,
HKO,香港天文台總部,1916,8,29,31.7,
HKO,香港天文台總部,1916,8,30,30.9,
HKO,香港天文台總部,1916,8,31,31.6,
HKO,香港天文台總部,1916,9,1,30.8,
HKO,香港天文台總部,1916,9,2,30.3,
HKO,香港天文台總部,1916,9,3,30.3,
HKO,香港天文台總部,1916,9,4,31.7,
HKO,香港天文台總部,1916,9,5,32.1,
HKO,香港天文台總部,1916,9,6,29.1,
HKO,香港天文台總部,1916,9,7,27.4,
HKO,香港天文台總部,1916,9,8,28.7,
HKO,香港天文台總部,1916,9,9,29.8,
HKO,香港天文台總部,1916,9,10,30.6,
HKO,香港天文台總部,1916,9,11,30.7,
HKO,香港天文台總部,1916,9,12,30.6,
HKO,香港天文台總部,1916,9,13,27.9,
HKO,香港天文台總部,1916,9,14,28.9,
HKO,香港天文台總部,1916,9,15,29.3,
HKO,香港天文台總部,1916,9,16,29.7,
HKO,香港天文台總部,1916,9,17,28.8,
HKO,香港天文台總部,1916,9,18,29.2,
HKO,香港天文台總部,1916,9,19,27.6,
HKO,香港天文台總部,1916,9,20,27.6,
HKO,香港天文台總部,1916,9,21,29.2,
HKO,香港天文台總部,1916,9,22,30.8,
HKO,香港天文台總部,1916,9,23,31.1,
HKO,香港天文台總部,1916,9,24,29.0,
HKO,香港天文台總部,1916,9,25,29.1,
HKO,香港天文台總部,1916,9,26,27.6,
HKO,香港天文台總部,1916,9,27,28.1,
HKO,香港天文台總部,1916,9,28,27.3,
HKO,香港天文台總部,1916,9,29,27.4,
HKO,香港天文台總部,1916,9,30,27.6,
HKO,香港天文台總部,1917,6,1,30.4,
HKO,香港天文台總部,1917,6,2,31.7,
HKO,香港天文台總部,1917,6,3,30.6,
HKO,香港天文台總部,1917,6,4,30.5,
HKO,香港天文台總部,1917,6,5,30.2,
HKO,香港天文台總部,1917,6,6,31.4,
HKO,香港天文台總部,1917,6,7,30.1,
HKO,香港天文台總部,1917,6,8,30.4,
HKO,香港天文台總部,1917,6,9,30.6,
HKO,香港天文台總部,1917,6,10,29.3,
HKO,香港天文台總部,1917,6,11,30.6,
HKO,香港天文台總部,1917,6,12,30.9,
HKO,香港天文台總部,1917,6,13,31.3,
HKO,香港天文台總部,1917,6,14,31.1,
HKO,香港天文台總部,1917,6,15,30.9,
HKO,香港天文台總部,1917,6,16,31.3,
HKO,香港天文台總部,1917,6,17,30.9,
HKO,香港天文台總部,1917,6,18,30.8,
HKO,香港天文台總部,1917,6,19,30.2,
HKO,香港天文台總部,1917,6,20,30.0,
HKO,香港天文台總部,1917,6,21,30.6,
HKO,香港天文台總部,1917,6,22,31.1,
HKO,香港天文台總部,1917,6,23,28.4,
HKO,香港天文台總部,1917,6,24,30.1,
HKO,香港天文台總部,1917,6,25,27.8,
HKO,香港天文台總部,1917,6,26,29.2,
HKO,香港天文台總部,1917,6,27,29.1,
HKO,香港天文台總部,1917,6,28,30.5,
HKO,香港天文台總部,1917,6,29,31.7,
HKO,香港天文台總部,1917,6,30,28.1,
HKO,香港天文台總部,1917,7,1,30.3,
HKO,香港天文台總部,1917,7,2,31.1,
HKO,香港天文台總部,1917,7,3,31.3,
HKO,香港天文台總部,1917,7,4,31.3,
HKO,香港天文台總部,1917,7,5,30.8,
HKO,香港天文台總部,1917,7,6,30.4,
HKO,香港天文台總部,1917,7,7,32.2,
HKO,香港天文台總部,1917,7,8,31.3,
HKO,香港天文台總部,1917,7,9,30.1,
HKO,香港天文台總部,1917,7,10,31.0,
HKO,香港天文台總部,1917,7,11,31.6,
HKO,香港天文台總部,1917,7,12,31.2,
HKO,香港天文台總部,1917,7,13,32.7,
HKO,香港天文台總部,1917,7,14,31.1,
HKO,香港天文台總部,1917,7,15,27.2,
HKO,香港天文台總部,1917,7,16,27.2,
HKO,香港天文台總部,1917,7,17,29.0,
HKO,香港天文台總部,1917,7,18,30.1,
HKO,香港天文台總部,1917,7,19,29.9,
HKO,香港天文台總部,1917,7,20,31.4,
HKO,香港天文台總部,1917,7,21,32.3,
HKO,香港天文台總部,1917,7,22,30.7,
HKO,香港天文台總部,1917,7,23,28.2,
HKO,香港天文台總部,1917,7,24,27.1,
HKO,香港天文台總部,1917,7,25,26.7,
HKO,香港天文台總部,1917,7,26,26.4,
HKO,香港天文台總部,1917,7,27,25.7,
HKO,香港天文台總部,1917,7,28,25.9,
HKO,香港天文台總部,1917,7,29,27.3,
HKO,香港天文台總部,1917,7,30,28.9,
HKO,香港天文台總部,1917,7,31,28.9,
HKO,香港天文台總部,1917,8,1,30.8,
HKO,香港天文台總部,1917,8,2,29.8,
HKO,香港天文台總部,1917,8,3,31.6,
HKO,香港天文台總部,1917,8,4,31.6,
HKO,香港天文台總部,1917,8,5,29.8,
HKO,香港天文台總部,1917,8,6,28.7,
HKO,香港天文台總部,1917,8,7,28.8,
HKO,香港天文台總部,1917,8,8,29.6,
HKO,香港天文台總部,1917,8,9,29.9,
HKO,香港天文台總部,1917,8,10,31.0,
HKO,香港天文台總部,1917,8,11,32.1,
HKO,香港天文台總部,1917,8,12,31.2,
HKO,香港天文台總部,1917,8,13,28.2,
HKO,香港天文台總部,1917,8,14,30.9,
HKO,香港天文台總部,1917,8,15,30.6,
HKO,香港天文台總部,1917,8,16,31.8,
HKO,香港天文台總部,1917,8,17,30.4,
HKO,香港天文台總部,1917,8,18,31.2,
HKO,香港天文台總部,1917,8,19,31.5,
HKO,香港天文台總部,1917,8,20,30.4,
HKO,香港天文台總部,1917,8,21,31.8,
HKO,香港天文台總部,1917,8,22,27.6,
HKO,香港天文台總部,1917,8,23,30.0,
HKO,香港天文台總部,1917,8,24,31.8,
HKO,香港天文台總部,1917,8,25,31.2,
HKO,香港天文台總部,1917,8,26,31.4,
HKO,香港天文台總部,1917,8,27,31.3,
HKO,香港天文台總部,1917,8,28,31.1,
HKO,香港天文台總部,1917,8,29,32.5,
HKO,香港天文台總部,1917,8,30,30.9,
HKO,香港天文台總部,1917,8,31,30.6,
HKO,香港天文台總部,1917,9,1,30.3,
HKO,香港天文台總部,1917,9,2,30.7,
HKO,香港天文台總部,1917,9,3,30.1,
HKO,香港天文台總部,1917,9,4,29.4,
HKO,香港天文台總部,1917,9,5,29.9,
HKO,香港天文台總部,1917,9,6,30.2,
HKO,香港天文台總部,1917,9,7,31.1,
HKO,香港天文台總部,1917,9,8,30.7,
HKO,香港天文台總部,1917,9,9,31.6,
HKO,香港天文台總部,1917,9,10,31.6,
HKO,香港天文台總部,1917,9,11,31.2,
HKO,香港天文台總部,1917,9,12,31.5,
HKO,香港天文台總部,1917,9,13,31.8,
HKO,香港天文台總部,1917,9,14,30.9,
HKO,香港天文台總部,1917,9,15,30.8,
HKO,香港天文台總部,1917,9,16,30.6,
HKO,香港天文台總部,1917,9,17,30.4,
HKO,香港天文台總部,1917,9,18,30.5,
HKO,香港天文台總部,1917,9,19,30.9,
HKO,香港天文台總部,1917,9,20,32.2,
HKO,香港天文台總部,1917,9,21,29.3,
HKO,香港天文台總部,1917,9,22,29.6,
HKO,香港天文台總部,1917,9,23,29.7,
HKO,香港天文台總部,1917,9,24,28.8,
HKO,香港天文台總部,1917,9,25,30.1,
HKO,香港天文台總部,1917,9,26,30.2,
HKO,香港天文台總部,1917,9,27,29.8,
HKO,香港天文台總部,1917,9,28,28.8,
HKO,香港天文台總部,1917,9,29,28.9,
HKO,香港天文台總部,1917,9,30,29.2,
HKO,香港天文台總部,1918,6,1,30.9,
HKO,香港天文台總部,1918,6,2,30.4,
HKO,香港天文台總部,1918,6,3,26.7,
HKO,香港天文台總部,1918,6,4,26.7,
HKO,香港天文台總部,1918,6,5,28.1,
HKO,香港天文台總部,1918,6,6,26.6,
HKO,香港天文台總部,1918,6,7,24.5,
HKO,香港天文台總部,1918,6,8,27.2,
HKO,香港天文台總部,1918,6,9,28.4,
HKO,香港天文台總部,1918,6,10,30.0,
HKO,香港天文台總部,1918,6,11,30.3,
HKO,香港天文台總部,1918,6,12,30.1,
HKO,香港天文台總部,1918,6,13,28.2,
HKO,香港天文台總部,1918,6,14,26.4,
HKO,香港天文台總部,1918,6,15,26.3,
HKO,香港天文台總部,1918,6,16,27.4,
HKO,香港天文台總部,1918,6,17,24.9,
HKO,香港天文台總部,1918,6,18,26.2,
HKO,香港天文台總部,1918,6,19,25.8,
HKO,香港天文台總部,1918,6,20,28.1,
HKO,香港天文台總部,1918,6,21,29.7,
HKO,香港天文台總部,1918,6,22,30.1,
HKO,香港天文台總部,1918,6,23,30.0,
HKO,香港天文台總部,1918,6,24,30.1,
HKO,香港天文台總部,1918,6,25,30.9,
HKO,香港天文台總部,1918,6,26,30.9,
HKO,香港天文台總部,1918,6,27,30.2,
HKO,香港天文台總部,1918,6,28,31.2,
HKO,香港天文台總部,1918,6,29,32.2,
HKO,香港天文台總部,1918,6,30,31.6,
HKO,香港天文台總部,1918,7,1,27.7,
HKO,香港天文台總部,1918,7,2,28.4,
HKO,香港天文台總部,1918,7,3,29.8,
HKO,香港天文台總部,1918,7,4,30.6,
HKO,香港天文台總部,1918,7,5,29.4,
HKO,香港天文台總部,1918,7,6,30.1,
HKO,香港天文台總部,1918,7,7,29.1,
HKO,香港天文台總部,1918,7,8,29.2,
HKO,香港天文台總部,1918,7,9,28.7,
HKO,香港天文台總部,1918,7,10,29.3,
HKO,香港天文台總部,1918,7,11,30.4,
HKO,香港天文台總部,1918,7,12,31.2,
HKO,香港天文台總部,1918,7,13,32.3,
HKO,香港天文台總部,1918,7,14,32.9,
HKO,香港天文台總部,1918,7,15,32.6,
HKO,香港天文台總部,1918,7,16,29.4,
HKO,香港天文台總部,1918,7,17,30.4,
HKO,香港天文台總部,1918,7,18,31.8,
HKO,香港天文台總部,1918,7,19,32.2,
HKO,香港天文台總部,1918,7,20,31.2,
HKO,香港天文台總部,1918,7,21,30.8,
HKO,香港天文台總部,1918,7,22,30.9,
HKO,香港天文台總部,1918,7,23,28.7,
HKO,香港天文台總部,1918,7,24,28.1,
HKO,香港天文台總部,1918,7,25,31.5,
HKO,香港天文台總部,1918,7,26,30.6,
HKO,香港天文台總部,1918,7,27,32.0,
HKO,香港天文台總部,1918,7,28,31.9,
HKO,香港天文台總部,1918,7,29,31.7,
HKO,香港天文台總部,1918,7,30,27.3,
HKO,香港天文台總部,1918,7,31,28.0,
HKO,香港天文台總部,1918,8,1,26.4,
HKO,香港天文台總部,1918,8,2,26.4,
HKO,香港天文台總部,1918,8,3,26.3,
HKO,香港天文台總部,1918,8,4,26.8,
HKO,香港天文台總部,1918,8,5,28.8,
HKO,香港天文台總部,1918,8,6,27.9,
HKO,香港天文台總部,1918,8,7,30.0,
HKO,香港天文台總部,1918,8,8,30.2,
HKO,香港天文台總部,1918,8,9,27.7,
HKO,香港天文台總部,1918,8,10,28.7,
HKO,香港天文台總部,1918,8,11,29.8,
HKO,香港天文台總部,1918,8,12,28.4,
HKO,香港天文台總部,1918,8,13,30.0,
HKO,香港天文台總部,1918,8,14,30.4,
HKO,香港天文台總部,1918,8,15,26.4,
HKO,香港天文台總部,1918,8,16,28.8,
HKO,香港天文台總部,1918,8,17,28.3,
HKO,香港天文台總部,1918,8,18,30.5,
HKO,香港天文台總部,1918,8,19,30.1,
HKO,香港天文台總部,1918,8,20,29.6,
HKO,香港天文台總部,1918,8,21,27.6,
HKO,香港天文台總部,1918,8,22,27.3,
HKO,香港天文台總部,1918,8,23,28.7,
HKO,香港天文台總部,1918,8,24,30.4,
HKO,香港天文台總部,1918,8,25,30.6,
HKO,香港天文台總部,1918,8,26,28.9,
HKO,香港天文台總部,1918,8,27,29.8,
HKO,香港天文台總部,1918,8,28,27.9,
HKO,香港天文台總部,1918,8,29,28.6,
HKO,香港天文台總部,1918,8,30,29.3,
HKO,香港天文台總部,1918,8,31,28.4,
HKO,香港天文台總部,1918,9,1,28.2,
HKO,香港天文台總部,1918,9,2,27.9,
HKO,香港天文台總部,1918,9,3,28.9,
HKO,香港天文台總部,1918,9,4,29.9,
HKO,香港天文台總部,1918,9,5,31.0,
HKO,香港天文台總部,1918,9,6,31.5,
HKO,香港天文台總部,1918,9,7,31.5,
HKO,香港天文台總部,1918,9,8,30.2,
HKO,香港天文台總部,1918,9,9,30.3,
HKO,香港天文台總部,1918,9,10,29.8,
HKO,香港天文台總部,1918,9,11,32.1,
HKO,香港天文台總部,1918,9,12,31.5,
HKO,香港天文台總部,1918,9,13,31.4,
HKO,香港天文台總部,1918,9,14,30.2,
HKO,香港天文台總部,1918,9,15,29.8,
HKO,香港天文台總部,1918,9,16,27.7,
HKO,香港天文台總部,1918,9,17,29.8,
HKO,香港天文台總部,1918,9,18,28.9,
HKO,香港天文台總部,1918,9,19,26.0,
HKO,香港天文台總部,1918,9,20,25.2,
HKO,香港天文台總部,1918,9,21,24.9,
HKO,香港天文台總部,1918,9,22,26.0,
HKO,香港天文台總部,1918,9,23,26.6,
HKO,香港天文台總部,1918,9,24,26.5,
HKO,香港天文台總部,1918,9,25,26.7,
HKO,香港天文台總部,1918,9,26,26.9,
HKO,香港天文台總部,1918,9,27,27.4,
HKO,香港天文台總部,1918,9,28,27.1,
HKO,香港天文台總部,1918,9,29,28.3,
HKO,香港天文台總部,1918,9,30,26.8,
HKO,香港天文台總部,1919,6,1,27.8,
HKO,香港天文台總部,1919,6,2,30.2,
HKO,香港天文台總部,1919,6,3,30.4,
HKO,香港天文台總部,1919,6,4,31.4,
HKO,香港天文台總部,1919,6,5,30.4,
HKO,香港天文台總部,1919,6,6,29.4,
HKO,香港天文台總部,1919,6,7,30.1,
HKO,香港天文台總部,1919,6,8,28.3,
HKO,香港天文台總部,1919,6,9,28.9,
HKO,香港天文台總部,1919,6,10,30.4,
HKO,香港天文台總部,1919,6,11,30.7,
HKO,香港天文台總部,1919,6,12,31.2,
HKO,香港天文台總部,1919,6,13,28.7,
HKO,香港天文台總部,1919,6,14,28.9,
HKO,香港天文台總部,1919,6,15,31.1,
HKO,香港天文台總部,1919,6,16,30.9,
HKO,香港天文台總部,1919,6,17,29.9,
HKO,香港天文台總部,1919,6,18,30.2,
HKO,香港天文台總部,1919,6,19,30.4,
HKO,香港天文台總部,1919,6,20,31.4,
HKO,香港天文台總部,1919,6,21,31.4,
HKO,香港天文台總部,1919,6,22,30.7,
HKO,香港天文台總部,1919,6,23,31.7,
HKO,香港天文台總部,1919,6,24,32.0,
HKO,香港天文台總部,1919,6,25,32.2,
HKO,香港天文台總部,1919,6,26,32.6,
HKO,香港天文台總部,1919,6,27,31.9,
HKO,香港天文台總部,1919,6,28,29.9,
HKO,香港天文台總部,1919,6,29,31.2,
HKO,香港天文台總部,1919,6,30,31.4,
HKO,香港天文台總部,1919,7,1,31.6,
HKO,香港天文台總部,1919,7,2,31.7,
HKO,香港天文台總部,1919,7,3,32.7,
HKO,香港天文台總部,1919,7,4,27.6,
HKO,香港天文台總部,1919,7,5,26.8,
HKO,香港天文台總部,1919,7,6,27.3,
HKO,香港天文台總部,1919,7,7,29.4,
HKO,香港天文台總部,1919,7,8,29.9,
HKO,香港天文台總部,1919,7,9,30.4,
HKO,香港天文台總部,1919,7,10,30.4,
HKO,香港天文台總部,1919,7,11,30.4,
HKO,香港天文台總部,1919,7,12,30.8,
HKO,香港天文台總部,1919,7,13,30.8,
HKO,香港天文台總部,1919,7,14,30.9,
HKO,香港天文台總部,1919,7,15,30.7,
HKO,香港天文台總部,1919,7,16,31.2,
HKO,香港天文台總部,1919,7,17,30.8,
HKO,香港天文台總部,1919,7,18,30.4,
HKO,香港天文台總部,1919,7,19,31.0,
HKO,香港天文台總部,1919,7,20,30.3,
HKO,香港天文台總部,1919,7,21,30.7,
HKO,香港天文台總部,1919,7,22,31.5,
HKO,香港天文台總部,1919,7,23,31.3,
HKO,香港天文台總部,1919,7,24,31.3,
HKO,香港天文台總部,1919,7,25,31.7,
HKO,香港天文台總部,1919,7,26,29.8,
HKO,香港天文台總部,1919,7,27,28.9,
HKO,香港天文台總部,1919,7,28,28.1,
HKO,香港天文台總部,1919,7,29,27.4,
HKO,香港天文台總部,1919,7,30,29.3,
HKO,香港天文台總部,1919,7,31,31.2,
HKO,香港天文台總部,1919,8,1,33.4,
HKO,香港天文台總部,1919,8,2,29.6,
HKO,香港天文台總部,1919,8,3,31.4,
HKO,香港天文台總部,1919,8,4,30.1,
HKO,香港天文台總部,1919,8,5,31.3,
HKO,香港天文台總部,1919,8,6,31.4,
HKO,香港天文台總部,1919,8,7,32.6,
HKO,香港天文台總部,1919,8,8,30.5,
HKO,香港天文台總部,1919,8,9,31.4,
HKO,香港天文台總部,1919,8,10,28.9,
HKO,香港天文台總部,1919,8,11,28.5,
HKO,香港天文台總部,1919,8,12,30.4,
HKO,香港天文台總部,1919,8,13,31.4,
HKO,香港天文台總部,1919,8,14,32.8,
HKO,香港天文台總部,1919,8,15,32.7,
HKO,香港天文台總部,1919,8,16,32.7,
HKO,香港天文台總部,1919,8,17,31.3,
HKO,香港天文台總部,1919,8,18,28.8,
HKO,香港天文台總部,1919,8,19,27.2,
HKO,香港天文台總部,1919,8,20,29.8,
HKO,香港天文台總部,1919,8,21,33.2,
HKO,香港天文台總部,1919,8,22,28.6,
HKO,香港天文台總部,1919,8,23,29.8,
HKO,香港天文台總部,1919,8,24,28.6,
HKO,香港天文台總部,1919,8,25,32.2,
HKO,香港天文台總部,1919,8,26,32.6,
HKO,香港天文台總部,1919,8,27,28.8,
HKO,香港天文台總部,1919,8,28,28.8,
HKO,香港天文台總部,1919,8,29,29.3,
HKO,香港天文台總部,1919,8,30,30.1,
HKO,香港天文台總部,1919,8,31,30.4,
HKO,香港天文台總部,1919,9,1,30.2,
HKO,香港天文台總部,1919,9,2,29.9,
HKO,香港天文台總部,1919,9,3,30.3,
HKO,香港天文台總部,1919,9,4,30.7,
HKO,香港天文台總部,1919,9,5,30.3,
HKO,香港天文台總部,1919,9,6,29.0,
HKO,香港天文台總部,1919,9,7,31.1,
HKO,香港天文台總部,1919,9,8,31.0,
HKO,香港天文台總部,1919,9,9,30.8,
HKO,香港天文台總部,1919,9,10,30.6,
HKO,香港天文台總部,1919,9,11,31.1,
HKO,香港天文台總部,1919,9,12,28.7,
HKO,香港天文台總部,1919,9,13,27.8,
HKO,香港天文台總部,1919,9,14,29.1,
HKO,香港天文台總部,1919,9,15,29.0,
HKO,香港天文台總部,1919,9,16,28.4,
HKO,香港天文台總部,1919,9,17,28.4,
HKO,香港天文台總部,1919,9,18,28.1,
HKO,香港天文台總部,1919,9,19,27.7,
HKO,香港天文台總部,1919,9,20,28.0,
HKO,香港天文台總部,1919,9,21,28.0,
HKO,香港天文台總部,1919,9,22,28.1,
HKO,香港天文台總部,1919,9,23,27.8,
HKO,香港天文台總部,1919,9,24,27.9,
HKO,香港天文台總部,1919,9,25,28.1,
HKO,香港天文台總部,1919,9,26,28.4,
HKO,香港天文台總部,1919,9,27,30.1,
HKO,香港天文台總部,1919,9,28,30.1,
HKO,香港天文台總部,1919,9,29,29.9,
HKO,香港天文台總部,1919,9,30,29.4,
HKO,香港天文台總部,1920,6,1,27.2,
HKO,香港天文台總部,1920,6,2,26.4,
HKO,香港天文台總部,1920,6,3,28.9,
HKO,香港天文台總部,1920,6,4,29.4,
HKO,香港天文台總部,1920,6,5,28.6,
HKO,香港天文台總部,1920,6,6,27.9,
HKO,香港天文台總部,1920,6,7,28.2,
HKO,香港天文台總部,1920,6,8,28.4,
HKO,香港天文台總部,1920,6,9,27.6,
HKO,香港天文台總部,1920,6,10,27.7,
HKO,香港天文台總部,1920,6,11,28.1,
HKO,香港天文台總部,1920,6,12,28.2,
HKO,香港天文台總部,1920,6,13,31.7,
HKO,香港天文台總部,1920,6,14,30.1,
HKO,香港天文台總部,1920,6,15,29.7,
HKO,香港天文台總部,1920,6,16,29.9,
HKO,香港天文台總部,1920,6,17,30.5,
HKO,香港天文台總部,1920,6,18,31.3,
HKO,香港天文台總部,1920,6,19,30.8,
HKO,香港天文台總部,1920,6,20,31.4,
HKO,香港天文台總部,1920,6,21,31.6,
HKO,香港天文台總部,1920,6,22,30.9,
HKO,香港天文台總部,1920,6,23,30.7,
HKO,香港天文台總部,1920,6,24,30.0,
HKO,香港天文台總部,1920,6,25,31.3,
HKO,香港天文台總部,1920,6,26,30.9,
HKO,香港天文台總部,1920,6,27,29.4,
HKO,香港天文台總部,1920,6,28,30.4,
HKO,香港天文台總部,1920,6,29,27.6,
HKO,香港天文台總部,1920,6,30,29.3,
HKO,香港天文台總部,1920,7,1,29.7,
HKO,香港天文台總部,1920,7,2,28.3,
HKO,香港天文台總部,1920,7,3,29.1,
HKO,香港天文台總部,1920,7,4,28.7,
HKO,香港天文台總部,1920,7,5,30.7,
HKO,香港天文台總部,1920,7,6,30.6,
HKO,香港天文台總部,1920,7,7,30.9,
HKO,香港天文台總部,1920,7,8,30.7,
HKO,香港天文台總部,1920,7,9,30.1,
HKO,香港天文台總部,1920,7,10,28.7,
HKO,香港天文台總部,1920,7,11,30.3,
HKO,香港天文台總部,1920,7,12,32.1,
HKO,香港天文台總部,1920,7,13,32.8,
HKO,香港天文台總部,1920,7,14,32.7,
HKO,香港天文台總部,1920,7,15,33.4,
HKO,香港天文台總部,1920,7,16,32.9,
HKO,香港天文台總部,1920,7,17,32.6,
HKO,香港天文台總部,1920,7,18,29.3,
HKO,香港天文台總部,1920,7,19,28.7,
HKO,香港天文台總部,1920,7,20,26.0,
HKO,香港天文台總部,1920,7,21,27.8,
HKO,香港天文台總部,1920,7,22,30.5,
HKO,香港天文台總部,1920,7,23,31.3,
HKO,香港天文台總部,1920,7,24,33.3,
HKO,香港天文台總部,1920,7,25,33.9,
HKO,香港天文台總部,1920,7,26,31.9,
HKO,香港天文台總部,1920,7,27,30.5,
HKO,香港天文台總部,1920,7,28,31.0,
HKO,香港天文台總部,1920,7,29,30.7,
HKO,香港天文台總部,1920,7,30,29.9,
HKO,香港天文台總部,1920,7,31,27.6,
HKO,香港天文台總部,1920,8,1,28.1,
HKO,香港天文台總部,1920,8,2,27.9,
HKO,香港天文台總部,1920,8,3,28.7,
HKO,香港天文台總部,1920,8,4,29.7,
HKO,香港天文台總部,1920,8,5,30.4,
HKO,香港天文台總部,1920,8,6,32.0,
HKO,香港天文台總部,1920,8,7,31.0,
HKO,香港天文台總部,1920,8,8,30.9,
HKO,香港天文台總部,1920,8,9,31.1,
HKO,香港天文台總部,1920,8,10,29.9,
HKO,香港天文台總部,1920,8,11,30.0,
HKO,香港天文台總部,1920,8,12,29.1,
HKO,香港天文台總部,1920,8,13,30.6,
HKO,香港天文台總部,1920,8,14,31.7,
HKO,香港天文台總部,1920,8,15,31.1,
HKO,香港天文台總部,1920,8,16,30.6,
HKO,香港天文台總部,1920,8,17,28.1,
HKO,香港天文台總部,1920,8,18,28.5,
HKO,香港天文台總部,1920,8,19,27.8,
HKO,香港天文台總部,1920,8,20,28.9,
HKO,香港天文台總部,1920,8,21,29.6,
HKO,香港天文台總部,1920,8,22,29.9,
HKO,香港天文台總部,1920,8,23,30.4,
HKO,香港天文台總部,1920,8,24,28.1,
HKO,香港天文台總部,1920,8,25,28.9,
HKO,香港天文台總部,1920,8,26,28.1,
HKO,香港天文台總部,1920,8,27,28.7,
HKO,香港天文台總部,1920,8,28,28.8,
HKO,香港天文台總部,1920,8,29,30.3,
HKO,香港天文台總部,1920,8,30,30.6,
HKO,香港天文台總部,1920,8,31,30.2,
HKO,香港天文台總部,1920,9,1,29.8,
HKO,香港天文台總部,1920,9,2,30.7,
HKO,香港天文台總部,1920,9,3,32.2,
HKO,香港天文台總部,1920,9,4,31.2,
HKO,香港天文台總部,1920,9,5,29.8,
HKO,香港天文台總部,1920,9,6,30.6,
HKO,香港天文台總部,1920,9,7,30.1,
HKO,香港天文台總部,1920,9,8,29.5,
HKO,香港天文台總部,1920,9,9,28.7,
HKO,香港天文台總部,1920,9,10,29.5,
HKO,香港天文台總部,1920,9,11,28.0,
HKO,香港天文台總部,1920,9,12,27.2,
HKO,香港天文台總部,1920,9,13,27.7,
HKO,香港天文台總部,1920,9,14,30.6,
HKO,香港天文台總部,1920,9,15,30.7,
HKO,香港天文台總部,1920,9,16,29.8,
HKO,香港天文台總部,1920,9,17,30.3,
HKO,香港天文台總部,1920,9,18,29.5,
HKO,香港天文台總部,1920,9,19,29.1,
HKO,香港天文台總部,1920,9,20,29.2,
HKO,香港天文台總部,1920,9,21,29.4,
HKO,香港天文台總部,1920,9,22,29.1,
HKO,香港天文台總部,1920,9,23,29.2,
HKO,香港天文台總部,1920,9,24,30.1,
HKO,香港天文台總部,1920,9,25,30.2,
HKO,香港天文台總部,1920,9,26,30.9,
HKO,香港天文台總部,1920,9,27,29.7,
HKO,香港天文台總部,1920,9,28,29.1,
HKO,香港天文台總部,1920,9,29,30.9,
HKO,香港天文台總部,1920,9,30,30.4,
HKO,香港天文台總部,1921,6,1,26.0,
HKO,香港天文台總部,1921,6,2,25.7,
HKO,香港天文台總部,1921,6,3,25.2,
HKO,香港天文台總部,1921,6,4,26.4,
HKO,香港天文台總部,1921,6,5,29.2,
HKO,香港天文台總部,1921,6,6,28.4,
HKO,香港天文台總部,1921,6,7,30.4,
HKO,香港天文台總部,1921,6,8,28.7,
HKO,香港天文台總部,1921,6,9,26.5,
HKO,香港天文台總部,1921,6,10,30.5,
HKO,香港天文台總部,1921,6,11,31.4,
HKO,香港天文台總部,1921,6,12,30.8,
HKO,香港天文台總部,1921,6,13,30.9,
HKO,香港天文台總部,1921,6,14,30.9,
HKO,香港天文台總部,1921,6,15,30.2,
HKO,香港天文台總部,1921,6,16,29.6,
HKO,香港天文台總部,1921,6,17,29.7,
HKO,香港天文台總部,1921,6,18,29.1,
HKO,香港天文台總部,1921,6,19,28.9,
HKO,香港天文台總部,1921,6,20,28.6,
HKO,香港天文台總部,1921,6,21,30.8,
HKO,香港天文台總部,1921,6,22,31.4,
HKO,香港天文台總部,1921,6,23,31.8,
HKO,香港天文台總部,1921,6,24,31.3,
HKO,香港天文台總部,1921,6,25,30.8,
HKO,香港天文台總部,1921,6,26,30.4,
HKO,香港天文台總部,1921,6,27,31.6,
HKO,香港天文台總部,1921,6,28,30.8,
HKO,香港天文台總部,1921,6,29,30.3,
HKO,香港天文台總部,1921,6,30,30.3,
HKO,香港天文台總部,1921,7,1,25.2,
HKO,香港天文台總部,1921,7,2,26.5,
HKO,香港天文台總部,1921,7,3,27.8,
HKO,香港天文台總部,1921,7,4,28.9,
HKO,香港天文台總部,1921,7,5,29.7,
HKO,香港天文台總部,1921,7,6,29.6,
HKO,香港天文台總部,1921,7,7,30.2,
HKO,香港天文台總部,1921,7,8,31.3,
HKO,香港天文台總部,1921,7,9,30.3,
HKO,香港天文台總部,1921,7,10,30.2,
HKO,香港天文台總部,1921,7,11,30.9,
HKO,香港天文台總部,1921,7,12,30.6,
HKO,香港天文台總部,1921,7,13,30.9,
HKO,香港天文台總部,1921,7,14,31.9,
HKO,香港天文台總部,1921,7,15,30.7,
HKO,香港天文台總部,1921,7,16,30.9,
HKO,香港天文台總部,1921,7,17,29.6,
HKO,香港天文台總部,1921,7,18,30.2,
HKO,香港天文台總部,1921,7,19,31.1,
HKO,香港天文台總部,1921,7,20,31.2,
HKO,香港天文台總部,1921,7,21,32.3,
HKO,香港天文台總部,1921,7,22,32.3,
HKO,香港天文台總部,1921,7,23,32.6,
HKO,香港天文台總部,1921,7,24,28.4,
HKO,香港天文台總部,1921,7,25,28.9,
HKO,香港天文台總部,1921,7,26,29.3,
HKO,香港天文台總部,1921,7,27,30.0,
HKO,香港天文台總部,1921,7,28,29.8,
HKO,香港天文台總部,1921,7,29,30.8,
HKO,香港天文台總部,1921,7,30,31.1,
HKO,香港天文台總部,1921,7,31,30.8,
HKO,香港天文台總部,1921,8,1,31.2,
HKO,香港天文台總部,1921,8,2,31.0,
HKO,香港天文台總部,1921,8,3,30.1,
HKO,香港天文台總部,1921,8,4,31.0,
HKO,香港天文台總部,1921,8,5,32.0,
HKO,香港天文台總部,1921,8,6,32.6,
HKO,香港天文台總部,1921,8,7,32.1,
HKO,香港天文台總部,1921,8,8,28.0,
HKO,香港天文台總部,1921,8,9,28.6,
HKO,香港天文台總部,1921,8,10,29.0,
HKO,香港天文台總部,1921,8,11,31.2,
HKO,香港天文台總部,1921,8,12,32.0,
HKO,香港天文台總部,1921,8,13,32.2,
HKO,香港天文台總部,1921,8,14,32.9,
HKO,香港天文台總部,1921,8,15,31.8,
HKO,香港天文台總部,1921,8,16,30.8,
HKO,香港天文台總部,1921,8,17,30.1,
HKO,香港天文台總部,1921,8,18,31.8,
HKO,香港天文台總部,1921,8,19,32.1,
HKO,香港天文台總部,1921,8,20,32.7,
HKO,香港天文台總部,1921,8,21,32.9,
HKO,香港天文台總部,1921,8,22,33.4,
HKO,香港天文台總部,1921,8,23,32.0,
HKO,香港天文台總部,1921,8,24,30.4,
HKO,香港天文台總部,1921,8,25,28.1,
HKO,香港天文台總部,1921,8,26,29.4,
HKO,香港天文台總部,1921,8,27,28.7,
HKO,香港天文台總部,1921,8,28,29.2,
HKO,香港天文台總部,1921,8,29,30.0,
HKO,香港天文台總部,1921,8,30,27.5,
HKO,香港天文台總部,1921,8,31,29.3,
HKO,香港天文台總部,1921,9,1,29.6,
HKO,香港天文台總部,1921,9,2,29.1,
HKO,香港天文台總部,1921,9,3,27.6,
HKO,香港天文台總部,1921,9,4,28.9,
HKO,香港天文台總部,1921,9,5,26.6,
HKO,香港天文台總部,1921,9,6,27.5,
HKO,香港天文台總部,1921,9,7,27.2,
HKO,香港天文台總部,1921,9,8,29.3,
HKO,香港天文台總部,1921,9,9,28.5,
HKO,香港天文台總部,1921,9,10,29.4,
HKO,香港天文台總部,1921,9,11,29.6,
HKO,香港天文台總部,1921,9,12,31.3,
HKO,香港天文台總部,1921,9,13,32.4,
HKO,香港天文台總部,1921,9,14,31.9,
HKO,香港天文台總部,1921,9,15,30.7,
HKO,香港天文台總部,1921,9,16,30.3,
HKO,香港天文台總部,1921,9,17,30.9,
HKO,香港天文台總部,1921,9,18,31.7,
HKO,香港天文台總部,1921,9,19,32.6,
HKO,香港天文台總部,1921,9,20,29.0,
HKO,香港天文台總部,1921,9,21,28.4,
HKO,香港天文台總部,1921,9,22,28.6,
HKO,香港天文台總部,1921,9,23,27.4,
HKO,香港天文台總部,1921,9,24,27.4,
HKO,香港天文台總部,1921,9,25,27.8,
HKO,香港天文台總部,1921,9,26,27.5,
HKO,香港天文台總部,1921,9,27,27.2,
HKO,香港天文台總部,1921,9,28,28.0,
HKO,香港天文台總部,1921,9,29,28.3,
HKO,香港天文台總部,1921,9,30,28.3,
HKO,香港天文台總部,1922,6,1,26.2,
HKO,香港天文台總部,1922,6,2,28.4,
HKO,香港天文台總部,1922,6,3,29.9,
HKO,香港天文台總部,1922,6,4,31.7,
HKO,香港天文台總部,1922,6,5,30.6,
HKO,香港天文台總部,1922,6,6,29.1,
HKO,香港天文台總部,1922,6,7,29.6,
HKO,香港天文台總部,1922,6,8,28.6,
HKO,香港天文台總部,1922,6,9,29.2,
HKO,香港天文台總部,1922,6,10,30.2,
HKO,香港天文台總部,1922,6,11,29.1,
HKO,香港天文台總部,1922,6,12,29.4,
HKO,香港天文台總部,1922,6,13,29.9,
HKO,香港天文台總部,1922,6,14,30.6,
HKO,香港天文台總部,1922,6,15,31.1,
HKO,香港天文台總部,1922,6,16,31.4,
HKO,香港天文台總部,1922,6,17,31.4,
HKO,香港天文台總部,1922,6,18,31.3,
HKO,香港天文台總部,1922,6,19,30.4,
HKO,香港天文台總部,1922,6,20,28.8,
HKO,香港天文台總部,1922,6,21,28.1,
HKO,香港天文台總部,1922,6,22,30.9,
HKO,香港天文台總部,1922,6,23,31.1,
HKO,香港天文台總部,1922,6,24,31.6,
HKO,香港天文台總部,1922,6,25,31.2,
HKO,香港天文台總部,1922,6,26,31.4,
HKO,香港天文台總部,1922,6,27,31.4,
HKO,香港天文台總部,1922,6,28,31.9,
HKO,香港天文台總部,1922,6,29,31.9,
HKO,香港天文台總部,1922,6,30,32.2,
HKO,香港天文台總部,1922,7,1,32.6,
HKO,香港天文台總部,1922,7,2,32.2,
HKO,香港天文台總部,1922,7,3,31.9,
HKO,香港天文台總部,1922,7,4,32.2,
HKO,香港天文台總部,1922,7,5,32.6,
HKO,香港天文台總部,1922,7,6,31.1,
HKO,香港天文台總部,1922,7,7,32.4,
HKO,香港天文台總部,1922,7,8,30.2,
HKO,香港天文台總部,1922,7,9,29.3,
HKO,香港天文台總部,1922,7,10,28.6,
HKO,香港天文台總部,1922,7,11,30.6,
HKO,香港天文台總部,1922,7,12,29.6,
HKO,香港天文台總部,1922,7,13,27.5,
HKO,香港天文台總部,1922,7,14,29.8,
HKO,香港天文台總部,1922,7,15,30.6,
HKO,香港天文台總部,1922,7,16,31.1,
HKO,香港天文台總部,1922,7,17,31.4,
HKO,香港天文台總部,1922,7,18,31.4,
HKO,香港天文台總部,1922,7,19,31.3,
HKO,香港天文台總部,1922,7,20,30.4,
HKO,香港天文台總部,1922,7,21,28.9,
HKO,香港天文台總部,1922,7,22,30.8,
HKO,香港天文台總部,1922,7,23,31.0,
HKO,香港天文台總部,1922,7,24,31.4,
HKO,香港天文台總部,1922,7,25,30.9,
HKO,香港天文台總部,1922,7,26,31.3,
HKO,香港天文台總部,1922,7,27,32.1,
HKO,香港天文台總部,1922,7,28,29.4,
HKO,香港天文台總部,1922,7,29,29.3,
HKO,香港天文台總部,1922,7,30,30.6,
HKO,香港天文台總部,1922,7,31,30.4,
HKO,香港天文台總部,1922,8,1,32.3,
HKO,香港天文台總部,1922,8,2,33.9,
HKO,香港天文台總部,1922,8,3,29.2,
HKO,香港天文台總部,1922,8,4,29.3,
HKO,香港天文台總部,1922,8,5,30.4,
HKO,香港天文台總部,1922,8,6,30.8,
HKO,香港天文台總部,1922,8,7,31.6,
HKO,香港天文台總部,1922,8,8,31.4,
HKO,香港天文台總部,1922,8,9,31.7,
HKO,香港天文台總部,1922,8,10,31.7,
HKO,香港天文台總部,1922,8,11,30.8,
HKO,香港天文台總部,1922,8,12,32.1,
HKO,香港天文台總部,1922,8,13,31.6,
HKO,香港天文台總部,1922,8,14,32.2,
HKO,香港天文台總部,1922,8,15,31.1,
HKO,香港天文台總部,1922,8,16,30.4,
HKO,香港天文台總部,1922,8,17,30.5,
HKO,香港天文台總部,1922,8,18,32.3,
HKO,香港天文台總部,1922,8,19,31.8,
HKO,香港天文台總部,1922,8,20,30.7,
HKO,香港天文台總部,1922,8,21,29.3,
HKO,香港天文台總部,1922,8,22,30.6,
HKO,香港天文台總部,1922,8,23,29.2,
HKO,香港天文台總部,1922,8,24,31.3,
HKO,香港天文台總部,1922,8,25,30.4,
HKO,香港天文台總部,1922,8,26,30.9,
HKO,香港天文台總部,1922,8,27,30.0,
HKO,香港天文台總部,1922,8,28,30.1,
HKO,香港天文台總部,1922,8,29,29.8,
HKO,香港天文台總部,1922,8,30,27.9,
HKO,香港天文台總部,1922,8,31,26.8,
HKO,香港天文台總部,1922,9,1,29.9,
HKO,香港天文台總部,1922,9,2,28.0,
HKO,香港天文台總部,1922,9,3,28.4,
HKO,香港天文台總部,1922,9,4,30.6,
HKO,香港天文台總部,1922,9,5,28.7,
HKO,香港天文台總部,1922,9,6,31.4,
HKO,香港天文台總部,1922,9,7,29.7,
HKO,香港天文台總部,1922,9,8,31.3,
HKO,香港天文台總部,1922,9,9,29.5,
HKO,香港天文台總部,1922,9,10,29.7,
HKO,香港天文台總部,1922,9,11,30.4,
HKO,香港天文台總部,1922,9,12,32.2,
HKO,香港天文台總部,1922,9,13,30.8,
HKO,香港天文台總部,1922,9,14,31.8,
HKO,香港天文台總部,1922,9,15,31.4,
HKO,香港天文台總部,1922,9,16,31.6,
HKO,香港天文台總部,1922,9,17,32.9,
HKO,香港天文台總部,1922,9,18,32.4,
HKO,香港天文台總部,1922,9,19,29.7,
HKO,香港天文台總部,1922,9,20,25.9,
HKO,香港天文台總部,1922,9,21,28.4,
HKO,香港天文台總部,1922,9,22,25.3,
HKO,香港天文台總部,1922,9,23,27.8,
HKO,香港天文台總部,1922,9,24,28.7,
HKO,香港天文台總部,1922,9,25,29.5,
HKO,香港天文台總部,1922,9,26,29.2,
HKO,香港天文台總部,1922,9,27,29.8,
HKO,香港天文台總部,1922,9,28,32.8,
HKO,香港天文台總部,1922,9,29,31.3,
HKO,香港天文台總部,1922,9,30,26.3,
HKO,香港天文台總部,1923,6,1,27.7,
HKO,香港天文台總部,1923,6,2,25.4,
HKO,香港天文台總部,1923,6,3,25.5,
HKO,香港天文台總部,1923,6,4,23.6,
HKO,香港天文台總部,1923,6,5,26.7,
HKO,香港天文台總部,1923,6,6,26.8,
HKO,香港天文台總部,1923,6,7,26.4,
HKO,香港天文台總部,1923,6,8,28.3,
HKO,香港天文台總部,1923,6,9,29.6,
HKO,香港天文台總部,1923,6,10,28.2,
HKO,香港天文台總部,1923,6,11,29.0,
HKO,香港天文台總部,1923,6,12,28.7,
HKO,香港天文台總部,1923,6,13,26.9,
HKO,香港天文台總部,1923,6,14,26.4,
HKO,香港天文台總部,1923,6,15,29.1,
HKO,香港天文台總部,1923,6,16,30.6,
HKO,香港天文台總部,1923,6,17,31.4,
HKO,香港天文台總部,1923,6,18,31.7,
HKO,香港天文台總部,1923,6,19,30.3,
HKO,香港天文台總部,1923,6,20,31.7,
HKO,香港天文台總部,1923,6,21,32.2,
HKO,香港天文台總部,1923,6,22,32.3,
HKO,香港天文台總部,1923,6,23,32.7,
HKO,香港天文台總部,1923,6,24,29.7,
HKO,香港天文台總部,1923,6,25,29.7,
HKO,香港天文台總部,1923,6,26,29.1,
HKO,香港天文台總部,1923,6,27,31.6,
HKO,香港天文台總部,1923,6,28,31.6,
HKO,香港天文台總部,1923,6,29,31.9,
HKO,香港天文台總部,1923,6,30,31.6,
HKO,香港天文台總部,1923,7,1,29.4,
HKO,香港天文台總部,1923,7,2,27.8,
HKO,香港天文台總部,1923,7,3,29.1,
HKO,香港天文台總部,1923,7,4,29.8,
HKO,香港天文台總部,1923,7,5,30.9,
HKO,香港天文台總部,1923,7,6,30.1,
HKO,香港天文台總部,1923,7,7,30.9,
HKO,香港天文台總部,1923,7,8,31.1,
HKO,香港天文台總部,1923,7,9,31.2,
HKO,香港天文台總部,1923,7,10,31.9,
HKO,香港天文台總部,1923,7,11,32.1,
HKO,香港天文台總部,1923,7,12,32.2,
HKO,香港天文台總部,1923,7,13,32.1,
HKO,香港天文台總部,1923,7,14,32.5,
HKO,香港天文台總部,1923,7,15,32.1,
HKO,香港天文台總部,1923,7,16,32.1,
HKO,香港天文台總部,1923,7,17,31.9,
HKO,香港天文台總部,1923,7,18,30.7,
HKO,香港天文台總部,1923,7,19,29.9,
HKO,香港天文台總部,1923,7,20,30.6,
HKO,香港天文台總部,1923,7,21,28.0,
HKO,香港天文台總部,1923,7,22,27.7,
HKO,香港天文台總部,1923,7,23,28.7,
HKO,香港天文台總部,1923,7,24,29.2,
HKO,香港天文台總部,1923,7,25,30.7,
HKO,香港天文台總部,1923,7,26,30.8,
HKO,香港天文台總部,1923,7,27,27.8,
HKO,香港天文台總部,1923,7,28,27.3,
HKO,香港天文台總部,1923,7,29,27.3,
HKO,香港天文台總部,1923,7,30,26.7,
HKO,香港天文台總部,1923,7,31,28.4,
HKO,香港天文台總部,1923,8,1,28.9,
HKO,香港天文台總部,1923,8,2,30.8,
HKO,香港天文台總部,1923,8,3,31.7,
HKO,香港天文台總部,1923,8,4,33.8,
HKO,香港天文台總部,1923,8,5,28.1,
HKO,香港天文台總部,1923,8,6,28.4,
HKO,香港天文台總部,1923,8,7,31.1,
HKO,香港天文台總部,1923,8,8,31.1,
HKO,香港天文台總部,1923,8,9,32.8,
HKO,香港天文台總部,1923,8,10,29.9,
HKO,香港天文台總部,1923,8,11,29.9,
HKO,香港天文台總部,1923,8,12,29.9,
HKO,香港天文台總部,1923,8,13,29.5,
HKO,香港天文台總部,1923,8,14,29.7,
HKO,香港天文台總部,1923,8,15,29.2,
HKO,香港天文台總部,1923,8,16,28.2,
HKO,香港天文台總部,1923,8,17,30.5,
HKO,香港天文台總部,1923,8,18,28.4,
HKO,香港天文台總部,1923,8,19,27.7,
HKO,香港天文台總部,1923,8,20,29.6,
HKO,香港天文台總部,1923,8,21,29.9,
HKO,香港天文台總部,1923,8,22,27.7,
HKO,香港天文台總部,1923,8,23,29.7,
HKO,香港天文台總部,1923,8,24,30.7,
HKO,香港天文台總部,1923,8,25,29.8,
HKO,香港天文台總部,1923,8,26,31.4,
HKO,香港天文台總部,1923,8,27,28.9,
HKO,香港天文台總部,1923,8,28,27.8,
HKO,香港天文台總部,1923,8,29,28.6,
HKO,香港天文台總部,1923,8,30,27.9,
HKO,香港天文台總部,1923,8,31,28.0,
HKO,香港天文台總部,1923,9,1,30.8,
HKO,香港天文台總部,1923,9,2,31.4,
HKO,香港天文台總部,1923,9,3,30.9,
HKO,香港天文台總部,1923,9,4,30.6,
HKO,香港天文台總部,1923,9,5,31.1,
HKO,香港天文台總部,1923,9,6,31.7,
HKO,香港天文台總部,1923,9,7,32.3,
HKO,香港天文台總部,1923,9,8,28.1,
HKO,香港天文台總部,1923,9,9,31.0,
HKO,香港天文台總部,1923,9,10,30.5,
HKO,香港天文台總部,1923,9,11,30.1,
HKO,香港天文台總部,1923,9,12,29.4,
HKO,香港天文台總部,1923,9,13,31.3,
HKO,香港天文台總部,1923,9,14,30.7,
HKO,香港天文台總部,1923,9,15,31.3,
HKO,香港天文台總部,1923,9,16,29.5,
HKO,香港天文台總部,1923,9,17,29.4,
HKO,香港天文台總部,1923,9,18,28.8,
HKO,香港天文台總部,1923,9,19,28.3,
HKO,香港天文台總部,1923,9,20,30.7,
HKO,香港天文台總部,1923,9,21,31.6,
HKO,香港天文台總部,1923,9,22,28.1,
HKO,香港天文台總部,1923,9,23,28.6,
HKO,香港天文台總部,1923,9,24,28.9,
HKO,香港天文台總部,1923,9,25,29.7,
HKO,香港天文台總部,1923,9,26,28.1,
HKO,香港天文台總部,1923,9,27,27.8,
HKO,香港天文台總部,1923,9,28,29.6,
HKO,香港天文台總部,1923,9,29,29.4,
HKO,香港天文台總部,1923,9,30,29.2,
HKO,香港天文台總部,1924,6,1,28.7,
HKO,香港天文台總部,1924,6,2,29.6,
HKO,香港天文台總部,1924,6,3,31.4,
HKO,香港天文台總部,1924,6,4,32.4,
HKO,香港天文台總部,1924,6,5,27.0,
HKO,香港天文台總部,1924,6,6,29.2,
HKO,香港天文台總部,1924,6,7,27.0,
HKO,香港天文台總部,1924,6,8,26.8,
HKO,香港天文台總部,1924,6,9,30.0,
HKO,香港天文台總部,1924,6,10,30.6,
HKO,香港天文台總部,1924,6,11,30.8,
HKO,香港天文台總部,1924,6,12,27.1,
HKO,香港天文台總部,1924,6,13,24.8,
HKO,香港天文台總部,1924,6,14,26.8,
HKO,香港天文台總部,1924,6,15,27.7,
HKO,香港天文台總部,1924,6,16,27.8,
HKO,香港天文台總部,1924,6,17,30.1,
HKO,香港天文台總部,1924,6,18,28.3,
HKO,香港天文台總部,1924,6,19,29.6,
HKO,香港天文台總部,1924,6,20,28.0,
HKO,香港天文台總部,1924,6,21,30.3,
HKO,香港天文台總部,1924,6,22,29.5,
HKO,香港天文台總部,1924,6,23,28.3,
HKO,香港天文台總部,1924,6,24,28.3,
HKO,香港天文台總部,1924,6,25,30.0,
HKO,香港天文台總部,1924,6,26,31.1,
HKO,香港天文台總部,1924,6,27,30.5,
HKO,香港天文台總部,1924,6,28,31.0,
HKO,香港天文台總部,1924,6,29,29.7,
HKO,香港天文台總部,1924,6,30,30.0,
HKO,香港天文台總部,1924,7,1,29.7,
HKO,香港天文台總部,1924,7,2,31.7,
HKO,香港天文台總部,1924,7,3,31.2,
HKO,香港天文台總部,1924,7,4,31.4,
HKO,香港天文台總部,1924,7,5,30.9,
HKO,香港天文台總部,1924,7,6,30.3,
HKO,香港天文台總部,1924,7,7,29.7,
HKO,香港天文台總部,1924,7,8,31.1,
HKO,香港天文台總部,1924,7,9,31.7,
HKO,香港天文台總部,1924,7,10,30.6,
HKO,香港天文台總部,1924,7,11,30.3,
HKO,香港天文台總部,1924,7,12,31.1,
HKO,香港天文台總部,1924,7,13,31.7,
HKO,香港天文台總部,1924,7,14,29.3,
HKO,香港天文台總部,1924,7,15,30.0,
HKO,香港天文台總部,1924,7,16,29.1,
HKO,香港天文台總部,1924,7,17,29.7,
HKO,香港天文台總部,1924,7,18,30.6,
HKO,香港天文台總部,1924,7,19,29.6,
HKO,香港天文台總部,1924,7,20,29.2,
HKO,香港天文台總部,1924,7,21,29.3,
HKO,香港天文台總部,1924,7,22,29.4,
HKO,香港天文台總部,1924,7,23,29.0,
HKO,香港天文台總部,1924,7,24,29.2,
HKO,香港天文台總部,1924,7,25,29.4,
HKO,香港天文台總部,1924,7,26,29.4,
HKO,香港天文台總部,1924,7,27,30.1,
HKO,香港天文台總部,1924,7,28,30.1,
HKO,香港天文台總部,1924,7,29,31.2,
HKO,香港天文台總部,1924,7,30,31.7,
HKO,香港天文台總部,1924,7,31,29.2,
HKO,香港天文台總部,1924,8,1,30.1,
HKO,香港天文台總部,1924,8,2,30.3,
HKO,香港天文台總部,1924,8,3,30.7,
HKO,香港天文台總部,1924,8,4,32.1,
HKO,香港天文台總部,1924,8,5,31.7,
HKO,香港天文台總部,1924,8,6,30.6,
HKO,香港天文台總部,1924,8,7,31.3,
HKO,香港天文台總部,1924,8,8,29.9,
HKO,香港天文台總部,1924,8,9,27.2,
HKO,香港天文台總部,1924,8,10,27.3,
HKO,香港天文台總部,1924,8,11,28.9,
HKO,香港天文台總部,1924,8,12,31.9,
HKO,香港天文台總部,1924,8,13,30.8,
HKO,香港天文台總部,1924,8,14,31.2,
HKO,香港天文台總部,1924,8,15,30.6,
HKO,香港天文台總部,1924,8,16,30.1,
HKO,香港天文台總部,1924,8,17,31.3,
HKO,香港天文台總部,1924,8,18,31.3,
HKO,香港天文台總部,1924,8,19,30.4,
HKO,香港天文台總部,1924,8,20,28.8,
HKO,香港天文台總部,1924,8,21,29.3,
HKO,香港天文台總部,1924,8,22,31.1,
HKO,香港天文台總部,1924,8,23,31.1,
HKO,香港天文台總部,1924,8,24,29.4,
HKO,香港天文台總部,1924,8,25,30.3,
HKO,香港天文台總部,1924,8,26,29.8,
HKO,香港天文台總部,1924,8,27,30.6,
HKO,香港天文台總部,1924,8,28,31.6,
HKO,香港天文台總部,1924,8,29,30.3,
HKO,香港天文台總部,1924,8,30,31.4,
HKO,香港天文台總部,1924,8,31,30.9,
HKO,香港天文台總部,1924,9,1,30.6,
HKO,香港天文台總部,1924,9,2,31.0,
HKO,香港天文台總部,1924,9,3,31.9,
HKO,香港天文台總部,1924,9,4,31.3,
HKO,香港天文台總部,1924,9,5,32.2,
HKO,香港天文台總部,1924,9,6,33.3,
HKO,香港天文台總部,1924,9,7,34.0,
HKO,香港天文台總部,1924,9,8,33.8,
HKO,香港天文台總部,1924,9,9,31.4,
HKO,香港天文台總部,1924,9,10,32.2,
HKO,香港天文台總部,1924,9,11,30.4,
HKO,香港天文台總部,1924,9,12,30.7,
HKO,香港天文台總部,1924,9,13,31.9,
HKO,香港天文台總部,1924,9,14,29.7,
HKO,香港天文台總部,1924,9,15,30.1,
HKO,香港天文台總部,1924,9,16,29.4,
HKO,香港天文台總部,1924,9,17,26.5,
HKO,香港天文台總部,1924,9,18,27.6,
HKO,香港天文台總部,1924,9,19,27.4,
HKO,香港天文台總部,1924,9,20,28.7,
HKO,香港天文台總部,1924,9,21,30.3,
HKO,香港天文台總部,1924,9,22,30.4,
HKO,香港天文台總部,1924,9,23,28.9,
HKO,香港天文台總部,1924,9,24,28.7,
HKO,香港天文台總部,1924,9,25,28.4,
HKO,香港天文台總部,1924,9,26,29.4,
HKO,香港天文台總部,1924,9,27,29.3,
HKO,香港天文台總部,1924,9,28,31.3,
HKO,香港天文台總部,1924,9,29,30.9,
HKO,香港天文台總部,1924,9,30,31.2,
HKO,香港天文台總部,1925,6,1,31.3,
HKO,香港天文台總部,1925,6,2,30.5,
HKO,香港天文台總部,1925,6,3,27.9,
HKO,香港天文台總部,1925,6,4,28.6,
HKO,香港天文台總部,1925,6,5,31.6,
HKO,香港天文台總部,1925,6,6,32.7,
HKO,香港天文台總部,1925,6,7,29.9,
HKO,香港天文台總部,1925,6,8,31.8,
HKO,香港天文台總部,1925,6,9,29.2,
HKO,香港天文台總部,1925,6,10,28.7,
HKO,香港天文台總部,1925,6,11,29.0,
HKO,香港天文台總部,1925,6,12,29.4,
HKO,香港天文台總部,1925,6,13,31.1,
HKO,香港天文台總部,1925,6,14,27.7,
HKO,香港天文台總部,1925,6,15,30.6,
HKO,香港天文台總部,1925,6,16,25.4,
HKO,香港天文台總部,1925,6,17,28.6,
HKO,香港天文台總部,1925,6,18,30.0,
HKO,香港天文台總部,1925,6,19,32.1,
HKO,香港天文台總部,1925,6,20,30.2,
HKO,香港天文台總部,1925,6,21,28.3,
HKO,香港天文台總部,1925,6,22,27.8,
HKO,香港天文台總部,1925,6,23,30.3,
HKO,香港天文台總部,1925,6,24,29.2,
HKO,香港天文台總部,1925,6,25,29.7,
HKO,香港天文台總部,1925,6,26,29.4,
HKO,香港天文台總部,1925,6,27,31.1,
HKO,香港天文台總部,1925,6,28,30.3,
HKO,香港天文台總部,1925,6,29,30.5,
HKO,香港天文台總部,1925,6,30,31.0,
HKO,香港天文台總部,1925,7,1,31.8,
HKO,香港天文台總部,1925,7,2,30.2,
HKO,香港天文台總部,1925,7,3,30.0,
HKO,香港天文台總部,1925,7,4,30.7,
HKO,香港天文台總部,1925,7,5,30.7,
HKO,香港天文台總部,1925,7,6,30.9,
HKO,香港天文台總部,1925,7,7,32.8,
HKO,香港天文台總部,1925,7,8,32.6,
HKO,香港天文台總部,1925,7,9,32.6,
HKO,香港天文台總部,1925,7,10,33.5,
HKO,香港天文台總部,1925,7,11,30.7,
HKO,香港天文台總部,1925,7,12,30.2,
HKO,香港天文台總部,1925,7,13,32.1,
HKO,香港天文台總部,1925,7,14,33.4,
HKO,香港天文台總部,1925,7,15,29.6,
HKO,香港天文台總部,1925,7,16,29.2,
HKO,香港天文台總部,1925,7,17,28.2,
HKO,香港天文台總部,1925,7,18,29.2,
HKO,香港天文台總部,1925,7,19,30.1,
HKO,香港天文台總部,1925,7,20,31.0,
HKO,香港天文台總部,1925,7,21,30.4,
HKO,香港天文台總部,1925,7,22,30.5,
HKO,香港天文台總部,1925,7,23,30.9,
HKO,香港天文台總部,1925,7,24,30.8,
HKO,香港天文台總部,1925,7,25,32.2,
HKO,香港天文台總部,1925,7,26,31.6,
HKO,香港天文台總部,1925,7,27,31.9,
HKO,香港天文台總部,1925,7,28,32.5,
HKO,香港天文台總部,1925,7,29,29.9,
HKO,香港天文台總部,1925,7,30,30.6,
HKO,香港天文台總部,1925,7,31,30.6,
HKO,香港天文台總部,1925,8,1,31.1,
HKO,香港天文台總部,1925,8,2,31.8,
HKO,香港天文台總部,1925,8,3,30.1,
HKO,香港天文台總部,1925,8,4,30.7,
HKO,香港天文台總部,1925,8,5,31.2,
HKO,香港天文台總部,1925,8,6,32.1,
HKO,香港天文台總部,1925,8,7,30.6,
HKO,香港天文台總部,1925,8,8,29.7,
HKO,香港天文台總部,1925,8,9,28.2,
HKO,香港天文台總部,1925,8,10,30.2,
HKO,香港天文台總部,1925,8,11,31.2,
HKO,香港天文台總部,1925,8,12,31.3,
HKO,香港天文台總部,1925,8,13,31.7,
HKO,香港天文台總部,1925,8,14,31.9,
HKO,香港天文台總部,1925,8,15,31.9,
HKO,香港天文台總部,1925,8,16,32.4,
HKO,香港天文台總部,1925,8,17,30.6,
HKO,香港天文台總部,1925,8,18,30.9,
HKO,香港天文台總部,1925,8,19,28.6,
HKO,香港天文台總部,1925,8,20,27.9,
HKO,香港天文台總部,1925,8,21,30.0,
HKO,香港天文台總部,1925,8,22,29.8,
HKO,香港天文台總部,1925,8,23,30.1,
HKO,香港天文台總部,1925,8,24,30.4,
HKO,香港天文台總部,1925,8,25,29.2,
HKO,香港天文台總部,1925,8,26,30.5,
HKO,香港天文台總部,1925,8,27,32.9,
HKO,香港天文台總部,1925,8,28,33.8,
HKO,香港天文台總部,1925,8,29,31.6,
HKO,香港天文台總部,1925,8,30,31.7,
HKO,香港天文台總部,1925,8,31,29.9,
HKO,香港天文台總部,1925,9,1,29.6,
HKO,香港天文台總部,1925,9,2,29.8,
HKO,香港天文台總部,1925,9,3,30.7,
HKO,香港天文台總部,1925,9,4,31.9,
HKO,香港天文台總部,1925,9,5,32.3,
HKO,香港天文台總部,1925,9,6,32.8,
HKO,香港天文台總部,1925,9,7,32.6,
HKO,香港天文台總部,1925,9,8,30.0,
HKO,香港天文台總部,1925,9,9,29.7,
HKO,香港天文台總部,1925,9,10,29.4,
HKO,香港天文台總部,1925,9,11,30.0,
HKO,香港天文台總部,1925,9,12,30.6,
HKO,香港天文台總部,1925,9,13,31.4,
HKO,香港天文台總部,1925,9,14,31.9,
HKO,香港天文台總部,1925,9,15,29.8,
HKO,香港天文台總部,1925,9,16,30.2,
HKO,香港天文台總部,1925,9,17,29.3,
HKO,香港天文台總部,1925,9,18,28.9,
HKO,香港天文台總部,1925,9,19,30.4,
HKO,香港天文台總部,1925,9,20,30.5,
HKO,香港天文台總部,1925,9,21,28.8,
HKO,香港天文台總部,1925,9,22,29.2,
HKO,香港天文台總部,1925,9,23,30.5,
HKO,香港天文台總部,1925,9,24,29.2,
HKO,香港天文台總部,1925,9,25,30.6,
HKO,香港天文台總部,1925,9,26,29.6,
HKO,香港天文台總部,1925,9,27,27.6,
HKO,香港天文台總部,1925,9,28,28.3,
HKO,香港天文台總部,1925,9,29,30.4,
HKO,香港天文台總部,1925,9,30,30.7,
HKO,香港天文台總部,1926,6,1,25.1,
HKO,香港天文台總部,1926,6,2,21.8,
HKO,香港天文台總部,1926,6,3,21.3,
HKO,香港天文台總部,1926,6,4,23.4,
HKO,香港天文台總部,1926,6,5,26.1,
HKO,香港天文台總部,1926,6,6,25.3,
HKO,香港天文台總部,1926,6,7,25.7,
HKO,香港天文台總部,1926,6,8,27.0,
HKO,香港天文台總部,1926,6,9,25.4,
HKO,香港天文台總部,1926,6,10,27.7,
HKO,香港天文台總部,1926,6,11,30.7,
HKO,香港天文台總部,1926,6,12,29.4,
HKO,香港天文台總部,1926,6,13,25.9,
HKO,香港天文台總部,1926,6,14,26.2,
HKO,香港天文台總部,1926,6,15,24.7,
HKO,香港天文台總部,1926,6,16,24.3,
HKO,香港天文台總部,1926,6,17,25.1,
HKO,香港天文台總部,1926,6,18,26.8,
HKO,香港天文台總部,1926,6,19,26.9,
HKO,香港天文台總部,1926,6,20,29.9,
HKO,香港天文台總部,1926,6,21,30.4,
HKO,香港天文台總部,1926,6,22,28.9,
HKO,香港天文台總部,1926,6,23,29.2,
HKO,香港天文台總部,1926,6,24,29.6,
HKO,香港天文台總部,1926,6,25,30.6,
HKO,香港天文台總部,1926,6,26,30.4,
HKO,香港天文台總部,1926,6,27,31.0,
HKO,香港天文台總部,1926,6,28,30.8,
HKO,香港天文台總部,1926,6,29,30.7,
HKO,香港天文台總部,1926,6,30,31.7,
HKO,香港天文台總部,1926,7,1,30.7,
HKO,香港天文台總部,1926,7,2,30.3,
HKO,香港天文台總部,1926,7,3,31.0,
HKO,香港天文台總部,1926,7,4,30.8,
HKO,香港天文台總部,1926,7,5,30.5,
HKO,香港天文台總部,1926,7,6,31.4,
HKO,香港天文台總部,1926,7,7,29.9,
HKO,香港天文台總部,1926,7,8,30.0,
HKO,香港天文台總部,1926,7,9,29.9,
HKO,香港天文台總部,1926,7,10,31.7,
HKO,香港天文台總部,1926,7,11,31.9,
HKO,香港天文台總部,1926,7,12,31.9,
HKO,香港天文台總部,1926,7,13,32.3,
HKO,香港天文台總部,1926,7,14,31.6,
HKO,香港天文台總部,1926,7,15,32.2,
HKO,香港天文台總部,1926,7,16,32.9,
HKO,香港天文台總部,1926,7,17,32.9,
HKO,香港天文台總部,1926,7,18,29.2,
HKO,香港天文台總部,1926,7,19,28.1,
HKO,香港天文台總部,1926,7,20,27.8,
HKO,香港天文台總部,1926,7,21,30.5,
HKO,香港天文台總部,1926,7,22,29.3,
HKO,香港天文台總部,1926,7,23,28.1,
HKO,香港天文台總部,1926,7,24,30.0,
HKO,香港天文台總部,1926,7,25,28.3,
HKO,香港天文台總部,1926,7,26,28.9,
HKO,香港天文台總部,1926,7,27,30.3,
HKO,香港天文台總部,1926,7,28,30.8,
HKO,香港天文台總部,1926,7,29,30.7,
HKO,香港天文台總部,1926,7,30,30.8,
HKO,香港天文台總部,1926,7,31,31.2,
HKO,香港天文台總部,1926,8,1,31.7,
HKO,香港天文台總部,1926,8,2,28.7,
HKO,香港天文台總部,1926,8,3,29.4,
HKO,香港天文台總部,1926,8,4,29.8,
HKO,香港天文台總部,1926,8,5,28.9,
HKO,香港天文台總部,1926,8,6,29.2,
HKO,香港天文台總部,1926,8,7,29.6,
HKO,香港天文台總部,1926,8,8,28.6,
HKO,香港天文台總部,1926,8,9,29.6,
HKO,香港天文台總部,1926,8,10,30.7,
HKO,香港天文台總部,1926,8,11,30.6,
HKO,香港天文台總部,1926,8,12,30.9,
HKO,香港天文台總部,1926,8,13,31.1,
HKO,香港天文台總部,1926,8,14,32.1,
HKO,香港天文台總部,1926,8,15,32.8,
HKO,香港天文台總部,1926,8,16,33.6,
HKO,香港天文台總部,1926,8,17,33.2,
HKO,香港天文台總部,1926,8,18,31.1,
HKO,香港天文台總部,1926,8,19,27.7,
HKO,香港天文台總部,1926,8,20,30.1,
HKO,香港天文台總部,1926,8,21,30.5,
HKO,香港天文台總部,1926,8,22,31.7,
HKO,香港天文台總部,1926,8,23,31.7,
HKO,香港天文台總部,1926,8,24,32.2,
HKO,香港天文台總部,1926,8,25,32.3,
HKO,香港天文台總部,1926,8,26,32.3,
HKO,香港天文台總部,1926,8,27,27.3,
HKO,香港天文台總部,1926,8,28,26.8,
HKO,香港天文台總部,1926,8,29,29.0,
HKO,香港天文台總部,1926,8,30,29.2,
HKO,香港天文台總部,1926,8,31,29.8,
HKO,香港天文台總部,1926,9,1,28.3,
HKO,香港天文台總部,1926,9,2,30.8,
HKO,香港天文台總部,1926,9,3,31.7,
HKO,香港天文台總部,1926,9,4,30.8,
HKO,香港天文台總部,1926,9,5,31.2,
HKO,香港天文台總部,1926,9,6,31.2,
HKO,香港天文台總部,1926,9,7,31.2,
HKO,香港天文台總部,1926,9,8,31.6,
HKO,香港天文台總部,1926,9,9,33.1,
HKO,香港天文台總部,1926,9,10,32.7,
HKO,香港天文台總部,1926,9,11,32.2,
HKO,香港天文台總部,1926,9,12,31.1,
HKO,香港天文台總部,1926,9,13,26.4,
HKO,香港天文台總部,1926,9,14,30.1,
HKO,香港天文台總部,1926,9,15,31.6,
HKO,香港天文台總部,1926,9,16,28.2,
HKO,香港天文台總部,1926,9,17,31.0,
HKO,香港天文台總部,1926,9,18,28.3,
HKO,香港天文台總部,1926,9,19,28.4,
HKO,香港天文台總部,1926,9,20,28.4,
HKO,香港天文台總部,1926,9,21,26.7,
HKO,香港天文台總部,1926,9,22,30.5,
HKO,香港天文台總部,1926,9,23,30.7,
HKO,香港天文台總部,1926,9,24,30.3,
HKO,香港天文台總部,1926,9,25,31.1,
HKO,香港天文台總部,1926,9,26,32.2,
HKO,香港天文台總部,1926,9,27,30.6,
HKO,香港天文台總部,1926,9,28,28.9,
HKO,香港天文台總部,1926,9,29,30.1,
HKO,香港天文台總部,1926,9,30,27.3,
HKO,香港天文台總部,1927,6,1,27.7,
HKO,香港天文台總部,1927,6,2,31.1,
HKO,香港天文台總部,1927,6,3,32.8,
HKO,香港天文台總部,1927,6,4,31.7,
HKO,香港天文台總部,1927,6,5,31.5,
HKO,香港天文台總部,1927,6,6,30.9,
HKO,香港天文台總部,1927,6,7,26.2,
HKO,香港天文台總部,1927,6,8,28.4,
HKO,香港天文台總部,1927,6,9,26.2,
HKO,香港天文台總部,1927,6,10,24.9,
HKO,香港天文台總部,1927,6,11,25.1,
HKO,香港天文台總部,1927,6,12,25.2,
HKO,香港天文台總部,1927,6,13,26.8,
HKO,香港天文台總部,1927,6,14,27.4,
HKO,香港天文台總部,1927,6,15,31.2,
HKO,香港天文台總部,1927,6,16,31.1,
HKO,香港天文台總部,1927,6,17,31.3,
HKO,香港天文台總部,1927,6,18,31.3,
HKO,香港天文台總部,1927,6,19,31.2,
HKO,香港天文台總部,1927,6,20,31.9,
HKO,香港天文台總部,1927,6,21,31.2,
HKO,香港天文台總部,1927,6,22,31.9,
HKO,香港天文台總部,1927,6,23,32.1,
HKO,香港天文台總部,1927,6,24,31.4,
HKO,香港天文台總部,1927,6,25,32.2,
HKO,香港天文台總部,1927,6,26,32.9,
HKO,香港天文台總部,1927,6,27,32.5,
HKO,香港天文台總部,1927,6,28,29.6,
HKO,香港天文台總部,1927,6,29,30.1,
HKO,香港天文台總部,1927,6,30,30.0,
HKO,香港天文台總部,1927,7,1,28.8,
HKO,香港天文台總部,1927,7,2,28.8,
HKO,香港天文台總部,1927,7,3,31.9,
HKO,香港天文台總部,1927,7,4,31.6,
HKO,香港天文台總部,1927,7,5,31.4,
HKO,香港天文台總部,1927,7,6,31.0,
HKO,香港天文台總部,1927,7,7,30.4,
HKO,香港天文台總部,1927,7,8,29.9,
HKO,香港天文台總部,1927,7,9,30.9,
HKO,香港天文台總部,1927,7,10,31.8,
HKO,香港天文台總部,1927,7,11,32.0,
HKO,香港天文台總部,1927,7,12,32.2,
HKO,香港天文台總部,1927,7,13,32.0,
HKO,香港天文台總部,1927,7,14,30.4,
HKO,香港天文台總部,1927,7,15,30.7,
HKO,香港天文台總部,1927,7,16,31.7,
HKO,香港天文台總部,1927,7,17,32.5,
HKO,香港天文台總部,1927,7,18,31.0,
HKO,香港天文台總部,1927,7,19,29.6,
HKO,香港天文台總部,1927,7,20,30.0,
HKO,香港天文台總部,1927,7,21,29.7,
HKO,香港天文台總部,1927,7,22,29.0,
HKO,香港天文台總部,1927,7,23,31.7,
HKO,香港天文台總部,1927,7,24,29.7,
HKO,香港天文台總部,1927,7,25,29.2,
HKO,香港天文台總部,1927,7,26,26.9,
HKO,香港天文台總部,1927,7,27,28.2,
HKO,香港天文台總部,1927,7,28,27.4,
HKO,香港天文台總部,1927,7,29,29.9,
HKO,香港天文台總部,1927,7,30,29.7,
HKO,香港天文台總部,1927,7,31,27.9,
HKO,香港天文台總部,1927,8,1,28.7,
HKO,香港天文台總部,1927,8,2,29.7,
HKO,香港天文台總部,1927,8,3,30.9,
HKO,香港天文台總部,1927,8,4,31.4,
HKO,香港天文台總部,1927,8,5,31.2,
HKO,香港天文台總部,1927,8,6,31.8,
HKO,香港天文台總部,1927,8,7,31.6,
HKO,香港天文台總部,1927,8,8,31.7,
HKO,香港天文台總部,1927,8,9,29.9,
HKO,香港天文台總部,1927,8,10,29.6,
HKO,香港天文台總部,1927,8,11,31.6,
HKO,香港天文台總部,1927,8,12,31.2,
HKO,香港天文台總部,1927,8,13,31.6,
HKO,香港天文台總部,1927,8,14,30.0,
HKO,香港天文台總部,1927,8,15,30.9,
HKO,香港天文台總部,1927,8,16,28.7,
HKO,香港天文台總部,1927,8,17,31.2,
HKO,香港天文台總部,1927,8,18,29.7,
HKO,香港天文台總部,1927,8,19,33.9,
HKO,香港天文台總部,1927,8,20,30.6,
HKO,香港天文台總部,1927,8,21,29.2,
HKO,香港天文台總部,1927,8,22,30.6,
HKO,香港天文台總部,1927,8,23,30.6,
HKO,香港天文台總部,1927,8,24,30.2,
HKO,香港天文台總部,1927,8,25,31.7,
HKO,香港天文台總部,1927,8,26,31.6,
HKO,香港天文台總部,1927,8,27,31.5,
HKO,香港天文台總部,1927,8,28,32.1,
HKO,香港天文台總部,1927,8,29,33.3,
HKO,香港天文台總部,1927,8,30,29.4,
HKO,香港天文台總部,1927,8,31,29.9,
HKO,香港天文台總部,1927,9,1,31.1,
HKO,香港天文台總部,1927,9,2,31.7,
HKO,香港天文台總部,1927,9,3,31.1,
HKO,香港天文台總部,1927,9,4,31.9,
HKO,香港天文台總部,1927,9,5,30.4,
HKO,香港天文台總部,1927,9,6,27.1,
HKO,香港天文台總部,1927,9,7,27.1,
HKO,香港天文台總部,1927,9,8,25.5,
HKO,香港天文台總部,1927,9,9,26.9,
HKO,香港天文台總部,1927,9,10,28.0,
HKO,香港天文台總部,1927,9,11,28.9,
HKO,香港天文台總部,1927,9,12,29.9,
HKO,香港天文台總部,1927,9,13,29.6,
HKO,香港天文台總部,1927,9,14,30.1,
HKO,香港天文台總部,1927,9,15,30.2,
HKO,香港天文台總部,1927,9,16,31.1,
HKO,香港天文台總部,1927,9,17,31.2,
HKO,香港天文台總部,1927,9,18,29.4,
HKO,香港天文台總部,1927,9,19,27.8,
HKO,香港天文台總部,1927,9,20,25.8,
HKO,香港天文台總部,1927,9,21,26.2,
HKO,香港天文台總部,1927,9,22,27.4,
HKO,香港天文台總部,1927,9,23,27.9,
HKO,香港天文台總部,1927,9,24,27.2,
HKO,香港天文台總部,1927,9,25,28.2,
HKO,香港天文台總部,1927,9,26,26.6,
HKO,香港天文台總部,1927,9,27,26.6,
HKO,香港天文台總部,1927,9,28,27.6,
HKO,香港天文台總部,1927,9,29,27.3,
HKO,香港天文台總部,1927,9,30,30.2,
HKO,香港天文台總部,1928,6,1,26.1,
HKO,香港天文台總部,1928,6,2,25.4,
HKO,香港天文台總部,1928,6,3,26.7,
HKO,香港天文台總部,1928,6,4,25.6,
HKO,香港天文台總部,1928,6,5,27.6,
HKO,香港天文台總部,1928,6,6,27.6,
HKO,香港天文台總部,1928,6,7,28.6,
HKO,香港天文台總部,1928,6,8,27.4,
HKO,香港天文台總部,1928,6,9,28.6,
HKO,香港天文台總部,1928,6,10,30.1,
HKO,香港天文台總部,1928,6,11,30.0,
HKO,香港天文台總部,1928,6,12,29.6,
HKO,香港天文台總部,1928,6,13,31.6,
HKO,香港天文台總部,1928,6,14,27.9,
HKO,香港天文台總部,1928,6,15,28.6,
HKO,香港天文台總部,1928,6,16,28.0,
HKO,香港天文台總部,1928,6,17,27.7,
HKO,香港天文台總部,1928,6,18,26.5,
HKO,香港天文台總部,1928,6,19,30.3,
HKO,香港天文台總部,1928,6,20,31.1,
HKO,香港天文台總部,1928,6,21,31.1,
HKO,香港天文台總部,1928,6,22,30.8,
HKO,香港天文台總部,1928,6,23,29.6,
HKO,香港天文台總部,1928,6,24,30.0,
HKO,香港天文台總部,1928,6,25,30.2,
HKO,香港天文台總部,1928,6,26,30.7,
HKO,香港天文台總部,1928,6,27,31.8,
HKO,香港天文台總部,1928,6,28,30.3,
HKO,香港天文台總部,1928,6,29,30.9,
HKO,香港天文台總部,1928,6,30,31.2,
HKO,香港天文台總部,1928,7,1,27.8,
HKO,香港天文台總部,1928,7,2,29.7,
HKO,香港天文台總部,1928,7,3,31.5,
HKO,香港天文台總部,1928,7,4,31.2,
HKO,香港天文台總部,1928,7,5,31.7,
HKO,香港天文台總部,1928,7,6,31.4,
HKO,香港天文台總部,1928,7,7,31.6,
HKO,香港天文台總部,1928,7,8,32.2,
HKO,香港天文台總部,1928,7,9,31.7,
HKO,香港天文台總部,1928,7,10,30.2,
HKO,香港天文台總部,1928,7,11,31.6,
HKO,香港天文台總部,1928,7,12,31.9,
HKO,香港天文台總部,1928,7,13,32.1,
HKO,香港天文台總部,1928,7,14,30.3,
HKO,香港天文台總部,1928,7,15,28.6,
HKO,香港天文台總部,1928,7,16,29.6,
HKO,香港天文台總部,1928,7,17,31.4,
HKO,香港天文台總部,1928,7,18,32.6,
HKO,香港天文台總部,1928,7,19,30.8,
HKO,香港天文台總部,1928,7,20,30.5,
HKO,香港天文台總部,1928,7,21,29.9,
HKO,香港天文台總部,1928,7,22,29.7,
HKO,香港天文台總部,1928,7,23,31.4,
HKO,香港天文台總部,1928,7,24,32.5,
HKO,香港天文台總部,1928,7,25,32.5,
HKO,香港天文台總部,1928,7,26,33.2,
HKO,香港天文台總部,1928,7,27,33.2,
HKO,香港天文台總部,1928,7,28,33.4,
HKO,香港天文台總部,1928,7,29,32.3,
HKO,香港天文台總部,1928,7,30,33.7,
HKO,香港天文台總部,1928,7,31,33.1,
HKO,香港天文台總部,1928,8,1,33.4,
HKO,香港天文台總部,1928,8,2,33.0,
HKO,香港天文台總部,1928,8,3,32.8,
HKO,香港天文台總部,1928,8,4,31.9,
HKO,香港天文台總部,1928,8,5,29.0,
HKO,香港天文台總部,1928,8,6,31.1,
HKO,香港天文台總部,1928,8,7,30.1,
HKO,香港天文台總部,1928,8,8,31.2,
HKO,香港天文台總部,1928,8,9,31.1,
HKO,香港天文台總部,1928,8,10,31.1,
HKO,香港天文台總部,1928,8,11,32.1,
HKO,香港天文台總部,1928,8,12,31.6,
HKO,香港天文台總部,1928,8,13,31.1,
HKO,香港天文台總部,1928,8,14,30.1,
HKO,香港天文台總部,1928,8,15,31.4,
HKO,香港天文台總部,1928,8,16,32.1,
HKO,香港天文台總部,1928,8,17,31.3,
HKO,香港天文台總部,1928,8,18,30.8,
HKO,香港天文台總部,1928,8,19,30.4,
HKO,香港天文台總部,1928,8,20,31.2,
HKO,香港天文台總部,1928,8,21,30.5,
HKO,香港天文台總部,1928,8,22,30.6,
HKO,香港天文台總部,1928,8,23,30.2,
HKO,香港天文台總部,1928,8,24,30.3,
HKO,香港天文台總部,1928,8,25,30.3,
HKO,香港天文台總部,1928,8,26,28.8,
HKO,香港天文台總部,1928,8,27,29.4,
HKO,香港天文台總部,1928,8,28,30.8,
HKO,香港天文台總部,1928,8,29,30.5,
HKO,香港天文台總部,1928,8,30,28.1,
HKO,香港天文台總部,1928,8,31,28.8,
HKO,香港天文台總部,1928,9,1,28.9,
HKO,香港天文台總部,1928,9,2,29.8,
HKO,香港天文台總部,1928,9,3,30.6,
HKO,香港天文台總部,1928,9,4,32.7,
HKO,香港天文台總部,1928,9,5,32.5,
HKO,香港天文台總部,1928,9,6,32.1,
HKO,香港天文台總部,1928,9,7,32.0,
HKO,香港天文台總部,1928,9,8,30.9,
HKO,香港天文台總部,1928,9,9,31.7,
HKO,香港天文台總部,1928,9,10,32.3,
HKO,香港天文台總部,1928,9,11,29.4,
HKO,香港天文台總部,1928,9,12,30.7,
HKO,香港天文台總部,1928,9,13,32.8,
HKO,香港天文台總部,1928,9,14,32.2,
HKO,香港天文台總部,1928,9,15,31.2,
HKO,香港天文台總部,1928,9,16,30.2,
HKO,香港天文台總部,1928,9,17,30.1,
HKO,香港天文台總部,1928,9,18,29.8,
HKO,香港天文台總部,1928,9,19,29.4,
HKO,香港天文台總部,1928,9,20,30.3,
HKO,香港天文台總部,1928,9,21,30.2,
HKO,香港天文台總部,1928,9,22,27.2,
HKO,香港天文台總部,1928,9,23,29.6,
HKO,香港天文台總部,1928,9,24,30.1,
HKO,香港天文台總部,1928,9,25,27.8,
HKO,香港天文台總部,1928,9,26,26.4,
HKO,香港天文台總部,1928,9,27,27.4,
HKO,香港天文台總部,1928,9,28,30.0,
HKO,香港天文台總部,1928,9,29,28.3,
HKO,香港天文台總部,1928,9,30,25.8,
HKO,香港天文台總部,1929,6,1,27.7,
HKO,香港天文台總部,1929,6,2,26.7,
HKO,香港天文台總部,1929,6,3,28.5,
HKO,香港天文台總部,1929,6,4,31.3,
HKO,香港天文台總部,1929,6,5,32.6,
HKO,香港天文台總部,1929,6,6,32.2,
HKO,香港天文台總部,1929,6,7,31.1,
HKO,香港天文台總部,1929,6,8,28.9,
HKO,香港天文台總部,1929,6,9,30.3,
HKO,香港天文台總部,1929,6,10,32.1,
HKO,香港天文台總部,1929,6,11,32.2,
HKO,香港天文台總部,1929,6,12,32.8,
HKO,香港天文台總部,1929,6,13,32.1,
HKO,香港天文台總部,1929,6,14,31.7,
HKO,香港天文台總部,1929,6,15,32.7,
HKO,香港天文台總部,1929,6,16,31.9,
HKO,香港天文台總部,1929,6,17,30.5,
HKO,香港天文台總部,1929,6,18,31.7,
HKO,香港天文台總部,1929,6,19,31.6,
HKO,香港天文台總部,1929,6,20,31.2,
HKO,香港天文台總部,1929,6,21,30.6,
HKO,香港天文台總部,1929,6,22,29.0,
HKO,香港天文台總部,1929,6,23,30.0,
HKO,香港天文台總部,1929,6,24,29.2,
HKO,香港天文台總部,1929,6,25,25.7,
HKO,香港天文台總部,1929,6,26,28.6,
HKO,香港天文台總部,1929,6,27,31.1,
HKO,香港天文台總部,1929,6,28,31.2,
HKO,香港天文台總部,1929,6,29,31.8,
HKO,香港天文台總部,1929,6,30,31.4,
HKO,香港天文台總部,1929,7,1,31.3,
HKO,香港天文台總部,1929,7,2,31.6,
HKO,香港天文台總部,1929,7,3,31.7,
HKO,香港天文台總部,1929,7,4,32.3,
HKO,香港天文台總部,1929,7,5,31.6,
HKO,香港天文台總部,1929,7,6,32.7,
HKO,香港天文台總部,1929,7,7,30.0,
HKO,香港天文台總部,1929,7,8,33.4,
HKO,香港天文台總部,1929,7,9,33.2,
HKO,香港天文台總部,1929,7,10,30.6,
HKO,香港天文台總部,1929,7,11,27.9,
HKO,香港天文台總部,1929,7,12,26.5,
HKO,香港天文台總部,1929,7,13,26.4,
HKO,香港天文台總部,1929,7,14,27.8,
HKO,香港天文台總部,1929,7,15,28.3,
HKO,香港天文台總部,1929,7,16,29.6,
HKO,香港天文台總部,1929,7,17,30.6,
HKO,香港天文台總部,1929,7,18,32.3,
HKO,香港天文台總部,1929,7,19,32.9,
HKO,香港天文台總部,1929,7,20,31.2,
HKO,香港天文台總部,1929,7,21,30.7,
HKO,香港天文台總部,1929,7,22,29.2,
HKO,香港天文台總部,1929,7,23,26.7,
HKO,香港天文台總部,1929,7,24,27.4,
HKO,香港天文台總部,1929,7,25,29.8,
HKO,香港天文台總部,1929,7,26,28.9,
HKO,香港天文台總部,1929,7,27,27.6,
HKO,香港天文台總部,1929,7,28,27.2,
HKO,香港天文台總部,1929,7,29,30.4,
HKO,香港天文台總部,1929,7,30,29.1,
HKO,香港天文台總部,1929,7,31,29.5,
HKO,香港天文台總部,1929,8,1,28.4,
HKO,香港天文台總部,1929,8,2,26.6,
HKO,香港天文台總部,1929,8,3,30.6,
HKO,香港天文台總部,1929,8,4,30.3,
HKO,香港天文台總部,1929,8,5,28.1,
HKO,香港天文台總部,1929,8,6,26.8,
HKO,香港天文台總部,1929,8,7,29.5,
HKO,香港天文台總部,1929,8,8,30.4,
HKO,香港天文台總部,1929,8,9,31.1,
HKO,香港天文台總部,1929,8,10,30.9,
HKO,香港天文台總部,1929,8,11,32.3,
HKO,香港天文台總部,1929,8,12,32.2,
HKO,香港天文台總部,1929,8,13,32.5,
HKO,香港天文台總部,1929,8,14,31.1,
HKO,香港天文台總部,1929,8,15,30.0,
HKO,香港天文台總部,1929,8,16,29.4,
HKO,香港天文台總部,1929,8,17,30.2,
HKO,香港天文台總部,1929,8,18,28.3,
HKO,香港天文台總部,1929,8,19,30.0,
HKO,香港天文台總部,1929,8,20,30.3,
HKO,香港天文台總部,1929,8,21,30.5,
HKO,香港天文台總部,1929,8,22,26.6,
HKO,香港天文台總部,1929,8,23,28.8,
HKO,香港天文台總部,1929,8,24,29.1,
HKO,香港天文台總部,1929,8,25,31.7,
HKO,香港天文台總部,1929,8,26,30.2,
HKO,香港天文台總部,1929,8,27,29.9,
HKO,香港天文台總部,1929,8,28,29.9,
HKO,香港天文台總部,1929,8,29,30.6,
HKO,香港天文台總部,1929,8,30,30.4,
HKO,香港天文台總部,1929,8,31,29.7,
HKO,香港天文台總部,1929,9,1,28.4,
HKO,香港天文台總部,1929,9,2,30.0,
HKO,香港天文台總部,1929,9,3,30.8,
HKO,香港天文台總部,1929,9,4,32.1,
HKO,香港天文台總部,1929,9,5,29.4,
HKO,香港天文台總部,1929,9,6,27.7,
HKO,香港天文台總部,1929,9,7,29.4,
HKO,香港天文台總部,1929,9,8,32.3,
HKO,香港天文台總部,1929,9,9,31.9,
HKO,香港天文台總部,1929,9,10,29.6,
HKO,香港天文台總部,1929,9,11,29.4,
HKO,香港天文台總部,1929,9,12,28.1,
HKO,香港天文台總部,1929,9,13,27.7,
HKO,香港天文台總部,1929,9,14,28.7,
HKO,香港天文台總部,1929,9,15,27.8,
HKO,香港天文台總部,1929,9,16,29.4,
HKO,香港天文台總部,1929,9,17,28.4,
HKO,香港天文台總部,1929,9,18,29.4,
HKO,香港天文台總部,1929,9,19,30.3,
HKO,香港天文台總部,1929,9,20,28.4,
HKO,香港天文台總部,1929,9,21,29.0,
HKO,香港天文台總部,1929,9,22,30.2,
HKO,香港天文台總部,1929,9,23,29.5,
HKO,香港天文台總部,1929,9,24,29.2,
HKO,香港天文台總部,1929,9,25,30.5,
HKO,香港天文台總部,1929,9,26,31.7,
HKO,香港天文台總部,1929,9,27,30.0,
HKO,香港天文台總部,1929,9,28,31.7,
HKO,香港天文台總部,1929,9,29,30.0,
HKO,香港天文台總部,1929,9,30,28.1,
HKO,香港天文台總部,1930,6,1,32.0,
HKO,香港天文台總部,1930,6,2,32.0,
HKO,香港天文台總部,1930,6,3,31.9,
HKO,香港天文台總部,1930,6,4,31.2,
HKO,香港天文台總部,1930,6,5,29.1,
HKO,香港天文台總部,1930,6,6,27.2,
HKO,香港天文台總部,1930,6,7,25.5,
HKO,香港天文台總部,1930,6,8,27.2,
HKO,香港天文台總部,1930,6,9,25.4,
HKO,香港天文台總部,1930,6,10,28.0,
HKO,香港天文台總部,1930,6,11,29.5,
HKO,香港天文台總部,1930,6,12,31.2,
HKO,香港天文台總部,1930,6,13,31.8,
HKO,香港天文台總部,1930,6,14,31.7,
HKO,香港天文台總部,1930,6,15,32.7,
HKO,香港天文台總部,1930,6,16,32.4,
HKO,香港天文台總部,1930,6,17,29.7,
HKO,香港天文台總部,1930,6,18,29.7,
HKO,香港天文台總部,1930,6,19,31.1,
HKO,香港天文台總部,1930,6,20,31.6,
HKO,香港天文台總部,1930,6,21,31.6,
HKO,香港天文台總部,1930,6,22,31.6,
HKO,香港天文台總部,1930,6,23,31.7,
HKO,香港天文台總部,1930,6,24,30.6,
HKO,香港天文台總部,1930,6,25,30.8,
HKO,香港天文台總部,1930,6,26,30.6,
HKO,香港天文台總部,1930,6,27,30.2,
HKO,香港天文台總部,1930,6,28,30.7,
HKO,香港天文台總部,1930,6,29,31.4,
HKO,香港天文台總部,1930,6,30,32.4,
HKO,香港天文台總部,1930,7,1,33.8,
HKO,香港天文台總部,1930,7,2,31.8,
HKO,香港天文台總部,1930,7,3,31.1,
HKO,香港天文台總部,1930,7,4,31.2,
HKO,香港天文台總部,1930,7,5,31.7,
HKO,香港天文台總部,1930,7,6,29.9,
HKO,香港天文台總部,1930,7,7,29.7,
HKO,香港天文台總部,1930,7,8,30.3,
HKO,香港天文台總部,1930,7,9,30.6,
HKO,香港天文台總部,1930,7,10,30.0,
HKO,香港天文台總部,1930,7,11,30.7,
HKO,香港天文台總部,1930,7,12,31.0,
HKO,香港天文台總部,1930,7,13,31.8,
HKO,香港天文台總部,1930,7,14,30.3,
HKO,香港天文台總部,1930,7,15,29.8,
HKO,香港天文台總部,1930,7,16,28.6,
HKO,香港天文台總部,1930,7,17,28.8,
HKO,香港天文台總部,1930,7,18,29.2,
HKO,香港天文台總部,1930,7,19,28.1,
HKO,香港天文台總部,1930,7,20,29.3,
HKO,香港天文台總部,1930,7,21,31.2,
HKO,香港天文台總部,1930,7,22,31.7,
HKO,香港天文台總部,1930,7,23,32.1,
HKO,香港天文台總部,1930,7,24,28.6,
HKO,香港天文台總部,1930,7,25,28.4,
HKO,香港天文台總部,1930,7,26,30.1,
HKO,香港天文台總部,1930,7,27,31.0,
HKO,香港天文台總部,1930,7,28,31.1,
HKO,香港天文台總部,1930,7,29,31.6,
HKO,香港天文台總部,1930,7,30,29.2,
HKO,香港天文台總部,1930,7,31,30.8,
HKO,香港天文台總部,1930,8,1,27.8,
HKO,香港天文台總部,1930,8,2,28.0,
HKO,香港天文台總部,1930,8,3,29.8,
HKO,香港天文台總部,1930,8,4,28.6,
HKO,香港天文台總部,1930,8,5,29.6,
HKO,香港天文台總部,1930,8,6,31.0,
HKO,香港天文台總部,1930,8,7,30.6,
HKO,香港天文台總部,1930,8,8,31.1,
HKO,香港天文台總部,1930,8,9,30.9,
HKO,香港天文台總部,1930,8,10,31.9,
HKO,香港天文台總部,1930,8,11,31.7,
HKO,香港天文台總部,1930,8,12,31.7,
HKO,香港天文台總部,1930,8,13,31.7,
HKO,香港天文台總部,1930,8,14,31.7,
HKO,香港天文台總部,1930,8,15,32.3,
HKO,香港天文台總部,1930,8,16,32.2,
HKO,香港天文台總部,1930,8,17,32.5,
HKO,香港天文台總部,1930,8,18,32.7,
HKO,香港天文台總部,1930,8,19,33.2,
HKO,香港天文台總部,1930,8,20,32.8,
HKO,香港天文台總部,1930,8,21,29.2,
HKO,香港天文台總部,1930,8,22,28.4,
HKO,香港天文台總部,1930,8,23,28.9,
HKO,香港天文台總部,1930,8,24,27.1,
HKO,香港天文台總部,1930,8,25,27.1,
HKO,香港天文台總部,1930,8,26,30.9,
HKO,香港天文台總部,1930,8,27,30.8,
HKO,香港天文台總部,1930,8,28,30.8,
HKO,香港天文台總部,1930,8,29,29.6,
HKO,香港天文台總部,1930,8,30,30.2,
HKO,香港天文台總部,1930,8,31,31.4,
HKO,香港天文台總部,1930,9,1,31.2,
HKO,香港天文台總部,1930,9,2,31.7,
HKO,香港天文台總部,1930,9,3,31.6,
HKO,香港天文台總部,1930,9,4,29.5,
HKO,香港天文台總部,1930,9,5,28.2,
HKO,香港天文台總部,1930,9,6,28.6,
HKO,香港天文台總部,1930,9,7,29.5,
HKO,香港天文台總部,1930,9,8,29.5,
HKO,香港天文台總部,1930,9,9,30.6,
HKO,香港天文台總部,1930,9,10,30.6,
HKO,香港天文台總部,1930,9,11,31.1,
HKO,香港天文台總部,1930,9,12,28.3,
HKO,香港天文台總部,1930,9,13,28.9,
HKO,香港天文台總部,1930,9,14,26.6,
HKO,香港天文台總部,1930,9,15,25.6,
HKO,香港天文台總部,1930,9,16,25.9,
HKO,香港天文台總部,1930,9,17,25.9,
HKO,香港天文台總部,1930,9,18,27.9,
HKO,香港天文台總部,1930,9,19,27.7,
HKO,香港天文台總部,1930,9,20,28.6,
HKO,香港天文台總部,1930,9,21,28.2,
HKO,香港天文台總部,1930,9,22,28.8,
HKO,香港天文台總部,1930,9,23,29.5,
HKO,香港天文台總部,1930,9,24,26.6,
HKO,香港天文台總部,1930,9,25,28.8,
HKO,香港天文台總部,1930,9,26,29.7,
HKO,香港天文台總部,1930,9,27,28.2,
HKO,香港天文台總部,1930,9,28,26.7,
HKO,香港天文台總部,1930,9,29,28.4,
HKO,香港天文台總部,1930,9,30,28.8,
HKO,香港天文台總部,1931,6,1,27.2,
HKO,香港天文台總部,1931,6,2,27.6,
HKO,香港天文台總部,1931,6,3,26.5,
HKO,香港天文台總部,1931,6,4,26.6,
HKO,香港天文台總部,1931,6,5,28.2,
HKO,香港天文台總部,1931,6,6,26.3,
HKO,香港天文台總部,1931,6,7,30.8,
HKO,香港天文台總部,1931,6,8,30.1,
HKO,香港天文台總部,1931,6,9,27.4,
HKO,香港天文台總部,1931,6,10,30.6,
HKO,香港天文台總部,1931,6,11,28.7,
HKO,香港天文台總部,1931,6,12,30.0,
HKO,香港天文台總部,1931,6,13,28.8,
HKO,香港天文台總部,1931,6,14,28.7,
HKO,香港天文台總部,1931,6,15,30.2,
HKO,香港天文台總部,1931,6,16,31.2,
HKO,香港天文台總部,1931,6,17,30.5,
HKO,香港天文台總部,1931,6,18,30.6,
HKO,香港天文台總部,1931,6,19,30.5,
HKO,香港天文台總部,1931,6,20,31.6,
HKO,香港天文台總部,1931,6,21,32.1,
HKO,香港天文台總部,1931,6,22,31.4,
HKO,香港天文台總部,1931,6,23,27.9,
HKO,香港天文台總部,1931,6,24,30.6,
HKO,香港天文台總部,1931,6,25,29.5,
HKO,香港天文台總部,1931,6,26,29.4,
HKO,香港天文台總部,1931,6,27,31.1,
HKO,香港天文台總部,1931,6,28,29.3,
HKO,香港天文台總部,1931,6,29,29.6,
HKO,香港天文台總部,1931,6,30,31.6,
HKO,香港天文台總部,1931,7,1,31.7,
HKO,香港天文台總部,1931,7,2,31.2,
HKO,香港天文台總部,1931,7,3,30.9,
HKO,香港天文台總部,1931,7,4,31.4,
HKO,香港天文台總部,1931,7,5,30.9,
HKO,香港天文台總部,1931,7,6,31.6,
HKO,香港天文台總部,1931,7,7,31.3,
HKO,香港天文台總部,1931,7,8,32.2,
HKO,香港天文台總部,1931,7,9,29.4,
HKO,香港天文台總部,1931,7,10,30.7,
HKO,香港天文台總部,1931,7,11,31.1,
HKO,香港天文台總部,1931,7,12,31.7,
HKO,香港天文台總部,1931,7,13,30.6,
HKO,香港天文台總部,1931,7,14,30.8,
HKO,香港天文台總部,1931,7,15,29.1,
HKO,香港天文台總部,1931,7,16,27.8,
HKO,香港天文台總部,1931,7,17,30.0,
HKO,香港天文台總部,1931,7,18,29.3,
HKO,香港天文台總部,1931,7,19,30.2,
HKO,香港天文台總部,1931,7,20,30.2,
HKO,香港天文台總部,1931,7,21,31.7,
HKO,香港天文台總部,1931,7,22,31.6,
HKO,香港天文台總部,1931,7,23,31.8,
HKO,香港天文台總部,1931,7,24,32.1,
HKO,香港天文台總部,1931,7,25,31.3,
HKO,香港天文台總部,1931,7,26,31.0,
HKO,香港天文台總部,1931,7,27,31.6,
HKO,香港天文台總部,1931,7,28,30.8,
HKO,香港天文台總部,1931,7,29,29.3,
HKO,香港天文台總部,1931,7,30,30.2,
HKO,香港天文台總部,1931,7,31,31.7,
HKO,香港天文台總部,1931,8,1,27.6,
HKO,香港天文台總部,1931,8,2,28.5,
HKO,香港天文台總部,1931,8,3,29.4,
HKO,香港天文台總部,1931,8,4,29.2,
HKO,香港天文台總部,1931,8,5,28.2,
HKO,香港天文台總部,1931,8,6,31.9,
HKO,香港天文台總部,1931,8,7,33.3,
HKO,香港天文台總部,1931,8,8,32.7,
HKO,香港天文台總部,1931,8,9,31.8,
HKO,香港天文台總部,1931,8,10,33.2,
HKO,香港天文台總部,1931,8,11,32.2,
HKO,香港天文台總部,1931,8,12,30.1,
HKO,香港天文台總部,1931,8,13,28.0,
HKO,香港天文台總部,1931,8,14,29.9,
HKO,香港天文台總部,1931,8,15,30.7,
HKO,香港天文台總部,1931,8,16,28.6,
HKO,香港天文台總部,1931,8,17,27.3,
HKO,香港天文台總部,1931,8,18,28.8,
HKO,香港天文台總部,1931,8,19,29.5,
HKO,香港天文台總部,1931,8,20,31.1,
HKO,香港天文台總部,1931,8,21,29.4,
HKO,香港天文台總部,1931,8,22,32.8,
HKO,香港天文台總部,1931,8,23,32.8,
HKO,香港天文台總部,1931,8,24,33.9,
HKO,香港天文台總部,1931,8,25,34.4,
HKO,香港天文台總部,1931,8,26,32.9,
HKO,香港天文台總部,1931,8,27,30.6,
HKO,香港天文台總部,1931,8,28,31.1,
HKO,香港天文台總部,1931,8,29,30.6,
HKO,香港天文台總部,1931,8,30,30.8,
HKO,香港天文台總部,1931,8,31,31.4,
HKO,香港天文台總部,1931,9,1,30.9,
HKO,香港天文台總部,1931,9,2,28.3,
HKO,香港天文台總部,1931,9,3,29.4,
HKO,香港天文台總部,1931,9,4,27.9,
HKO,香港天文台總部,1931,9,5,28.3,
HKO,香港天文台總部,1931,9,6,31.1,
HKO,香港天文台總部,1931,9,7,31.1,
HKO,香港天文台總部,1931,9,8,31.2,
HKO,香港天文台總部,1931,9,9,30.7,
HKO,香港天文台總部,1931,9,10,31.1,
HKO,香港天文台總部,1931,9,11,32.3,
HKO,香港天文台總部,1931,9,12,30.4,
HKO,香港天文台總部,1931,9,13,30.5,
HKO,香港天文台總部,1931,9,14,27.8,
HKO,香港天文台總部,1931,9,15,29.6,
HKO,香港天文台總部,1931,9,16,29.6,
HKO,香港天文台總部,1931,9,17,29.9,
HKO,香港天文台總部,1931,9,18,29.6,
HKO,香港天文台總部,1931,9,19,30.3,
HKO,香港天文台總部,1931,9,20,29.1,
HKO,香港天文台總部,1931,9,21,29.8,
HKO,香港天文台總部,1931,9,22,31.6,
HKO,香港天文台總部,1931,9,23,31.2,
HKO,香港天文台總部,1931,9,24,33.0,
HKO,香港天文台總部,1931,9,25,32.5,
HKO,香港天文台總部,1931,9,26,30.4,
HKO,香港天文台總部,1931,9,27,29.4,
HKO,香港天文台總部,1931,9,28,30.1,
HKO,香港天文台總部,1931,9,29,28.2,
HKO,香港天文台總部,1931,9,30,21.7,
HKO,香港天文台總部,1932,6,1,29.4,
HKO,香港天文台總部,1932,6,2,29.3,
HKO,香港天文台總部,1932,6,3,27.1,
HKO,香港天文台總部,1932,6,4,27.6,
HKO,香港天文台總部,1932,6,5,30.7,
HKO,香港天文台總部,1932,6,6,30.6,
HKO,香港天文台總部,1932,6,7,31.2,
HKO,香港天文台總部,1932,6,8,28.1,
HKO,香港天文台總部,1932,6,9,27.8,
HKO,香港天文台總部,1932,6,10,29.4,
HKO,香港天文台總部,1932,6,11,28.1,
HKO,香港天文台總部,1932,6,12,29.9,
HKO,香港天文台總部,1932,6,13,31.7,
HKO,香港天文台總部,1932,6,14,28.3,
HKO,香港天文台總部,1932,6,15,27.7,
HKO,香港天文台總部,1932,6,16,30.6,
HKO,香港天文台總部,1932,6,17,32.1,
HKO,香港天文台總部,1932,6,18,31.8,
HKO,香港天文台總部,1932,6,19,29.8,
HKO,香港天文台總部,1932,6,20,31.7,
HKO,香港天文台總部,1932,6,21,31.9,
HKO,香港天文台總部,1932,6,22,31.2,
HKO,香港天文台總部,1932,6,23,32.2,
HKO,香港天文台總部,1932,6,24,31.1,
HKO,香港天文台總部,1932,6,25,30.6,
HKO,香港天文台總部,1932,6,26,31.3,
HKO,香港天文台總部,1932,6,27,30.3,
HKO,香港天文台總部,1932,6,28,28.9,
HKO,香港天文台總部,1932,6,29,31.2,
HKO,香港天文台總部,1932,6,30,28.8,
HKO,香港天文台總部,1932,7,1,30.6,
HKO,香港天文台總部,1932,7,2,30.6,
HKO,香港天文台總部,1932,7,3,29.5,
HKO,香港天文台總部,1932,7,4,29.1,
HKO,香港天文台總部,1932,7,5,28.3,
HKO,香港天文台總部,1932,7,6,32.1,
HKO,香港天文台總部,1932,7,7,30.9,
HKO,香港天文台總部,1932,7,8,31.5,
HKO,香港天文台總部,1932,7,9,31.7,
HKO,香港天文台總部,1932,7,10,31.9,
HKO,香港天文台總部,1932,7,11,29.9,
HKO,香港天文台總部,1932,7,12,30.9,
HKO,香港天文台總部,1932,7,13,30.0,
HKO,香港天文台總部,1932,7,14,30.6,
HKO,香港天文台總部,1932,7,15,30.4,
HKO,香港天文台總部,1932,7,16,30.0,
HKO,香港天文台總部,1932,7,17,31.7,
HKO,香港天文台總部,1932,7,18,30.5,
HKO,香港天文台總部,1932,7,19,30.5,
HKO,香港天文台總部,1932,7,20,31.0,
HKO,香港天文台總部,1932,7,21,29.4,
HKO,香港天文台總部,1932,7,22,27.3,
HKO,香港天文台總部,1932,7,23,27.1,
HKO,香港天文台總部,1932,7,24,26.2,
HKO,香港天文台總部,1932,7,25,30.6,
HKO,香港天文台總部,1932,7,26,30.0,
HKO,香港天文台總部,1932,7,27,30.6,
HKO,香港天文台總部,1932,7,28,31.1,
HKO,香港天文台總部,1932,7,29,29.0,
HKO,香港天文台總部,1932,7,30,26.9,
HKO,香港天文台總部,1932,7,31,26.3,
HKO,香港天文台總部,1932,8,1,30.4,
HKO,香港天文台總部,1932,8,2,30.7,
HKO,香港天文台總部,1932,8,3,29.1,
HKO,香港天文台總部,1932,8,4,28.3,
HKO,香港天文台總部,1932,8,5,28.9,
HKO,香港天文台總部,1932,8,6,29.8,
HKO,香港天文台總部,1932,8,7,32.1,
HKO,香港天文台總部,1932,8,8,30.0,
HKO,香港天文台總部,1932,8,9,30.2,
HKO,香港天文台總部,1932,8,10,30.8,
HKO,香港天文台總部,1932,8,11,31.1,
HKO,香港天文台總部,1932,8,12,31.2,
HKO,香港天文台總部,1932,8,13,32.3,
HKO,香港天文台總部,1932,8,14,32.1,
HKO,香港天文台總部,1932,8,15,32.7,
HKO,香港天文台總部,1932,8,16,32.0,
HKO,香港天文台總部,1932,8,17,31.1,
HKO,香港天文台總部,1932,8,18,31.2,
HKO,香港天文台總部,1932,8,19,31.1,
HKO,香港天文台總部,1932,8,20,32.3,
HKO,香港天文台總部,1932,8,21,31.9,
HKO,香港天文台總部,1932,8,22,28.2,
HKO,香港天文台總部,1932,8,23,31.3,
HKO,香港天文台總部,1932,8,24,31.4,
HKO,香港天文台總部,1932,8,25,31.6,
HKO,香港天文台總部,1932,8,26,30.1,
HKO,香港天文台總部,1932,8,27,28.2,
HKO,香港天文台總部,1932,8,28,25.6,
HKO,香港天文台總部,1932,8,29,26.4,
HKO,香港天文台總部,1932,8,30,27.6,
HKO,香港天文台總部,1932,8,31,28.6,
HKO,香港天文台總部,1932,9,1,30.5,
HKO,香港天文台總部,1932,9,2,29.4,
HKO,香港天文台總部,1932,9,3,28.2,
HKO,香港天文台總部,1932,9,4,27.8,
HKO,香港天文台總部,1932,9,5,27.5,
HKO,香港天文台總部,1932,9,6,27.7,
HKO,香港天文台總部,1932,9,7,28.3,
HKO,香港天文台總部,1932,9,8,29.0,
HKO,香港天文台總部,1932,9,9,29.2,
HKO,香港天文台總部,1932,9,10,27.6,
HKO,香港天文台總部,1932,9,11,27.2,
HKO,香港天文台總部,1932,9,12,27.2,
HKO,香港天文台總部,1932,9,13,28.2,
HKO,香港天文台總部,1932,9,14,28.3,
HKO,香港天文台總部,1932,9,15,28.9,
HKO,香港天文台總部,1932,9,16,30.5,
HKO,香港天文台總部,1932,9,17,28.3,
HKO,香港天文台總部,1932,9,18,28.8,
HKO,香港天文台總部,1932,9,19,27.7,
HKO,香港天文台總部,1932,9,20,28.1,
HKO,香港天文台總部,1932,9,21,28.8,
HKO,香港天文台總部,1932,9,22,28.9,
HKO,香港天文台總部,1932,9,23,30.1,
HKO,香港天文台總部,1932,9,24,30.1,
HKO,香港天文台總部,1932,9,25,30.8,
HKO,香港天文台總部,1932,9,26,30.6,
HKO,香港天文台總部,1932,9,27,31.1,
HKO,香港天文台總部,1932,9,28,27.2,
HKO,香港天文台總部,1932,9,29,29.1,
HKO,香港天文台總部,1932,9,30,29.4,
HKO,香港天文台總部,1933,6,1,26.6,
HKO,香港天文台總部,1933,6,2,29.3,
HKO,香港天文台總部,1933,6,3,31.2,
HKO,香港天文台總部,1933,6,4,31.7,
HKO,香港天文台總部,1933,6,5,31.1,
HKO,香港天文台總部,1933,6,6,32.8,
HKO,香港天文台總部,1933,6,7,32.9,
HKO,香港天文台總部,1933,6,8,32.5,
HKO,香港天文台總部,1933,6,9,31.6,
HKO,香港天文台總部,1933,6,10,30.0,
HKO,香港天文台總部,1933,6,11,31.1,
HKO,香港天文台總部,1933,6,12,27.2,
HKO,香港天文台總部,1933,6,13,28.9,
HKO,香港天文台總部,1933,6,14,29.0,
HKO,香港天文台總部,1933,6,15,28.6,
HKO,香港天文台總部,1933,6,16,30.2,
HKO,香港天文台總部,1933,6,17,32.2,
HKO,香港天文台總部,1933,6,18,32.0,
HKO,香港天文台總部,1933,6,19,32.2,
HKO,香港天文台總部,1933,6,20,30.7,
HKO,香港天文台總部,1933,6,21,30.8,
HKO,香港天文台總部,1933,6,22,32.6,
HKO,香港天文台總部,1933,6,23,30.8,
HKO,香港天文台總部,1933,6,24,31.5,
HKO,香港天文台總部,1933,6,25,31.6,
HKO,香港天文台總部,1933,6,26,29.2,
HKO,香港天文台總部,1933,6,27,31.1,
HKO,香港天文台總部,1933,6,28,29.8,
HKO,香港天文台總部,1933,6,29,27.3,
HKO,香港天文台總部,1933,6,30,29.5,
HKO,香港天文台總部,1933,7,1,29.5,
HKO,香港天文台總部,1933,7,2,27.8,
HKO,香港天文台總部,1933,7,3,29.9,
HKO,香港天文台總部,1933,7,4,31.7,
HKO,香港天文台總部,1933,7,5,31.4,
HKO,香港天文台總部,1933,7,6,31.4,
HKO,香港天文台總部,1933,7,7,32.2,
HKO,香港天文台總部,1933,7,8,30.7,
HKO,香港天文台總部,1933,7,9,30.3,
HKO,香港天文台總部,1933,7,10,30.8,
HKO,香港天文台總部,1933,7,11,30.3,
HKO,香港天文台總部,1933,7,12,29.9,
HKO,香港天文台總部,1933,7,13,31.5,
HKO,香港天文台總部,1933,7,14,31.7,
HKO,香港天文台總部,1933,7,15,29.9,
HKO,香港天文台總部,1933,7,16,31.1,
HKO,香港天文台總部,1933,7,17,30.6,
HKO,香港天文台總部,1933,7,18,30.9,
HKO,香港天文台總部,1933,7,19,30.4,
HKO,香港天文台總部,1933,7,20,31.3,
HKO,香港天文台總部,1933,7,21,32.8,
HKO,香港天文台總部,1933,7,22,32.8,
HKO,香港天文台總部,1933,7,23,32.7,
HKO,香港天文台總部,1933,7,24,33.1,
HKO,香港天文台總部,1933,7,25,31.7,
HKO,香港天文台總部,1933,7,26,29.8,
HKO,香港天文台總部,1933,7,27,30.6,
HKO,香港天文台總部,1933,7,28,32.7,
HKO,香港天文台總部,1933,7,29,33.9,
HKO,香港天文台總部,1933,7,30,28.9,
HKO,香港天文台總部,1933,7,31,30.9,
HKO,香港天文台總部,1933,8,1,32.0,
HKO,香港天文台總部,1933,8,2,32.2,
HKO,香港天文台總部,1933,8,3,33.8,
HKO,香港天文台總部,1933,8,4,30.9,
HKO,香港天文台總部,1933,8,5,31.1,
HKO,香港天文台總部,1933,8,6,32.0,
HKO,香港天文台總部,1933,8,7,32.1,
HKO,香港天文台總部,1933,8,8,28.4,
HKO,香港天文台總部,1933,8,9,31.7,
HKO,香港天文台總部,1933,8,10,32.2,
HKO,香港天文台總部,1933,8,11,31.7,
HKO,香港天文台總部,1933,8,12,32.4,
HKO,香港天文台總部,1933,8,13,31.2,
HKO,香港天文台總部,1933,8,14,30.2,
HKO,香港天文台總部,1933,8,15,31.9,
HKO,香港天文台總部,1933,8,16,32.0,
HKO,香港天文台總部,1933,8,17,32.2,
HKO,香港天文台總部,1933,8,18,32.8,
HKO,香港天文台總部,1933,8,19,32.8,
HKO,香港天文台總部,1933,8,20,31.7,
HKO,香港天文台總部,1933,8,21,31.6,
HKO,香港天文台總部,1933,8,22,31.8,
HKO,香港天文台總部,1933,8,23,32.7,
HKO,香港天文台總部,1933,8,24,32.8,
HKO,香港天文台總部,1933,8,25,32.6,
HKO,香港天文台總部,1933,8,26,32.1,
HKO,香港天文台總部,1933,8,27,32.6,
HKO,香港天文台總部,1933,8,28,32.1,
HKO,香港天文台總部,1933,8,29,32.2,
HKO,香港天文台總部,1933,8,30,31.4,
HKO,香港天文台總部,1933,8,31,33.2,
HKO,香港天文台總部,1933,9,1,32.5,
HKO,香港天文台總部,1933,9,2,32.2,
HKO,香港天文台總部,1933,9,3,31.1,
HKO,香港天文台總部,1933,9,4,31.7,
HKO,香港天文台總部,1933,9,5,33.2,
HKO,香港天文台總部,1933,9,6,31.4,
HKO,香港天文台總部,1933,9,7,29.9,
HKO,香港天文台總部,1933,9,8,30.0,
HKO,香港天文台總部,1933,9,9,30.3,
HKO,香港天文台總部,1933,9,10,32.6,
HKO,香港天文台總部,1933,9,11,28.4,
HKO,香港天文台總部,1933,9,12,27.2,
HKO,香港天文台總部,1933,9,13,29.4,
HKO,香港天文台總部,1933,9,14,28.3,
HKO,香港天文台總部,1933,9,15,30.1,
HKO,香港天文台總部,1933,9,16,31.6,
HKO,香港天文台總部,1933,9,17,31.7,
HKO,香港天文台總部,1933,9,18,33.4,
HKO,香港天文台總部,1933,9,19,32.9,
HKO,香港天文台總部,1933,9,20,28.6,
HKO,香港天文台總部,1933,9,21,28.1,
HKO,香港天文台總部,1933,9,22,27.2,
HKO,香港天文台總部,1933,9,23,29.6,
HKO,香港天文台總部,1933,9,24,31.7,
HKO,香港天文台總部,1933,9,25,32.8,
HKO,香港天文台總部,1933,9,26,33.4,
HKO,香港天文台總部,1933,9,27,32.8,
HKO,香港天文台總部,1933,9,28,29.4,
HKO,香港天文台總部,1933,9,29,28.8,
HKO,香港天文台總部,1933,9,30,28.9,
HKO,香港天文台總部,1934,6,1,30.0,
HKO,香港天文台總部,1934,6,2,30.8,
HKO,香港天文台總部,1934,6,3,27.3,
HKO,香港天文台總部,1934,6,4,30.2,
HKO,香港天文台總部,1934,6,5,31.7,
HKO,香港天文台總部,1934,6,6,30.9,
HKO,香港天文台總部,1934,6,7,28.9,
HKO,香港天文台總部,1934,6,8,30.1,
HKO,香港天文台總部,1934,6,9,30.6,
HKO,香港天文台總部,1934,6,10,31.2,
HKO,香港天文台總部,1934,6,11,31.0,
HKO,香港天文台總部,1934,6,12,30.3,
HKO,香港天文台總部,1934,6,13,30.7,
HKO,香港天文台總部,1934,6,14,27.9,
HKO,香港天文台總部,1934,6,15,28.6,
HKO,香港天文台總部,1934,6,16,32.5,
HKO,香港天文台總部,1934,6,17,31.1,
HKO,香港天文台總部,1934,6,18,31.8,
HKO,香港天文台總部,1934,6,19,29.0,
HKO,香港天文台總部,1934,6,20,28.1,
HKO,香港天文台總部,1934,6,21,27.2,
HKO,香港天文台總部,1934,6,22,27.8,
HKO,香港天文台總部,1934,6,23,31.7,
HKO,香港天文台總部,1934,6,24,31.1,
HKO,香港天文台總部,1934,6,25,30.7,
HKO,香港天文台總部,1934,6,26,29.8,
HKO,香港天文台總部,1934,6,27,28.9,
HKO,香港天文台總部,1934,6,28,30.9,
HKO,香港天文台總部,1934,6,29,30.0,
HKO,香港天文台總部,1934,6,30,30.0,
HKO,香港天文台總部,1934,7,1,29.7,
HKO,香港天文台總部,1934,7,2,30.0,
HKO,香港天文台總部,1934,7,3,30.1,
HKO,香港天文台總部,1934,7,4,30.1,
HKO,香港天文台總部,1934,7,5,30.0,
HKO,香港天文台總部,1934,7,6,29.4,
HKO,香港天文台總部,1934,7,7,29.5,
HKO,香港天文台總部,1934,7,8,28.9,
HKO,香港天文台總部,1934,7,9,29.4,
HKO,香港天文台總部,1934,7,10,31.2,
HKO,香港天文台總部,1934,7,11,30.7,
HKO,香港天文台總部,1934,7,12,32.4,
HKO,香港天文台總部,1934,7,13,32.5,
HKO,香港天文台總部,1934,7,14,31.9,
HKO,香港天文台總部,1934,7,15,33.3,
HKO,香港天文台總部,1934,7,16,33.1,
HKO,香港天文台總部,1934,7,17,33.4,
HKO,香港天文台總部,1934,7,18,33.9,
HKO,香港天文台總部,1934,7,19,33.4,
HKO,香港天文台總部,1934,7,20,32.8,
HKO,香港天文台總部,1934,7,21,28.6,
HKO,香港天文台總部,1934,7,22,28.6,
HKO,香港天文台總部,1934,7,23,27.3,
HKO,香港天文台總部,1934,7,24,31.1,
HKO,香港天文台總部,1934,7,25,30.2,
HKO,香港天文台總部,1934,7,26,30.4,
HKO,香港天文台總部,1934,7,27,30.7,
HKO,香港天文台總部,1934,7,28,28.6,
HKO,香港天文台總部,1934,7,29,26.1,
HKO,香港天文台總部,1934,7,30,28.7,
HKO,香港天文台總部,1934,7,31,30.7,
HKO,香港天文台總部,1934,8,1,26.4,
HKO,香港天文台總部,1934,8,2,26.5,
HKO,香港天文台總部,1934,8,3,25.0,
HKO,香港天文台總部,1934,8,4,29.3,
HKO,香港天文台總部,1934,8,5,30.4,
HKO,香港天文台總部,1934,8,6,31.4,
HKO,香港天文台總部,1934,8,7,31.4,
HKO,香港天文台總部,1934,8,8,33.1,
HKO,香港天文台總部,1934,8,9,30.4,
HKO,香港天文台總部,1934,8,10,30.8,
HKO,香港天文台總部,1934,8,11,32.3,
HKO,香港天文台總部,1934,8,12,28.9,
HKO,香港天文台總部,1934,8,13,29.3,
HKO,香港天文台總部,1934,8,14,28.2,
HKO,香港天文台總部,1934,8,15,29.4,
HKO,香港天文台總部,1934,8,16,28.9,
HKO,香港天文台總部,1934,8,17,26.5,
HKO,香港天文台總部,1934,8,18,26.1,
HKO,香港天文台總部,1934,8,19,25.9,
HKO,香港天文台總部,1934,8,20,27.2,
HKO,香港天文台總部,1934,8,21,27.8,
HKO,香港天文台總部,1934,8,22,29.0,
HKO,香港天文台總部,1934,8,23,29.5,
HKO,香港天文台總部,1934,8,24,27.3,
HKO,香港天文台總部,1934,8,25,31.7,
HKO,香港天文台總部,1934,8,26,31.2,
HKO,香港天文台總部,1934,8,27,30.6,
HKO,香港天文台總部,1934,8,28,30.8,
HKO,香港天文台總部,1934,8,29,31.7,
HKO,香港天文台總部,1934,8,30,32.2,
HKO,香港天文台總部,1934,8,31,32.1,
HKO,香港天文台總部,1934,9,1,31.2,
HKO,香港天文台總部,1934,9,2,29.9,
HKO,香港天文台總部,1934,9,3,30.9,
HKO,香港天文台總部,1934,9,4,31.7,
HKO,香港天文台總部,1934,9,5,33.2,
HKO,香港天文台總部,1934,9,6,33.6,
HKO,香港天文台總部,1934,9,7,33.4,
HKO,香港天文台總部,1934,9,8,32.6,
HKO,香港天文台總部,1934,9,9,31.8,
HKO,香港天文台總部,1934,9,10,30.6,
HKO,香港天文台總部,1934,9,11,29.2,
HKO,香港天文台總部,1934,9,12,30.3,
HKO,香港天文台總部,1934,9,13,31.2,
HKO,香港天文台總部,1934,9,14,31.1,
HKO,香港天文台總部,1934,9,15,29.4,
HKO,香港天文台總部,1934,9,16,29.8,
HKO,香港天文台總部,1934,9,17,29.9,
HKO,香港天文台總部,1934,9,18,31.2,
HKO,香港天文台總部,1934,9,19,30.8,
HKO,香港天文台總部,1934,9,20,27.2,
HKO,香港天文台總部,1934,9,21,29.3,
HKO,香港天文台總部,1934,9,22,27.8,
HKO,香港天文台總部,1934,9,23,27.8,
HKO,香港天文台總部,1934,9,24,29.4,
HKO,香港天文台總部,1934,9,25,29.9,
HKO,香港天文台總部,1934,9,26,33.1,
HKO,香港天文台總部,1934,9,27,28.9,
HKO,香港天文台總部,1934,9,28,28.4,
HKO,香港天文台總部,1934,9,29,31.2,
HKO,香港天文台總部,1934,9,30,31.2,
HKO,香港天文台總部,1935,6,1,29.9,
HKO,香港天文台總部,1935,6,2,29.1,
HKO,香港天文台總部,1935,6,3,29.5,
HKO,香港天文台總部,1935,6,4,29.9,
HKO,香港天文台總部,1935,6,5,29.3,
HKO,香港天文台總部,1935,6,6,31.0,
HKO,香港天文台總部,1935,6,7,30.4,
HKO,香港天文台總部,1935,6,8,30.6,
HKO,香港天文台總部,1935,6,9,31.5,
HKO,香港天文台總部,1935,6,10,31.8,
HKO,香港天文台總部,1935,6,11,32.0,
HKO,香港天文台總部,1935,6,12,31.9,
HKO,香港天文台總部,1935,6,13,30.8,
HKO,香港天文台總部,1935,6,14,28.1,
HKO,香港天文台總部,1935,6,15,30.0,
HKO,香港天文台總部,1935,6,16,31.2,
HKO,香港天文台總部,1935,6,17,28.9,
HKO,香港天文台總部,1935,6,18,26.3,
HKO,香港天文台總部,1935,6,19,29.4,
HKO,香港天文台總部,1935,6,20,30.6,
HKO,香港天文台總部,1935,6,21,30.8,
HKO,香港天文台總部,1935,6,22,30.5,
HKO,香港天文台總部,1935,6,23,31.3,
HKO,香港天文台總部,1935,6,24,31.1,
HKO,香港天文台總部,1935,6,25,31.2,
HKO,香港天文台總部,1935,6,26,31.5,
HKO,香港天文台總部,1935,6,27,31.8,
HKO,香港天文台總部,1935,6,28,32.3,
HKO,香港天文台總部,1935,6,29,32.3,
HKO,香港天文台總部,1935,6,30,30.7,
HKO,香港天文台總部,1935,7,1,31.6,
HKO,香港天文台總部,1935,7,2,30.1,
HKO,香港天文台總部,1935,7,3,28.1,
HKO,香港天文台總部,1935,7,4,28.2,
HKO,香港天文台總部,1935,7,5,30.8,
HKO,香港天文台總部,1935,7,6,29.1,
HKO,香港天文台總部,1935,7,7,29.9,
HKO,香港天文台總部,1935,7,8,30.0,
HKO,香港天文台總部,1935,7,9,28.4,
HKO,香港天文台總部,1935,7,10,30.8,
HKO,香港天文台總部,1935,7,11,31.4,
HKO,香港天文台總部,1935,7,12,31.9,
HKO,香港天文台總部,1935,7,13,32.3,
HKO,香港天文台總部,1935,7,14,31.7,
HKO,香港天文台總部,1935,7,15,29.9,
HKO,香港天文台總部,1935,7,16,29.8,
HKO,香港天文台總部,1935,7,17,31.0,
HKO,香港天文台總部,1935,7,18,31.7,
HKO,香港天文台總部,1935,7,19,32.4,
HKO,香港天文台總部,1935,7,20,32.9,
HKO,香港天文台總部,1935,7,21,32.5,
HKO,香港天文台總部,1935,7,22,32.4,
HKO,香港天文台總部,1935,7,23,31.7,
HKO,香港天文台總部,1935,7,24,27.4,
HKO,香港天文台總部,1935,7,25,28.9,
HKO,香港天文台總部,1935,7,26,26.7,
HKO,香港天文台總部,1935,7,27,27.2,
HKO,香港天文台總部,1935,7,28,29.7,
HKO,香港天文台總部,1935,7,29,31.4,
HKO,香港天文台總部,1935,7,30,32.8,
HKO,香港天文台總部,1935,7,31,28.7,
HKO,香港天文台總部,1935,8,1,29.6,
HKO,香港天文台總部,1935,8,2,28.6,
HKO,香港天文台總部,1935,8,3,30.6,
HKO,香港天文台總部,1935,8,4,32.2,
HKO,香港天文台總部,1935,8,5,30.4,
HKO,香港天文台總部,1935,8,6,30.5,
HKO,香港天文台總部,1935,8,7,27.1,
HKO,香港天文台總部,1935,8,8,27.3,
HKO,香港天文台總部,1935,8,9,29.4,
HKO,香港天文台總部,1935,8,10,30.6,
HKO,香港天文台總部,1935,8,11,29.9,
HKO,香港天文台總部,1935,8,12,30.4,
HKO,香港天文台總部,1935,8,13,30.9,
HKO,香港天文台總部,1935,8,14,30.8,
HKO,香港天文台總部,1935,8,15,32.1,
HKO,香港天文台總部,1935,8,16,32.3,
HKO,香港天文台總部,1935,8,17,30.3,
HKO,香港天文台總部,1935,8,18,30.1,
HKO,香港天文台總部,1935,8,19,30.6,
HKO,香港天文台總部,1935,8,20,31.5,
HKO,香港天文台總部,1935,8,21,31.7,
HKO,香港天文台總部,1935,8,22,31.4,
HKO,香港天文台總部,1935,8,23,31.7,
HKO,香港天文台總部,1935,8,24,33.7,
HKO,香港天文台總部,1935,8,25,32.1,
HKO,香港天文台總部,1935,8,26,32.7,
HKO,香港天文台總部,1935,8,27,32.9,
HKO,香港天文台總部,1935,8,28,32.7,
HKO,香港天文台總部,1935,8,29,31.0,
HKO,香港天文台總部,1935,8,30,31.9,
HKO,香港天文台總部,1935,8,31,31.4,
HKO,香港天文台總部,1935,9,1,31.9,
HKO,香港天文台總部,1935,9,2,29.9,
HKO,香港天文台總部,1935,9,3,29.4,
HKO,香港天文台總部,1935,9,4,29.9,
HKO,香港天文台總部,1935,9,5,30.6,
HKO,香港天文台總部,1935,9,6,31.5,
HKO,香港天文台總部,1935,9,7,30.8,
HKO,香港天文台總部,1935,9,8,30.3,
HKO,香港天文台總部,1935,9,9,27.8,
HKO,香港天文台總部,1935,9,10,29.4,
HKO,香港天文台總部,1935,9,11,31.3,
HKO,香港天文台總部,1935,9,12,29.9,
HKO,香港天文台總部,1935,9,13,27.2,
HKO,香港天文台總部,1935,9,14,26.9,
HKO,香港天文台總部,1935,9,15,28.4,
HKO,香港天文台總部,1935,9,16,28.8,
HKO,香港天文台總部,1935,9,17,27.7,
HKO,香港天文台總部,1935,9,18,25.9,
HKO,香港天文台總部,1935,9,19,28.0,
HKO,香港天文台總部,1935,9,20,28.7,
HKO,香港天文台總部,1935,9,21,29.3,
HKO,香港天文台總部,1935,9,22,30.6,
HKO,香港天文台總部,1935,9,23,29.7,
HKO,香港天文台總部,1935,9,24,28.3,
HKO,香港天文台總部,1935,9,25,25.0,
HKO,香港天文台總部,1935,9,26,21.4,
HKO,香港天文台總部,1935,9,27,23.1,
HKO,香港天文台總部,1935,9,28,26.5,
HKO,香港天文台總部,1935,9,29,26.8,
HKO,香港天文台總部,1935,9,30,26.7,
HKO,香港天文台總部,1936,6,1,26.5,
HKO,香港天文台總部,1936,6,2,28.1,
HKO,香港天文台總部,1936,6,3,30.7,
HKO,香港天文台總部,1936,6,4,30.6,
HKO,香港天文台總部,1936,6,5,31.6,
HKO,香港天文台總部,1936,6,6,33.6,
HKO,香港天文台總部,1936,6,7,32.8,
HKO,香港天文台總部,1936,6,8,31.2,
HKO,香港天文台總部,1936,6,9,30.7,
HKO,香港天文台總部,1936,6,10,29.2,
HKO,香港天文台總部,1936,6,11,25.8,
HKO,香港天文台總部,1936,6,12,30.4,
HKO,香港天文台總部,1936,6,13,30.4,
HKO,香港天文台總部,1936,6,14,30.8,
HKO,香港天文台總部,1936,6,15,30.2,
HKO,香港天文台總部,1936,6,16,30.8,
HKO,香港天文台總部,1936,6,17,31.9,
HKO,香港天文台總部,1936,6,18,32.4,
HKO,香港天文台總部,1936,6,19,32.6,
HKO,香港天文台總部,1936,6,20,32.1,
HKO,香港天文台總部,1936,6,21,32.2,
HKO,香港天文台總部,1936,6,22,32.8,
HKO,香港天文台總部,1936,6,23,30.6,
HKO,香港天文台總部,1936,6,24,31.4,
HKO,香港天文台總部,1936,6,25,31.4,
HKO,香港天文台總部,1936,6,26,32.1,
HKO,香港天文台總部,1936,6,27,31.8,
HKO,香港天文台總部,1936,6,28,30.2,
HKO,香港天文台總部,1936,6,29,30.2,
HKO,香港天文台總部,1936,6,30,31.1,
HKO,香港天文台總部,1936,7,1,32.2,
HKO,香港天文台總部,1936,7,2,32.8,
HKO,香港天文台總部,1936,7,3,32.6,
HKO,香港天文台總部,1936,7,4,32.7,
HKO,香港天文台總部,1936,7,5,31.6,
HKO,香港天文台總部,1936,7,6,32.3,
HKO,香港天文台總部,1936,7,7,30.0,
HKO,香港天文台總部,1936,7,8,30.9,
HKO,香港天文台總部,1936,7,9,31.5,
HKO,香港天文台總部,1936,7,10,31.7,
HKO,香港天文台總部,1936,7,11,32.2,
HKO,香港天文台總部,1936,7,12,32.5,
HKO,香港天文台總部,1936,7,13,32.0,
HKO,香港天文台總部,1936,7,14,32.5,
HKO,香港天文台總部,1936,7,15,32.8,
HKO,香港天文台總部,1936,7,16,33.2,
HKO,香港天文台總部,1936,7,17,32.2,
HKO,香港天文台總部,1936,7,18,31.2,
HKO,香港天文台總部,1936,7,19,29.4,
HKO,香港天文台總部,1936,7,20,30.4,
HKO,香港天文台總部,1936,7,21,30.3,
HKO,香港天文台總部,1936,7,22,31.2,
HKO,香港天文台總部,1936,7,23,31.1,
HKO,香港天文台總部,1936,7,24,32.4,
HKO,香港天文台總部,1936,7,25,29.1,
HKO,香港天文台總部,1936,7,26,28.2,
HKO,香港天文台總部,1936,7,27,30.8,
HKO,香港天文台總部,1936,7,28,30.5,
HKO,香港天文台總部,1936,7,29,30.2,
HKO,香港天文台總部,1936,7,30,31.7,
HKO,香港天文台總部,1936,7,31,32.8,
HKO,香港天文台總部,1936,8,1,31.9,
HKO,香港天文台總部,1936,8,2,29.4,
HKO,香港天文台總部,1936,8,3,28.5,
HKO,香港天文台總部,1936,8,4,30.6,
HKO,香港天文台總部,1936,8,5,31.3,
HKO,香港天文台總部,1936,8,6,31.2,
HKO,香港天文台總部,1936,8,7,30.3,
HKO,香港天文台總部,1936,8,8,30.2,
HKO,香港天文台總部,1936,8,9,30.8,
HKO,香港天文台總部,1936,8,10,31.8,
HKO,香港天文台總部,1936,8,11,32.4,
HKO,香港天文台總部,1936,8,12,33.0,
HKO,香港天文台總部,1936,8,13,28.7,
HKO,香港天文台總部,1936,8,14,28.9,
HKO,香港天文台總部,1936,8,15,32.1,
HKO,香港天文台總部,1936,8,16,31.7,
HKO,香港天文台總部,1936,8,17,28.4,
HKO,香港天文台總部,1936,8,18,30.8,
HKO,香港天文台總部,1936,8,19,32.2,
HKO,香港天文台總部,1936,8,20,32.6,
HKO,香港天文台總部,1936,8,21,31.2,
HKO,香港天文台總部,1936,8,22,31.1,
HKO,香港天文台總部,1936,8,23,31.5,
HKO,香港天文台總部,1936,8,24,31.3,
HKO,香港天文台總部,1936,8,25,31.1,
HKO,香港天文台總部,1936,8,26,31.7,
HKO,香港天文台總部,1936,8,27,30.9,
HKO,香港天文台總部,1936,8,28,30.8,
HKO,香港天文台總部,1936,8,29,33.1,
HKO,香港天文台總部,1936,8,30,31.0,
HKO,香港天文台總部,1936,8,31,30.0,
HKO,香港天文台總部,1936,9,1,31.3,
HKO,香港天文台總部,1936,9,2,29.7,
HKO,香港天文台總部,1936,9,3,30.0,
HKO,香港天文台總部,1936,9,4,31.6,
HKO,香港天文台總部,1936,9,5,29.4,
HKO,香港天文台總部,1936,9,6,26.8,
HKO,香港天文台總部,1936,9,7,27.3,
HKO,香港天文台總部,1936,9,8,30.8,
HKO,香港天文台總部,1936,9,9,31.3,
HKO,香港天文台總部,1936,9,10,28.9,
HKO,香港天文台總部,1936,9,11,31.4,
HKO,香港天文台總部,1936,9,12,31.7,
HKO,香港天文台總部,1936,9,13,32.3,
HKO,香港天文台總部,1936,9,14,31.8,
HKO,香港天文台總部,1936,9,15,31.8,
HKO,香港天文台總部,1936,9,16,31.0,
HKO,香港天文台總部,1936,9,17,30.4,
HKO,香港天文台總部,1936,9,18,29.4,
HKO,香港天文台總部,1936,9,19,30.6,
HKO,香港天文台總部,1936,9,20,30.7,
HKO,香港天文台總部,1936,9,21,30.6,
HKO,香港天文台總部,1936,9,22,30.5,
HKO,香港天文台總部,1936,9,23,29.7,
HKO,香港天文台總部,1936,9,24,30.3,
HKO,香港天文台總部,1936,9,25,32.1,
HKO,香港天文台總部,1936,9,26,29.7,
HKO,香港天文台總部,1936,9,27,28.9,
HKO,香港天文台總部,1936,9,28,27.8,
HKO,香港天文台總部,1936,9,29,26.8,
HKO,香港天文台總部,1936,9,30,30.3,
HKO,香港天文台總部,1937,6,1,24.8,
HKO,香港天文台總部,1937,6,2,27.8,
HKO,香港天文台總部,1937,6,3,28.9,
HKO,香港天文台總部,1937,6,4,28.4,
HKO,香港天文台總部,1937,6,5,28.9,
HKO,香港天文台總部,1937,6,6,29.5,
HKO,香港天文台總部,1937,6,7,30.1,
HKO,香港天文台總部,1937,6,8,29.3,
HKO,香港天文台總部,1937,6,9,30.6,
HKO,香港天文台總部,1937,6,10,30.3,
HKO,香港天文台總部,1937,6,11,31.1,
HKO,香港天文台總部,1937,6,12,31.5,
HKO,香港天文台總部,1937,6,13,31.9,
HKO,香港天文台總部,1937,6,14,32.2,
HKO,香港天文台總部,1937,6,15,32.1,
HKO,香港天文台總部,1937,6,16,31.2,
HKO,香港天文台總部,1937,6,17,30.5,
HKO,香港天文台總部,1937,6,18,29.9,
HKO,香港天文台總部,1937,6,19,30.9,
HKO,香港天文台總部,1937,6,20,29.2,
HKO,香港天文台總部,1937,6,21,30.2,
HKO,香港天文台總部,1937,6,22,27.2,
HKO,香港天文台總部,1937,6,23,26.7,
HKO,香港天文台總部,1937,6,24,29.3,
HKO,香港天文台總部,1937,6,25,28.8,
HKO,香港天文台總部,1937,6,26,30.6,
HKO,香港天文台總部,1937,6,27,29.4,
HKO,香港天文台總部,1937,6,28,31.0,
HKO,香港天文台總部,1937,6,29,31.5,
HKO,香港天文台總部,1937,6,30,32.2,
HKO,香港天文台總部,1937,7,1,32.2,
HKO,香港天文台總部,1937,7,2,32.3,
HKO,香港天文台總部,1937,7,3,32.7,
HKO,香港天文台總部,1937,7,4,30.7,
HKO,香港天文台總部,1937,7,5,29.6,
HKO,香港天文台總部,1937,7,6,29.6,
HKO,香港天文台總部,1937,7,7,31.1,
HKO,香港天文台總部,1937,7,8,29.6,
HKO,香港天文台總部,1937,7,9,29.8,
HKO,香港天文台總部,1937,7,10,30.4,
HKO,香港天文台總部,1937,7,11,31.6,
HKO,香港天文台總部,1937,7,12,32.0,
HKO,香港天文台總部,1937,7,13,32.5,
HKO,香港天文台總部,1937,7,14,32.3,
HKO,香港天文台總部,1937,7,15,33.0,
HKO,香港天文台總部,1937,7,16,31.2,
HKO,香港天文台總部,1937,7,17,31.2,
HKO,香港天文台總部,1937,7,18,30.1,
HKO,香港天文台總部,1937,7,19,28.4,
HKO,香港天文台總部,1937,7,20,29.7,
HKO,香港天文台總部,1937,7,21,30.6,
HKO,香港天文台總部,1937,7,22,31.2,
HKO,香港天文台總部,1937,7,23,31.6,
HKO,香港天文台總部,1937,7,24,32.2,
HKO,香港天文台總部,1937,7,25,33.1,
HKO,香港天文台總部,1937,7,26,32.7,
HKO,香港天文台總部,1937,7,27,31.3,
HKO,香港天文台總部,1937,7,28,31.3,
HKO,香港天文台總部,1937,7,29,29.6,
HKO,香港天文台總部,1937,7,30,29.9,
HKO,香港天文台總部,1937,7,31,31.4,
HKO,香港天文台總部,1937,8,1,31.6,
HKO,香港天文台總部,1937,8,2,33.9,
HKO,香港天文台總部,1937,8,3,33.4,
HKO,香港天文台總部,1937,8,4,32.6,
HKO,香港天文台總部,1937,8,5,30.4,
HKO,香港天文台總部,1937,8,6,28.9,
HKO,香港天文台總部,1937,8,7,28.8,
HKO,香港天文台總部,1937,8,8,29.9,
HKO,香港天文台總部,1937,8,9,29.5,
HKO,香港天文台總部,1937,8,10,28.4,
HKO,香港天文台總部,1937,8,11,31.0,
HKO,香港天文台總部,1937,8,12,30.6,
HKO,香港天文台總部,1937,8,13,30.6,
HKO,香港天文台總部,1937,8,14,32.1,
HKO,香港天文台總部,1937,8,15,31.1,
HKO,香港天文台總部,1937,8,16,31.5,
HKO,香港天文台總部,1937,8,17,29.1,
HKO,香港天文台總部,1937,8,18,29.7,
HKO,香港天文台總部,1937,8,19,30.1,
HKO,香港天文台總部,1937,8,20,29.0,
HKO,香港天文台總部,1937,8,21,27.4,
HKO,香港天文台總部,1937,8,22,27.2,
HKO,香港天文台總部,1937,8,23,29.8,
HKO,香港天文台總部,1937,8,24,27.8,
HKO,香港天文台總部,1937,8,25,29.5,
HKO,香港天文台總部,1937,8,26,29.7,
HKO,香港天文台總部,1937,8,27,29.8,
HKO,香港天文台總部,1937,8,28,29.1,
HKO,香港天文台總部,1937,8,29,30.4,
HKO,香港天文台總部,1937,8,30,28.4,
HKO,香港天文台總部,1937,8,31,30.9,
HKO,香港天文台總部,1937,9,1,30.8,
HKO,香港天文台總部,1937,9,2,27.8,
HKO,香港天文台總部,1937,9,3,29.4,
HKO,香港天文台總部,1937,9,4,30.7,
HKO,香港天文台總部,1937,9,5,30.6,
HKO,香港天文台總部,1937,9,6,30.3,
HKO,香港天文台總部,1937,9,7,31.0,
HKO,香港天文台總部,1937,9,8,31.2,
HKO,香港天文台總部,1937,9,9,31.4,
HKO,香港天文台總部,1937,9,10,31.9,
HKO,香港天文台總部,1937,9,11,32.0,
HKO,香港天文台總部,1937,9,12,30.8,
HKO,香港天文台總部,1937,9,13,30.3,
HKO,香港天文台總部,1937,9,14,29.3,
HKO,香港天文台總部,1937,9,15,31.1,
HKO,香港天文台總部,1937,9,16,30.5,
HKO,香港天文台總部,1937,9,17,31.6,
HKO,香港天文台總部,1937,9,18,32.6,
HKO,香港天文台總部,1937,9,19,28.3,
HKO,香港天文台總部,1937,9,20,28.3,
HKO,香港天文台總部,1937,9,21,29.8,
HKO,香港天文台總部,1937,9,22,31.1,
HKO,香港天文台總部,1937,9,23,30.4,
HKO,香港天文台總部,1937,9,24,31.1,
HKO,香港天文台總部,1937,9,25,30.9,
HKO,香港天文台總部,1937,9,26,31.2,
HKO,香港天文台總部,1937,9,27,32.5,
HKO,香港天文台總部,1937,9,28,29.5,
HKO,香港天文台總部,1937,9,29,30.5,
HKO,香港天文台總部,1937,9,30,30.6,
HKO,香港天文台總部,1938,6,1,31.4,
HKO,香港天文台總部,1938,6,2,29.9,
HKO,香港天文台總部,1938,6,3,31.6,
HKO,香港天文台總部,1938,6,4,31.4,
HKO,香港天文台總部,1938,6,5,31.2,
HKO,香港天文台總部,1938,6,6,30.6,
HKO,香港天文台總部,1938,6,7,30.9,
HKO,香港天文台總部,1938,6,8,32.7,
HKO,香港天文台總部,1938,6,9,32.6,
HKO,香港天文台總部,1938,6,10,29.8,
HKO,香港天文台總部,1938,6,11,30.9,
HKO,香港天文台總部,1938,6,12,31.3,
HKO,香港天文台總部,1938,6,13,31.6,
HKO,香港天文台總部,1938,6,14,31.4,
HKO,香港天文台總部,1938,6,15,30.9,
HKO,香港天文台總部,1938,6,16,31.0,
HKO,香港天文台總部,1938,6,17,31.1,
HKO,香港天文台總部,1938,6,18,31.2,
HKO,香港天文台總部,1938,6,19,31.7,
HKO,香港天文台總部,1938,6,20,31.0,
HKO,香港天文台總部,1938,6,21,31.3,
HKO,香港天文台總部,1938,6,22,32.4,
HKO,香港天文台總部,1938,6,23,31.1,
HKO,香港天文台總部,1938,6,24,32.5,
HKO,香港天文台總部,1938,6,25,32.8,
HKO,香港天文台總部,1938,6,26,32.9,
HKO,香港天文台總部,1938,6,27,32.7,
HKO,香港天文台總部,1938,6,28,33.0,
HKO,香港天文台總部,1938,6,29,32.7,
HKO,香港天文台總部,1938,6,30,34.2,
HKO,香港天文台總部,1938,7,1,34.4,
HKO,香港天文台總部,1938,7,2,33.1,
HKO,香港天文台總部,1938,7,3,30.2,
HKO,香港天文台總部,1938,7,4,30.3,
HKO,香港天文台總部,1938,7,5,27.8,
HKO,香港天文台總部,1938,7,6,32.7,
HKO,香港天文台總部,1938,7,7,30.6,
HKO,香港天文台總部,1938,7,8,30.9,
HKO,香港天文台總部,1938,7,9,30.6,
HKO,香港天文台總部,1938,7,10,30.7,
HKO,香港天文台總部,1938,7,11,31.4,
HKO,香港天文台總部,1938,7,12,30.2,
HKO,香港天文台總部,1938,7,13,30.7,
HKO,香港天文台總部,1938,7,14,30.9,
HKO,香港天文台總部,1938,7,15,30.7,
HKO,香港天文台總部,1938,7,16,31.0,
HKO,香港天文台總部,1938,7,17,30.8,
HKO,香港天文台總部,1938,7,18,30.7,
HKO,香港天文台總部,1938,7,19,31.1,
HKO,香港天文台總部,1938,7,20,30.9,
HKO,香港天文台總部,1938,7,21,31.4,
HKO,香港天文台總部,1938,7,22,31.9,
HKO,香港天文台總部,1938,7,23,31.8,
HKO,香港天文台總部,1938,7,24,30.8,
HKO,香港天文台總部,1938,7,25,30.4,
HKO,香港天文台總部,1938,7,26,31.3,
HKO,香港天文台總部,1938,7,27,28.8,
HKO,香港天文台總部,1938,7,28,28.9,
HKO,香港天文台總部,1938,7,29,29.2,
HKO,香港天文台總部,1938,7,30,30.0,
HKO,香港天文台總部,1938,7,31,29.6,
HKO,香港天文台總部,1938,8,1,31.6,
HKO,香港天文台總部,1938,8,2,30.8,
HKO,香港天文台總部,1938,8,3,28.5,
HKO,香港天文台總部,1938,8,4,30.0,
HKO,香港天文台總部,1938,8,5,31.4,
HKO,香港天文台總部,1938,8,6,32.1,
HKO,香港天文台總部,1938,8,7,28.9,
HKO,香港天文台總部,1938,8,8,29.4,
HKO,香港天文台總部,1938,8,9,30.3,
HKO,香港天文台總部,1938,8,10,31.9,
HKO,香港天文台總部,1938,8,11,31.6,
HKO,香港天文台總部,1938,8,12,30.7,
HKO,香港天文台總部,1938,8,13,32.3,
HKO,香港天文台總部,1938,8,14,30.9,
HKO,香港天文台總部,1938,8,15,31.9,
HKO,香港天文台總部,1938,8,16,32.3,
HKO,香港天文台總部,1938,8,17,30.3,
HKO,香港天文台總部,1938,8,18,29.4,
HKO,香港天文台總部,1938,8,19,28.2,
HKO,香港天文台總部,1938,8,20,31.7,
HKO,香港天文台總部,1938,8,21,28.9,
HKO,香港天文台總部,1938,8,22,30.4,
HKO,香港天文台總部,1938,8,23,30.2,
HKO,香港天文台總部,1938,8,24,30.9,
HKO,香港天文台總部,1938,8,25,30.3,
HKO,香港天文台總部,1938,8,26,32.2,
HKO,香港天文台總部,1938,8,27,32.4,
HKO,香港天文台總部,1938,8,28,29.7,
HKO,香港天文台總部,1938,8,29,28.9,
HKO,香港天文台總部,1938,8,30,31.0,
HKO,香港天文台總部,1938,8,31,30.4,
HKO,香港天文台總部,1938,9,1,31.6,
HKO,香港天文台總部,1938,9,2,31.6,
HKO,香港天文台總部,1938,9,3,32.4,
HKO,香港天文台總部,1938,9,4,32.6,
HKO,香港天文台總部,1938,9,5,31.9,
HKO,香港天文台總部,1938,9,6,32.2,
HKO,香港天文台總部,1938,9,7,32.1,
HKO,香港天文台總部,1938,9,8,31.1,
HKO,香港天文台總部,1938,9,9,30.5,
HKO,香港天文台總部,1938,9,10,32.1,
HKO,香港天文台總部,1938,9,11,30.0,
HKO,香港天文台總部,1938,9,12,29.1,
HKO,香港天文台總部,1938,9,13,28.3,
HKO,香港天文台總部,1938,9,14,28.4,
HKO,香港天文台總部,1938,9,15,29.9,
HKO,香港天文台總部,1938,9,16,31.2,
HKO,香港天文台總部,1938,9,17,28.3,
HKO,香港天文台總部,1938,9,18,30.3,
HKO,香港天文台總部,1938,9,19,30.9,
HKO,香港天文台總部,1938,9,20,30.9,
HKO,香港天文台總部,1938,9,21,30.0,
HKO,香港天文台總部,1938,9,22,29.3,
HKO,香港天文台總部,1938,9,23,29.4,
HKO,香港天文台總部,1938,9,24,28.1,
HKO,香港天文台總部,1938,9,25,28.7,
HKO,香港天文台總部,1938,9,26,28.3,
HKO,香港天文台總部,1938,9,27,28.8,
HKO,香港天文台總部,1938,9,28,30.3,
HKO,香港天文台總部,1938,9,29,27.8,
HKO,香港天文台總部,1938,9,30,29.3,
HKO,香港天文台總部,1939,6,1,25.6,
HKO,香港天文台總部,1939,6,2,27.1,
HKO,香港天文台總部,1939,6,3,28.8,
HKO,香港天文台總部,1939,6,4,27.2,
HKO,香港天文台總部,1939,6,5,28.2,
HKO,香港天文台總部,1939,6,6,27.7,
HKO,香港天文台總部,1939,6,7,29.4,
HKO,香港天文台總部,1939,6,8,30.6,
HKO,香港天文台總部,1939,6,9,28.9,
HKO,香港天文台總部,1939,6,10,30.2,
HKO,香港天文台總部,1939,6,11,29.3,
HKO,香港天文台總部,1939,6,12,28.4,
HKO,香港天文台總部,1939,6,13,29.2,
HKO,香港天文台總部,1939,6,14,31.1,
HKO,香港天文台總部,1939,6,15,28.9,
HKO,香港天文台總部,1939,6,16,30.8,
HKO,香港天文台總部,1939,6,17,31.0,
HKO,香港天文台總部,1939,6,18,30.0,
HKO,香港天文台總部,1939,6,19,30.3,
HKO,香港天文台總部,1939,6,20,30.7,
HKO,香港天文台總部,1939,6,21,31.2,
HKO,香港天文台總部,1939,6,22,30.3,
HKO,香港天文台總部,1939,6,23,30.4,
HKO,香港天文台總部,1939,6,24,31.3,
HKO,香港天文台總部,1939,6,25,31.8,
HKO,香港天文台總部,1939,6,26,31.6,
HKO,香港天文台總部,1939,6,27,31.7,
HKO,香港天文台總部,1939,6,28,31.4,
HKO,香港天文台總部,1939,6,29,30.6,
HKO,香港天文台總部,1939,6,30,31.9,
HKO,香港天文台總部,1939,7,1,29.7,
HKO,香港天文台總部,1939,7,2,31.7,
HKO,香港天文台總部,1939,7,3,32.2,
HKO,香港天文台總部,1939,7,4,32.2,
HKO,香港天文台總部,1939,7,5,32.2,
HKO,香港天文台總部,1939,7,6,32.4,
HKO,香港天文台總部,1939,7,7,32.3,
HKO,香港天文台總部,1939,7,8,32.9,
HKO,香港天文台總部,1939,7,9,32.8,
HKO,香港天文台總部,1939,7,10,33.7,
HKO,香港天文台總部,1939,7,11,32.7,
HKO,香港天文台總部,1939,7,12,33.7,
HKO,香港天文台總部,1939,7,13,34.4,
HKO,香港天文台總部,1939,7,14,34.4,
HKO,香港天文台總部,1939,7,15,33.9,
HKO,香港天文台總部,1939,7,16,32.2,
HKO,香港天文台總部,1939,7,17,29.3,
HKO,香港天文台總部,1939,7,18,28.1,
HKO,香港天文台總部,1939,7,19,26.7,
HKO,香港天文台總部,1939,7,20,25.8,
HKO,香港天文台總部,1939,7,21,31.1,
HKO,香港天文台總部,1939,7,22,31.6,
HKO,香港天文台總部,1939,7,23,30.3,
HKO,香港天文台總部,1939,7,24,29.9,
HKO,香港天文台總部,1939,7,25,30.2,
HKO,香港天文台總部,1939,7,26,30.0,
HKO,香港天文台總部,1939,7,27,28.4,
HKO,香港天文台總部,1939,7,28,29.9,
HKO,香港天文台總部,1939,7,29,26.7,
HKO,香港天文台總部,1939,7,30,29.2,
HKO,香港天文台總部,1939,7,31,30.6,
HKO,香港天文台總部,1939,8,1,31.8,
HKO,香港天文台總部,1939,8,2,30.9,
HKO,香港天文台總部,1939,8,3,26.8,
HKO,香港天文台總部,1939,8,4,30.9,
HKO,香港天文台總部,1939,8,5,32.7,
HKO,香港天文台總部,1939,8,6,29.6,
HKO,香港天文台總部,1939,8,7,32.2,
HKO,香港天文台總部,1939,8,8,29.1,
HKO,香港天文台總部,1939,8,9,31.1,
HKO,香港天文台總部,1939,8,10,30.7,
HKO,香港天文台總部,1939,8,11,29.2,
HKO,香港天文台總部,1939,8,12,29.6,
HKO,香港天文台總部,1939,8,13,31.2,
HKO,香港天文台總部,1939,8,14,32.1,
HKO,香港天文台總部,1939,8,15,33.2,
HKO,香港天文台總部,1939,8,16,28.4,
HKO,香港天文台總部,1939,8,17,30.6,
HKO,香港天文台總部,1939,8,18,28.8,
HKO,香港天文台總部,1939,8,19,28.6,
HKO,香港天文台總部,1939,8,20,29.7,
HKO,香港天文台總部,1939,8,21,29.6,
HKO,香港天文台總部,1939,8,22,28.9,
HKO,香港天文台總部,1939,8,23,29.4,
HKO,香港天文台總部,1939,8,24,30.2,
HKO,香港天文台總部,1939,8,25,31.1,
HKO,香港天文台總部,1939,8,26,30.6,
HKO,香港天文台總部,1939,8,27,31.7,
HKO,香港天文台總部,1939,8,28,31.7,
HKO,香港天文台總部,1939,8,29,33.0,
HKO,香港天文台總部,1939,8,30,34.0,
HKO,香港天文台總部,1939,8,31,33.1,
HKO,香港天文台總部,1939,9,1,31.7,
HKO,香港天文台總部,1939,9,2,33.2,
HKO,香港天文台總部,1939,9,3,32.9,
HKO,香港天文台總部,1939,9,4,32.2,
HKO,香港天文台總部,1939,9,5,30.8,
HKO,香港天文台總部,1939,9,6,30.7,
HKO,香港天文台總部,1939,9,7,29.2,
HKO,香港天文台總部,1939,9,8,31.7,
HKO,香港天文台總部,1939,9,9,32.2,
HKO,香港天文台總部,1939,9,10,30.6,
HKO,香港天文台總部,1939,9,11,29.9,
HKO,香港天文台總部,1939,9,12,30.1,
HKO,香港天文台總部,1939,9,13,30.0,
HKO,香港天文台總部,1939,9,14,30.7,
HKO,香港天文台總部,1939,9,15,30.9,
HKO,香港天文台總部,1939,9,16,30.8,
HKO,香港天文台總部,1939,9,17,30.2,
HKO,香港天文台總部,1939,9,18,31.1,
HKO,香港天文台總部,1939,9,19,31.2,
HKO,香港天文台總部,1939,9,20,33.5,
HKO,香港天文台總部,1939,9,21,30.2,
HKO,香港天文台總部,1939,9,22,29.3,
HKO,香港天文台總部,1939,9,23,29.7,
HKO,香港天文台總部,1939,9,24,28.4,
HKO,香港天文台總部,1939,9,25,27.4,
HKO,香港天文台總部,1939,9,26,26.7,
HKO,香港天文台總部,1939,9,27,26.2,
HKO,香港天文台總部,1939,9,28,26.7,
HKO,香港天文台總部,1939,9,29,26.6,
HKO,香港天文台總部,1939,9,30,24.8,
HKO,香港天文台總部,1947,6,1,31.1,
HKO,香港天文台總部,1947,6,2,30.6,
HKO,香港天文台總部,1947,6,3,27.3,
HKO,香港天文台總部,1947,6,4,28.2,
HKO,香港天文台總部,1947,6,5,29.5,
HKO,香港天文台總部,1947,6,6,28.8,
HKO,香港天文台總部,1947,6,7,26.1,
HKO,香港天文台總部,1947,6,8,29.9,
HKO,香港天文台總部,1947,6,9,30.0,
HKO,香港天文台總部,1947,6,10,31.8,
HKO,香港天文台總部,1947,6,11,31.7,
HKO,香港天文台總部,1947,6,12,30.6,
HKO,香港天文台總部,1947,6,13,29.2,
HKO,香港天文台總部,1947,6,14,30.3,
HKO,香港天文台總部,1947,6,15,31.0,
HKO,香港天文台總部,1947,6,16,31.5,
HKO,香港天文台總部,1947,6,17,29.8,
HKO,香港天文台總部,1947,6,18,25.1,
HKO,香港天文台總部,1947,6,19,27.0,
HKO,香港天文台總部,1947,6,20,29.1,
HKO,香港天文台總部,1947,6,21,32.1,
HKO,香港天文台總部,1947,6,22,33.2,
HKO,香港天文台總部,1947,6,23,32.5,
HKO,香港天文台總部,1947,6,24,30.3,
HKO,香港天文台總部,1947,6,25,30.6,
HKO,香港天文台總部,1947,6,26,31.2,
HKO,香港天文台總部,1947,6,27,30.9,
HKO,香港天文台總部,1947,6,28,30.1,
HKO,香港天文台總部,1947,6,29,30.4,
HKO,香港天文台總部,1947,6,30,26.4,
HKO,香港天文台總部,1947,7,1,26.3,
HKO,香港天文台總部,1947,7,2,29.5,
HKO,香港天文台總部,1947,7,3,30.6,
HKO,香港天文台總部,1947,7,4,31.1,
HKO,香港天文台總部,1947,7,5,31.8,
HKO,香港天文台總部,1947,7,6,32.1,
HKO,香港天文台總部,1947,7,7,32.3,
HKO,香港天文台總部,1947,7,8,29.2,
HKO,香港天文台總部,1947,7,9,29.2,
HKO,香港天文台總部,1947,7,10,31.4,
HKO,香港天文台總部,1947,7,11,30.4,
HKO,香港天文台總部,1947,7,12,31.4,
HKO,香港天文台總部,1947,7,13,31.1,
HKO,香港天文台總部,1947,7,14,29.5,
HKO,香港天文台總部,1947,7,15,31.1,
HKO,香港天文台總部,1947,7,16,32.2,
HKO,香港天文台總部,1947,7,17,31.9,
HKO,香港天文台總部,1947,7,18,32.2,
HKO,香港天文台總部,1947,7,19,30.1,
HKO,香港天文台總部,1947,7,20,31.3,
HKO,香港天文台總部,1947,7,21,30.0,
HKO,香港天文台總部,1947,7,22,29.8,
HKO,香港天文台總部,1947,7,23,29.4,
HKO,香港天文台總部,1947,7,24,29.6,
HKO,香港天文台總部,1947,7,25,27.4,
HKO,香港天文台總部,1947,7,26,29.5,
HKO,香港天文台總部,1947,7,27,31.7,
HKO,香港天文台總部,1947,7,28,31.7,
HKO,香港天文台總部,1947,7,29,31.2,
HKO,香港天文台總部,1947,7,30,32.1,
HKO,香港天文台總部,1947,7,31,31.8,
HKO,香港天文台總部,1947,8,1,31.8,
HKO,香港天文台總部,1947,8,2,32.8,
HKO,香港天文台總部,1947,8,3,31.2,
HKO,香港天文台總部,1947,8,4,28.0,
HKO,香港天文台總部,1947,8,5,28.9,
HKO,香港天文台總部,1947,8,6,28.1,
HKO,香港天文台總部,1947,8,7,28.9,
HKO,香港天文台總部,1947,8,8,31.8,
HKO,香港天文台總部,1947,8,9,31.6,
HKO,香港天文台總部,1947,8,10,31.1,
HKO,香港天文台總部,1947,8,11,32.7,
HKO,香港天文台總部,1947,8,12,30.4,
HKO,香港天文台總部,1947,8,13,29.8,
HKO,香港天文台總部,1947,8,14,30.6,
HKO,香港天文台總部,1947,8,15,31.1,
HKO,香港天文台總部,1947,8,16,31.7,
HKO,香港天文台總部,1947,8,17,29.8,
HKO,香港天文台總部,1947,8,18,27.5,
HKO,香港天文台總部,1947,8,19,30.1,
HKO,香港天文台總部,1947,8,20,31.9,
HKO,香港天文台總部,1947,8,21,31.2,
HKO,香港天文台總部,1947,8,22,31.2,
HKO,香港天文台總部,1947,8,23,29.2,
HKO,香港天文台總部,1947,8,24,30.1,
HKO,香港天文台總部,1947,8,25,31.4,
HKO,香港天文台總部,1947,8,26,32.2,
HKO,香港天文台總部,1947,8,27,32.9,
HKO,香港天文台總部,1947,8,28,32.7,
HKO,香港天文台總部,1947,8,29,34.9,
HKO,香港天文台總部,1947,8,30,29.7,
HKO,香港天文台總部,1947,8,31,31.3,
HKO,香港天文台總部,1947,9,1,29.8,
HKO,香港天文台總部,1947,9,2,27.3,
HKO,香港天文台總部,1947,9,3,28.4,
HKO,香港天文台總部,1947,9,4,27.4,
HKO,香港天文台總部,1947,9,5,26.7,
HKO,香港天文台總部,1947,9,6,31.2,
HKO,香港天文台總部,1947,9,7,31.3,
HKO,香港天文台總部,1947,9,8,31.5,
HKO,香港天文台總部,1947,9,9,33.1,
HKO,香港天文台總部,1947,9,10,28.3,
HKO,香港天文台總部,1947,9,11,29.1,
HKO,香港天文台總部,1947,9,12,28.2,
HKO,香港天文台總部,1947,9,13,29.1,
HKO,香港天文台總部,1947,9,14,29.3,
HKO,香港天文台總部,1947,9,15,31.4,
HKO,香港天文台總部,1947,9,16,30.8,
HKO,香港天文台總部,1947,9,17,31.8,
HKO,香港天文台總部,1947,9,18,29.4,
HKO,香港天文台總部,1947,9,19,28.5,
HKO,香港天文台總部,1947,9,20,29.0,
HKO,香港天文台總部,1947,9,21,29.5,
HKO,香港天文台總部,1947,9,22,29.6,
HKO,香港天文台總部,1947,9,23,30.1,
HKO,香港天文台總部,1947,9,24,30.8,
HKO,香港天文台總部,1947,9,25,29.1,
HKO,香港天文台總部,1947,9,26,30.4,
HKO,香港天文台總部,1947,9,27,29.7,
HKO,香港天文台總部,1947,9,28,31.1,
HKO,香港天文台總部,1947,9,29,32.3,
HKO,香港天文台總部,1947,9,30,31.6,
HKO,香港天文台總部,1948,6,1,32.1,
HKO,香港天文台總部,1948,6,2,30.2,
HKO,香港天文台總部,1948,6,3,28.6,
HKO,香港天文台總部,1948,6,4,29.4,
HKO,香港天文台總部,1948,6,5,29.7,
HKO,香港天文台總部,1948,6,6,28.2,
HKO,香港天文台總部,1948,6,7,32.0,
HKO,香港天文台總部,1948,6,8,31.3,
HKO,香港天文台總部,1948,6,9,31.0,
HKO,香港天文台總部,1948,6,10,26.7,
HKO,香港天文台總部,1948,6,11,26.7,
HKO,香港天文台總部,1948,6,12,28.7,
HKO,香港天文台總部,1948,6,13,29.6,
HKO,香港天文台總部,1948,6,14,30.1,
HKO,香港天文台總部,1948,6,15,31.6,
HKO,香港天文台總部,1948,6,16,30.5,
HKO,香港天文台總部,1948,6,17,29.6,
HKO,香港天文台總部,1948,6,18,28.0,
HKO,香港天文台總部,1948,6,19,26.6,
HKO,香港天文台總部,1948,6,20,28.9,
HKO,香港天文台總部,1948,6,21,28.2,
HKO,香港天文台總部,1948,6,22,29.4,
HKO,香港天文台總部,1948,6,23,30.4,
HKO,香港天文台總部,1948,6,24,31.7,
HKO,香港天文台總部,1948,6,25,32.3,
HKO,香港天文台總部,1948,6,26,31.5,
HKO,香港天文台總部,1948,6,27,29.4,
HKO,香港天文台總部,1948,6,28,32.1,
HKO,香港天文台總部,1948,6,29,32.4,
HKO,香港天文台總部,1948,6,30,32.6,
HKO,香港天文台總部,1948,7,1,32.1,
HKO,香港天文台總部,1948,7,2,33.3,
HKO,香港天文台總部,1948,7,3,31.6,
HKO,香港天文台總部,1948,7,4,33.0,
HKO,香港天文台總部,1948,7,5,33.2,
HKO,香港天文台總部,1948,7,6,32.8,
HKO,香港天文台總部,1948,7,7,31.6,
HKO,香港天文台總部,1948,7,8,28.8,
HKO,香港天文台總部,1948,7,9,28.2,
HKO,香港天文台總部,1948,7,10,26.8,
HKO,香港天文台總部,1948,7,11,29.3,
HKO,香港天文台總部,1948,7,12,29.8,
HKO,香港天文台總部,1948,7,13,31.2,
HKO,香港天文台總部,1948,7,14,31.1,
HKO,香港天文台總部,1948,7,15,31.4,
HKO,香港天文台總部,1948,7,16,30.9,
HKO,香港天文台總部,1948,7,17,32.0,
HKO,香港天文台總部,1948,7,18,31.4,
HKO,香港天文台總部,1948,7,19,32.3,
HKO,香港天文台總部,1948,7,20,30.9,
HKO,香港天文台總部,1948,7,21,31.3,
HKO,香港天文台總部,1948,7,22,31.3,
HKO,香港天文台總部,1948,7,23,28.6,
HKO,香港天文台總部,1948,7,24,28.4,
HKO,香港天文台總部,1948,7,25,29.6,
HKO,香港天文台總部,1948,7,26,31.1,
HKO,香港天文台總部,1948,7,27,26.3,
HKO,香港天文台總部,1948,7,28,27.7,
HKO,香港天文台總部,1948,7,29,30.6,
HKO,香港天文台總部,1948,7,30,29.6,
HKO,香港天文台總部,1948,7,31,28.5,
HKO,香港天文台總部,1948,8,1,30.6,
HKO,香港天文台總部,1948,8,2,31.1,
HKO,香港天文台總部,1948,8,3,30.9,
HKO,香港天文台總部,1948,8,4,32.1,
HKO,香港天文台總部,1948,8,5,31.9,
HKO,香港天文台總部,1948,8,6,32.2,
HKO,香港天文台總部,1948,8,7,32.1,
HKO,香港天文台總部,1948,8,8,32.7,
HKO,香港天文台總部,1948,8,9,32.8,
HKO,香港天文台總部,1948,8,10,33.3,
HKO,香港天文台總部,1948,8,11,31.6,
HKO,香港天文台總部,1948,8,12,32.1,
HKO,香港天文台總部,1948,8,13,32.4,
HKO,香港天文台總部,1948,8,14,32.7,
HKO,香港天文台總部,1948,8,15,32.2,
HKO,香港天文台總部,1948,8,16,32.6,
HKO,香港天文台總部,1948,8,17,32.8,
HKO,香港天文台總部,1948,8,18,32.8,
HKO,香港天文台總部,1948,8,19,31.7,
HKO,香港天文台總部,1948,8,20,32.6,
HKO,香港天文台總部,1948,8,21,31.2,
HKO,香港天文台總部,1948,8,22,31.8,
HKO,香港天文台總部,1948,8,23,31.7,
HKO,香港天文台總部,1948,8,24,30.8,
HKO,香港天文台總部,1948,8,25,30.3,
HKO,香港天文台總部,1948,8,26,29.9,
HKO,香港天文台總部,1948,8,27,29.7,
HKO,香港天文台總部,1948,8,28,27.5,
HKO,香港天文台總部,1948,8,29,29.7,
HKO,香港天文台總部,1948,8,30,27.1,
HKO,香港天文台總部,1948,8,31,30.7,
HKO,香港天文台總部,1948,9,1,33.4,
HKO,香港天文台總部,1948,9,2,33.4,
HKO,香港天文台總部,1948,9,3,28.6,
HKO,香港天文台總部,1948,9,4,28.3,
HKO,香港天文台總部,1948,9,5,32.1,
HKO,香港天文台總部,1948,9,6,32.4,
HKO,香港天文台總部,1948,9,7,32.8,
HKO,香港天文台總部,1948,9,8,31.2,
HKO,香港天文台總部,1948,9,9,30.9,
HKO,香港天文台總部,1948,9,10,32.6,
HKO,香港天文台總部,1948,9,11,32.4,
HKO,香港天文台總部,1948,9,12,32.6,
HKO,香港天文台總部,1948,9,13,31.8,
HKO,香港天文台總部,1948,9,14,30.4,
HKO,香港天文台總部,1948,9,15,30.5,
HKO,香港天文台總部,1948,9,16,31.3,
HKO,香港天文台總部,1948,9,17,31.2,
HKO,香港天文台總部,1948,9,18,27.8,
HKO,香港天文台總部,1948,9,19,26.5,
HKO,香港天文台總部,1948,9,20,29.2,
HKO,香港天文台總部,1948,9,21,29.1,
HKO,香港天文台總部,1948,9,22,27.0,
HKO,香港天文台總部,1948,9,23,27.3,
HKO,香港天文台總部,1948,9,24,31.2,
HKO,香港天文台總部,1948,9,25,31.2,
HKO,香港天文台總部,1948,9,26,28.3,
HKO,香港天文台總部,1948,9,27,29.0,
HKO,香港天文台總部,1948,9,28,28.5,
HKO,香港天文台總部,1948,9,29,29.6,
HKO,香港天文台總部,1948,9,30,29.6,
HKO,香港天文台總部,1949,6,1,32.2,
HKO,香港天文台總部,1949,6,2,32.8,
HKO,香港天文台總部,1949,6,3,32.7,
HKO,香港天文台總部,1949,6,4,31.3,
HKO,香港天文台總部,1949,6,5,32.7,
HKO,香港天文台總部,1949,6,6,32.4,
HKO,香港天文台總部,1949,6,7,31.8,
HKO,香港天文台總部,1949,6,8,30.9,
HKO,香港天文台總部,1949,6,9,29.3,
HKO,香港天文台總部,1949,6,10,30.0,
HKO,香港天文台總部,1949,6,11,27.7,
HKO,香港天文台總部,1949,6,12,31.1,
HKO,香港天文台總部,1949,6,13,31.8,
HKO,香港天文台總部,1949,6,14,31.0,
HKO,香港天文台總部,1949,6,15,31.2,
HKO,香港天文台總部,1949,6,16,29.4,
HKO,香港天文台總部,1949,6,17,31.9,
HKO,香港天文台總部,1949,6,18,29.0,
HKO,香港天文台總部,1949,6,19,29.1,
HKO,香港天文台總部,1949,6,20,26.7,
HKO,香港天文台總部,1949,6,21,27.8,
HKO,香港天文台總部,1949,6,22,27.8,
HKO,香港天文台總部,1949,6,23,27.9,
HKO,香港天文台總部,1949,6,24,25.6,
HKO,香港天文台總部,1949,6,25,25.7,
HKO,香港天文台總部,1949,6,26,27.3,
HKO,香港天文台總部,1949,6,27,30.2,
HKO,香港天文台總部,1949,6,28,30.4,
HKO,香港天文台總部,1949,6,29,30.0,
HKO,香港天文台總部,1949,6,30,30.0,
HKO,香港天文台總部,1949,7,1,30.1,
HKO,香港天文台總部,1949,7,2,31.2,
HKO,香港天文台總部,1949,7,3,31.3,
HKO,香港天文台總部,1949,7,4,31.1,
HKO,香港天文台總部,1949,7,5,32.1,
HKO,香港天文台總部,1949,7,6,32.1,
HKO,香港天文台總部,1949,7,7,31.9,
HKO,香港天文台總部,1949,7,8,32.4,
HKO,香港天文台總部,1949,7,9,32.1,
HKO,香港天文台總部,1949,7,10,28.3,
HKO,香港天文台總部,1949,7,11,29.7,
HKO,香港天文台總部,1949,7,12,29.2,
HKO,香港天文台總部,1949,7,13,28.3,
HKO,香港天文台總部,1949,7,14,29.4,
HKO,香港天文台總部,1949,7,15,31.2,
HKO,香港天文台總部,1949,7,16,30.7,
HKO,香港天文台總部,1949,7,17,31.2,
HKO,香港天文台總部,1949,7,18,32.1,
HKO,香港天文台總部,1949,7,19,31.3,
HKO,香港天文台總部,1949,7,20,31.7,
HKO,香港天文台總部,1949,7,21,31.9,
HKO,香港天文台總部,1949,7,22,32.7,
HKO,香港天文台總部,1949,7,23,32.5,
HKO,香港天文台總部,1949,7,24,32.9,
HKO,香港天文台總部,1949,7,25,33.5,
HKO,香港天文台總部,1949,7,26,32.9,
HKO,香港天文台總部,1949,7,27,32.2,
HKO,香港天文台總部,1949,7,28,32.7,
HKO,香港天文台總部,1949,7,29,32.2,
HKO,香港天文台總部,1949,7,30,32.3,
HKO,香港天文台總部,1949,7,31,30.0,
HKO,香港天文台總部,1949,8,1,28.2,
HKO,香港天文台總部,1949,8,2,28.8,
HKO,香港天文台總部,1949,8,3,28.6,
HKO,香港天文台總部,1949,8,4,27.7,
HKO,香港天文台總部,1949,8,5,29.5,
HKO,香港天文台總部,1949,8,6,30.5,
HKO,香港天文台總部,1949,8,7,29.7,
HKO,香港天文台總部,1949,8,8,30.6,
HKO,香港天文台總部,1949,8,9,31.7,
HKO,香港天文台總部,1949,8,10,29.2,
HKO,香港天文台總部,1949,8,11,28.8,
HKO,香港天文台總部,1949,8,12,31.8,
HKO,香港天文台總部,1949,8,13,32.4,
HKO,香港天文台總部,1949,8,14,32.4,
HKO,香港天文台總部,1949,8,15,31.8,
HKO,香港天文台總部,1949,8,16,31.6,
HKO,香港天文台總部,1949,8,17,31.8,
HKO,香港天文台總部,1949,8,18,30.0,
HKO,香港天文台總部,1949,8,19,29.3,
HKO,香港天文台總部,1949,8,20,31.3,
HKO,香港天文台總部,1949,8,21,31.4,
HKO,香港天文台總部,1949,8,22,32.2,
HKO,香港天文台總部,1949,8,23,32.2,
HKO,香港天文台總部,1949,8,24,31.3,
HKO,香港天文台總部,1949,8,25,31.0,
HKO,香港天文台總部,1949,8,26,31.6,
HKO,香港天文台總部,1949,8,27,32.6,
HKO,香港天文台總部,1949,8,28,32.8,
HKO,香港天文台總部,1949,8,29,31.3,
HKO,香港天文台總部,1949,8,30,31.0,
HKO,香港天文台總部,1949,8,31,28.1,
HKO,香港天文台總部,1949,9,1,30.3,
HKO,香港天文台總部,1949,9,2,30.1,
HKO,香港天文台總部,1949,9,3,30.1,
HKO,香港天文台總部,1949,9,4,31.1,
HKO,香港天文台總部,1949,9,5,32.2,
HKO,香港天文台總部,1949,9,6,32.4,
HKO,香港天文台總部,1949,9,7,32.0,
HKO,香港天文台總部,1949,9,8,26.7,
HKO,香港天文台總部,1949,9,9,29.0,
HKO,香港天文台總部,1949,9,10,30.2,
HKO,香港天文台總部,1949,9,11,30.8,
HKO,香港天文台總部,1949,9,12,31.7,
HKO,香港天文台總部,1949,9,13,31.7,
HKO,香港天文台總部,1949,9,14,32.3,
HKO,香港天文台總部,1949,9,15,28.8,
HKO,香港天文台總部,1949,9,16,30.0,
HKO,香港天文台總部,1949,9,17,31.1,
HKO,香港天文台總部,1949,9,18,31.8,
HKO,香港天文台總部,1949,9,19,30.6,
HKO,香港天文台總部,1949,9,20,27.4,
HKO,香港天文台總部,1949,9,21,26.9,
HKO,香港天文台總部,1949,9,22,28.9,
HKO,香港天文台總部,1949,9,23,29.5,
HKO,香港天文台總部,1949,9,24,30.1,
HKO,香港天文台總部,1949,9,25,30.4,
HKO,香港天文台總部,1949,9,26,31.2,
HKO,香港天文台總部,1949,9,27,31.7,
HKO,香港天文台總部,1949,9,28,28.9,
HKO,香港天文台總部,1949,9,29,30.4,
HKO,香港天文台總部,1949,9,30,31.4,
HKO,香港天文台總部,1950,6,1,27.3,
HKO,香港天文台總部,1950,6,2,24.8,
HKO,香港天文台總部,1950,6,3,27.1,
HKO,香港天文台總部,1950,6,4,27.0,
HKO,香港天文台總部,1950,6,5,29.3,
HKO,香港天文台總部,1950,6,6,30.5,
HKO,香港天文台總部,1950,6,7,29.9,
HKO,香港天文台總部,1950,6,8,30.6,
HKO,香港天文台總部,1950,6,9,26.4,
HKO,香港天文台總部,1950,6,10,23.1,
HKO,香港天文台總部,1950,6,11,23.1,
HKO,香港天文台總部,1950,6,12,24.1,
HKO,香港天文台總部,1950,6,13,25.7,
HKO,香港天文台總部,1950,6,14,29.8,
HKO,香港天文台總部,1950,6,15,28.8,
HKO,香港天文台總部,1950,6,16,30.5,
HKO,香港天文台總部,1950,6,17,31.6,
HKO,香港天文台總部,1950,6,18,31.9,
HKO,香港天文台總部,1950,6,19,32.6,
HKO,香港天文台總部,1950,6,20,30.6,
HKO,香港天文台總部,1950,6,21,29.1,
HKO,香港天文台總部,1950,6,22,31.0,
HKO,香港天文台總部,1950,6,23,29.5,
HKO,香港天文台總部,1950,6,24,30.4,
HKO,香港天文台總部,1950,6,25,30.0,
HKO,香港天文台總部,1950,6,26,30.4,
HKO,香港天文台總部,1950,6,27,30.7,
HKO,香港天文台總部,1950,6,28,29.4,
HKO,香港天文台總部,1950,6,29,29.3,
HKO,香港天文台總部,1950,6,30,30.9,
HKO,香港天文台總部,1950,7,1,31.0,
HKO,香港天文台總部,1950,7,2,32.0,
HKO,香港天文台總部,1950,7,3,32.7,
HKO,香港天文台總部,1950,7,4,31.9,
HKO,香港天文台總部,1950,7,5,32.3,
HKO,香港天文台總部,1950,7,6,32.7,
HKO,香港天文台總部,1950,7,7,30.9,
HKO,香港天文台總部,1950,7,8,29.8,
HKO,香港天文台總部,1950,7,9,29.2,
HKO,香港天文台總部,1950,7,10,31.6,
HKO,香港天文台總部,1950,7,11,32.1,
HKO,香港天文台總部,1950,7,12,32.8,
HKO,香港天文台總部,1950,7,13,33.3,
HKO,香港天文台總部,1950,7,14,32.7,
HKO,香港天文台總部,1950,7,15,32.6,
HKO,香港天文台總部,1950,7,16,32.8,
HKO,香港天文台總部,1950,7,17,31.8,
HKO,香港天文台總部,1950,7,18,33.3,
HKO,香港天文台總部,1950,7,19,33.6,
HKO,香港天文台總部,1950,7,20,32.7,
HKO,香港天文台總部,1950,7,21,32.9,
HKO,香港天文台總部,1950,7,22,33.8,
HKO,香港天文台總部,1950,7,23,31.0,
HKO,香港天文台總部,1950,7,24,29.6,
HKO,香港天文台總部,1950,7,25,28.4,
HKO,香港天文台總部,1950,7,26,27.9,
HKO,香港天文台總部,1950,7,27,28.2,
HKO,香港天文台總部,1950,7,28,28.6,
HKO,香港天文台總部,1950,7,29,30.0,
HKO,香港天文台總部,1950,7,30,30.1,
HKO,香港天文台總部,1950,7,31,32.2,
HKO,香港天文台總部,1950,8,1,33.4,
HKO,香港天文台總部,1950,8,2,32.9,
HKO,香港天文台總部,1950,8,3,29.4,
HKO,香港天文台總部,1950,8,4,28.8,
HKO,香港天文台總部,1950,8,5,29.3,
HKO,香港天文台總部,1950,8,6,28.9,
HKO,香港天文台總部,1950,8,7,30.6,
HKO,香港天文台總部,1950,8,8,31.7,
HKO,香港天文台總部,1950,8,9,32.8,
HKO,香港天文台總部,1950,8,10,30.8,
HKO,香港天文台總部,1950,8,11,30.3,
HKO,香港天文台總部,1950,8,12,29.4,
HKO,香港天文台總部,1950,8,13,29.4,
HKO,香港天文台總部,1950,8,14,30.4,
HKO,香港天文台總部,1950,8,15,30.0,
HKO,香港天文台總部,1950,8,16,30.3,
HKO,香港天文台總部,1950,8,17,30.5,
HKO,香港天文台總部,1950,8,18,30.3,
HKO,香港天文台總部,1950,8,19,30.1,
HKO,香港天文台總部,1950,8,20,32.1,
HKO,香港天文台總部,1950,8,21,32.4,
HKO,香港天文台總部,1950,8,22,32.1,
HKO,香港天文台總部,1950,8,23,32.3,
HKO,香港天文台總部,1950,8,24,31.9,
HKO,香港天文台總部,1950,8,25,31.7,
HKO,香港天文台總部,1950,8,26,31.4,
HKO,香港天文台總部,1950,8,27,30.6,
HKO,香港天文台總部,1950,8,28,29.0,
HKO,香港天文台總部,1950,8,29,30.6,
HKO,香港天文台總部,1950,8,30,31.2,
HKO,香港天文台總部,1950,8,31,30.6,
HKO,香港天文台總部,1950,9,1,32.0,
HKO,香港天文台總部,1950,9,2,31.7,
HKO,香港天文台總部,1950,9,3,31.2,
HKO,香港天文台總部,1950,9,4,30.8,
HKO,香港天文台總部,1950,9,5,30.9,
HKO,香港天文台總部,1950,9,6,30.6,
HKO,香港天文台總部,1950,9,7,29.7,
HKO,香港天文台總部,1950,9,8,30.1,
HKO,香港天文台總部,1950,9,9,30.6,
HKO,香港天文台總部,1950,9,10,30.6,
HKO,香港天文台總部,1950,9,11,31.3,
HKO,香港天文台總部,1950,9,12,31.4,
HKO,香港天文台總部,1950,9,13,31.4,
HKO,香港天文台總部,1950,9,14,31.7,
HKO,香港天文台總部,1950,9,15,31.9,
HKO,香港天文台總部,1950,9,16,31.0,
HKO,香港天文台總部,1950,9,17,32.9,
HKO,香港天文台總部,1950,9,18,31.7,
HKO,香港天文台總部,1950,9,19,31.6,
HKO,香港天文台總部,1950,9,20,30.1,
HKO,香港天文台總部,1950,9,21,29.3,
HKO,香港天文台總部,1950,9,22,28.6,
HKO,香港天文台總部,1950,9,23,29.2,
HKO,香港天文台總部,1950,9,24,27.3,
HKO,香港天文台總部,1950,9,25,28.8,
HKO,香港天文台總部,1950,9,26,29.4,
HKO,香港天文台總部,1950,9,27,28.4,
HKO,香港天文台總部,1950,9,28,28.9,
HKO,香港天文台總部,1950,9,29,29.2,
HKO,香港天文台總部,1950,9,30,28.9,
HKO,香港天文台總部,1951,6,1,26.0,
HKO,香港天文台總部,1951,6,2,26.6,
HKO,香港天文台總部,1951,6,3,27.7,
HKO,香港天文台總部,1951,6,4,29.3,
HKO,香港天文台總部,1951,6,5,28.2,
HKO,香港天文台總部,1951,6,6,28.2,
HKO,香港天文台總部,1951,6,7,26.9,
HKO,香港天文台總部,1951,6,8,29.4,
HKO,香港天文台總部,1951,6,9,26.2,
HKO,香港天文台總部,1951,6,10,26.8,
HKO,香港天文台總部,1951,6,11,27.4,
HKO,香港天文台總部,1951,6,12,26.5,
HKO,香港天文台總部,1951,6,13,27.0,
HKO,香港天文台總部,1951,6,14,30.5,
HKO,香港天文台總部,1951,6,15,28.2,
HKO,香港天文台總部,1951,6,16,28.4,
HKO,香港天文台總部,1951,6,17,28.4,
HKO,香港天文台總部,1951,6,18,29.7,
HKO,香港天文台總部,1951,6,19,27.8,
HKO,香港天文台總部,1951,6,20,27.8,
HKO,香港天文台總部,1951,6,21,28.1,
HKO,香港天文台總部,1951,6,22,31.1,
HKO,香港天文台總部,1951,6,23,30.4,
HKO,香港天文台總部,1951,6,24,31.4,
HKO,香港天文台總部,1951,6,25,32.1,
HKO,香港天文台總部,1951,6,26,32.6,
HKO,香港天文台總部,1951,6,27,30.9,
HKO,香港天文台總部,1951,6,28,29.1,
HKO,香港天文台總部,1951,6,29,27.7,
HKO,香港天文台總部,1951,6,30,31.3,
HKO,香港天文台總部,1951,7,1,32.1,
HKO,香港天文台總部,1951,7,2,32.7,
HKO,香港天文台總部,1951,7,3,30.6,
HKO,香港天文台總部,1951,7,4,29.7,
HKO,香港天文台總部,1951,7,5,28.5,
HKO,香港天文台總部,1951,7,6,31.5,
HKO,香港天文台總部,1951,7,7,31.8,
HKO,香港天文台總部,1951,7,8,31.3,
HKO,香港天文台總部,1951,7,9,29.6,
HKO,香港天文台總部,1951,7,10,29.7,
HKO,香港天文台總部,1951,7,11,29.4,
HKO,香港天文台總部,1951,7,12,31.0,
HKO,香港天文台總部,1951,7,13,31.6,
HKO,香港天文台總部,1951,7,14,31.1,
HKO,香港天文台總部,1951,7,15,31.3,
HKO,香港天文台總部,1951,7,16,32.3,
HKO,香港天文台總部,1951,7,17,32.4,
HKO,香港天文台總部,1951,7,18,32.3,
HKO,香港天文台總部,1951,7,19,31.6,
HKO,香港天文台總部,1951,7,20,31.6,
HKO,香港天文台總部,1951,7,21,31.4,
HKO,香港天文台總部,1951,7,22,31.7,
HKO,香港天文台總部,1951,7,23,31.1,
HKO,香港天文台總部,1951,7,24,29.9,
HKO,香港天文台總部,1951,7,25,30.0,
HKO,香港天文台總部,1951,7,26,29.3,
HKO,香港天文台總部,1951,7,27,30.7,
HKO,香港天文台總部,1951,7,28,31.6,
HKO,香港天文台總部,1951,7,29,32.4,
HKO,香港天文台總部,1951,7,30,33.1,
HKO,香港天文台總部,1951,7,31,33.6,
HKO,香港天文台總部,1951,8,1,29.4,
HKO,香港天文台總部,1951,8,2,26.9,
HKO,香港天文台總部,1951,8,3,28.4,
HKO,香港天文台總部,1951,8,4,28.6,
HKO,香港天文台總部,1951,8,5,29.9,
HKO,香港天文台總部,1951,8,6,30.4,
HKO,香港天文台總部,1951,8,7,31.0,
HKO,香港天文台總部,1951,8,8,27.8,
HKO,香港天文台總部,1951,8,9,27.6,
HKO,香港天文台總部,1951,8,10,29.5,
HKO,香港天文台總部,1951,8,11,30.9,
HKO,香港天文台總部,1951,8,12,31.6,
HKO,香港天文台總部,1951,8,13,31.5,
HKO,香港天文台總部,1951,8,14,29.8,
HKO,香港天文台總部,1951,8,15,27.2,
HKO,香港天文台總部,1951,8,16,27.8,
HKO,香港天文台總部,1951,8,17,28.4,
HKO,香港天文台總部,1951,8,18,28.2,
HKO,香港天文台總部,1951,8,19,29.2,
HKO,香港天文台總部,1951,8,20,32.0,
HKO,香港天文台總部,1951,8,21,31.9,
HKO,香港天文台總部,1951,8,22,32.2,
HKO,香港天文台總部,1951,8,23,31.4,
HKO,香港天文台總部,1951,8,24,31.8,
HKO,香港天文台總部,1951,8,25,31.9,
HKO,香港天文台總部,1951,8,26,32.4,
HKO,香港天文台總部,1951,8,27,32.4,
HKO,香港天文台總部,1951,8,28,31.6,
HKO,香港天文台總部,1951,8,29,30.4,
HKO,香港天文台總部,1951,8,30,31.2,
HKO,香港天文台總部,1951,8,31,32.5,
HKO,香港天文台總部,1951,9,1,32.2,
HKO,香港天文台總部,1951,9,2,31.8,
HKO,香港天文台總部,1951,9,3,29.3,
HKO,香港天文台總部,1951,9,4,30.6,
HKO,香港天文台總部,1951,9,5,29.9,
HKO,香港天文台總部,1951,9,6,29.2,
HKO,香港天文台總部,1951,9,7,29.8,
HKO,香港天文台總部,1951,9,8,31.7,
HKO,香港天文台總部,1951,9,9,31.9,
HKO,香港天文台總部,1951,9,10,32.1,
HKO,香港天文台總部,1951,9,11,32.4,
HKO,香港天文台總部,1951,9,12,32.2,
HKO,香港天文台總部,1951,9,13,32.0,
HKO,香港天文台總部,1951,9,14,32.4,
HKO,香港天文台總部,1951,9,15,32.6,
HKO,香港天文台總部,1951,9,16,29.8,
HKO,香港天文台總部,1951,9,17,28.7,
HKO,香港天文台總部,1951,9,18,31.8,
HKO,香港天文台總部,1951,9,19,31.2,
HKO,香港天文台總部,1951,9,20,27.6,
HKO,香港天文台總部,1951,9,21,26.0,
HKO,香港天文台總部,1951,9,22,26.2,
HKO,香港天文台總部,1951,9,23,27.3,
HKO,香港天文台總部,1951,9,24,29.7,
HKO,香港天文台總部,1951,9,25,31.5,
HKO,香港天文台總部,1951,9,26,31.6,
HKO,香港天文台總部,1951,9,27,30.1,
HKO,香港天文台總部,1951,9,28,30.6,
HKO,香港天文台總部,1951,9,29,31.3,
HKO,香港天文台總部,1951,9,30,30.4,
HKO,香港天文台總部,1952,6,1,33.3,
HKO,香港天文台總部,1952,6,2,32.3,
HKO,香港天文台總部,1952,6,3,32.9,
HKO,香港天文台總部,1952,6,4,32.8,
HKO,香港天文台總部,1952,6,5,32.7,
HKO,香港天文台總部,1952,6,6,32.7,
HKO,香港天文台總部,1952,6,7,32.3,
HKO,香港天文台總部,1952,6,8,32.3,
HKO,香港天文台總部,1952,6,9,29.9,
HKO,香港天文台總部,1952,6,10,29.9,
HKO,香港天文台總部,1952,6,11,29.2,
HKO,香港天文台總部,1952,6,12,28.4,
HKO,香港天文台總部,1952,6,13,27.7,
HKO,香港天文台總部,1952,6,14,27.9,
HKO,香港天文台總部,1952,6,15,30.7,
HKO,香港天文台總部,1952,6,16,32.0,
HKO,香港天文台總部,1952,6,17,32.6,
HKO,香港天文台總部,1952,6,18,32.7,
HKO,香港天文台總部,1952,6,19,32.5,
HKO,香港天文台總部,1952,6,20,32.1,
HKO,香港天文台總部,1952,6,21,32.7,
HKO,香港天文台總部,1952,6,22,32.1,
HKO,香港天文台總部,1952,6,23,29.8,
HKO,香港天文台總部,1952,6,24,27.7,
HKO,香港天文台總部,1952,6,25,26.7,
HKO,香港天文台總部,1952,6,26,27.6,
HKO,香港天文台總部,1952,6,27,28.9,
HKO,香港天文台總部,1952,6,28,30.7,
HKO,香港天文台總部,1952,6,29,29.4,
HKO,香港天文台總部,1952,6,30,30.6,
HKO,香港天文台總部,1952,7,1,31.7,
HKO,香港天文台總部,1952,7,2,32.4,
HKO,香港天文台總部,1952,7,3,33.2,
HKO,香港天文台總部,1952,7,4,32.9,
HKO,香港天文台總部,1952,7,5,31.1,
HKO,香港天文台總部,1952,7,6,31.0,
HKO,香港天文台總部,1952,7,7,31.6,
HKO,香港天文台總部,1952,7,8,32.2,
HKO,香港天文台總部,1952,7,9,32.8,
HKO,香港天文台總部,1952,7,10,33.0,
HKO,香港天文台總部,1952,7,11,32.1,
HKO,香港天文台總部,1952,7,12,32.3,
HKO,香港天文台總部,1952,7,13,31.6,
HKO,香港天文台總部,1952,7,14,31.6,
HKO,香港天文台總部,1952,7,15,31.9,
HKO,香港天文台總部,1952,7,16,32.1,
HKO,香港天文台總部,1952,7,17,31.9,
HKO,香港天文台總部,1952,7,18,32.3,
HKO,香港天文台總部,1952,7,19,30.9,
HKO,香港天文台總部,1952,7,20,29.9,
HKO,香港天文台總部,1952,7,21,32.1,
HKO,香港天文台總部,1952,7,22,32.5,
HKO,香港天文台總部,1952,7,23,29.7,
HKO,香港天文台總部,1952,7,24,28.7,
HKO,香港天文台總部,1952,7,25,28.8,
HKO,香港天文台總部,1952,7,26,26.1,
HKO,香港天文台總部,1952,7,27,28.4,
HKO,香港天文台總部,1952,7,28,27.8,
HKO,香港天文台總部,1952,7,29,31.3,
HKO,香港天文台總部,1952,7,30,28.1,
HKO,香港天文台總部,1952,7,31,29.7,
HKO,香港天文台總部,1952,8,1,29.4,
HKO,香港天文台總部,1952,8,2,30.3,
HKO,香港天文台總部,1952,8,3,31.7,
HKO,香港天文台總部,1952,8,4,31.7,
HKO,香港天文台總部,1952,8,5,32.1,
HKO,香港天文台總部,1952,8,6,32.4,
HKO,香港天文台總部,1952,8,7,32.9,
HKO,香港天文台總部,1952,8,8,32.4,
HKO,香港天文台總部,1952,8,9,29.3,
HKO,香港天文台總部,1952,8,10,29.6,
HKO,香港天文台總部,1952,8,11,28.1,
HKO,香港天文台總部,1952,8,12,27.6,
HKO,香港天文台總部,1952,8,13,29.6,
HKO,香港天文台總部,1952,8,14,30.3,
HKO,香港天文台總部,1952,8,15,31.3,
HKO,香港天文台總部,1952,8,16,29.7,
HKO,香港天文台總部,1952,8,17,32.1,
HKO,香港天文台總部,1952,8,18,32.2,
HKO,香港天文台總部,1952,8,19,28.2,
HKO,香港天文台總部,1952,8,20,30.3,
HKO,香港天文台總部,1952,8,21,29.1,
HKO,香港天文台總部,1952,8,22,27.3,
HKO,香港天文台總部,1952,8,23,30.4,
HKO,香港天文台總部,1952,8,24,31.6,
HKO,香港天文台總部,1952,8,25,29.7,
HKO,香港天文台總部,1952,8,26,30.4,
HKO,香港天文台總部,1952,8,27,28.6,
HKO,香港天文台總部,1952,8,28,27.9,
HKO,香港天文台總部,1952,8,29,29.5,
HKO,香港天文台總部,1952,8,30,30.7,
HKO,香港天文台總部,1952,8,31,31.8,
HKO,香港天文台總部,1952,9,1,32.7,
HKO,香港天文台總部,1952,9,2,32.5,
HKO,香港天文台總部,1952,9,3,31.3,
HKO,香港天文台總部,1952,9,4,30.5,
HKO,香港天文台總部,1952,9,5,31.4,
HKO,香港天文台總部,1952,9,6,28.1,
HKO,香港天文台總部,1952,9,7,27.2,
HKO,香港天文台總部,1952,9,8,29.9,
HKO,香港天文台總部,1952,9,9,31.7,
HKO,香港天文台總部,1952,9,10,32.1,
HKO,香港天文台總部,1952,9,11,32.3,
HKO,香港天文台總部,1952,9,12,29.9,
HKO,香港天文台總部,1952,9,13,28.4,
HKO,香港天文台總部,1952,9,14,25.8,
HKO,香港天文台總部,1952,9,15,27.5,
HKO,香港天文台總部,1952,9,16,29.4,
HKO,香港天文台總部,1952,9,17,28.1,
HKO,香港天文台總部,1952,9,18,29.5,
HKO,香港天文台總部,1952,9,19,31.5,
HKO,香港天文台總部,1952,9,20,31.5,
HKO,香港天文台總部,1952,9,21,28.7,
HKO,香港天文台總部,1952,9,22,28.2,
HKO,香港天文台總部,1952,9,23,27.8,
HKO,香港天文台總部,1952,9,24,27.8,
HKO,香港天文台總部,1952,9,25,29.2,
HKO,香港天文台總部,1952,9,26,28.4,
HKO,香港天文台總部,1952,9,27,28.5,
HKO,香港天文台總部,1952,9,28,28.8,
HKO,香港天文台總部,1952,9,29,28.7,
HKO,香港天文台總部,1952,9,30,28.3,
HKO,香港天文台總部,1953,6,1,31.9,
HKO,香港天文台總部,1953,6,2,30.8,
HKO,香港天文台總部,1953,6,3,31.3,
HKO,香港天文台總部,1953,6,4,31.8,
HKO,香港天文台總部,1953,6,5,31.4,
HKO,香港天文台總部,1953,6,6,29.2,
HKO,香港天文台總部,1953,6,7,28.2,
HKO,香港天文台總部,1953,6,8,26.9,
HKO,香港天文台總部,1953,6,9,28.9,
HKO,香港天文台總部,1953,6,10,30.5,
HKO,香港天文台總部,1953,6,11,31.2,
HKO,香港天文台總部,1953,6,12,29.9,
HKO,香港天文台總部,1953,6,13,27.8,
HKO,香港天文台總部,1953,6,14,28.0,
HKO,香港天文台總部,1953,6,15,28.9,
HKO,香港天文台總部,1953,6,16,28.8,
HKO,香港天文台總部,1953,6,17,30.0,
HKO,香港天文台總部,1953,6,18,29.6,
HKO,香港天文台總部,1953,6,19,31.1,
HKO,香港天文台總部,1953,6,20,32.4,
HKO,香港天文台總部,1953,6,21,32.4,
HKO,香港天文台總部,1953,6,22,32.2,
HKO,香港天文台總部,1953,6,23,31.9,
HKO,香港天文台總部,1953,6,24,32.3,
HKO,香港天文台總部,1953,6,25,33.0,
HKO,香港天文台總部,1953,6,26,32.7,
HKO,香港天文台總部,1953,6,27,32.7,
HKO,香港天文台總部,1953,6,28,31.8,
HKO,香港天文台總部,1953,6,29,30.1,
HKO,香港天文台總部,1953,6,30,29.1,
HKO,香港天文台總部,1953,7,1,30.8,
HKO,香港天文台總部,1953,7,2,31.7,
HKO,香港天文台總部,1953,7,3,32.4,
HKO,香港天文台總部,1953,7,4,32.4,
HKO,香港天文台總部,1953,7,5,30.1,
HKO,香港天文台總部,1953,7,6,31.4,
HKO,香港天文台總部,1953,7,7,31.8,
HKO,香港天文台總部,1953,7,8,32.6,
HKO,香港天文台總部,1953,7,9,32.1,
HKO,香港天文台總部,1953,7,10,32.1,
HKO,香港天文台總部,1953,7,11,32.2,
HKO,香港天文台總部,1953,7,12,32.4,
HKO,香港天文台總部,1953,7,13,32.7,
HKO,香港天文台總部,1953,7,14,32.4,
HKO,香港天文台總部,1953,7,15,32.9,
HKO,香港天文台總部,1953,7,16,33.2,
HKO,香港天文台總部,1953,7,17,33.4,
HKO,香港天文台總部,1953,7,18,32.8,
HKO,香港天文台總部,1953,7,19,32.6,
HKO,香港天文台總部,1953,7,20,32.9,
HKO,香港天文台總部,1953,7,21,33.2,
HKO,香港天文台總部,1953,7,22,33.4,
HKO,香港天文台總部,1953,7,23,31.6,
HKO,香港天文台總部,1953,7,24,31.6,
HKO,香港天文台總部,1953,7,25,26.8,
HKO,香港天文台總部,1953,7,26,29.0,
HKO,香港天文台總部,1953,7,27,30.7,
HKO,香港天文台總部,1953,7,28,32.1,
HKO,香港天文台總部,1953,7,29,32.2,
HKO,香港天文台總部,1953,7,30,32.8,
HKO,香港天文台總部,1953,7,31,32.3,
HKO,香港天文台總部,1953,8,1,32.1,
HKO,香港天文台總部,1953,8,2,32.8,
HKO,香港天文台總部,1953,8,3,33.1,
HKO,香港天文台總部,1953,8,4,31.3,
HKO,香港天文台總部,1953,8,5,33.4,
HKO,香港天文台總部,1953,8,6,33.4,
HKO,香港天文台總部,1953,8,7,33.9,
HKO,香港天文台總部,1953,8,8,34.0,
HKO,香港天文台總部,1953,8,9,31.2,
HKO,香港天文台總部,1953,8,10,31.0,
HKO,香港天文台總部,1953,8,11,31.2,
HKO,香港天文台總部,1953,8,12,33.3,
HKO,香港天文台總部,1953,8,13,31.4,
HKO,香港天文台總部,1953,8,14,29.7,
HKO,香港天文台總部,1953,8,15,30.0,
HKO,香港天文台總部,1953,8,16,32.6,
HKO,香港天文台總部,1953,8,17,32.2,
HKO,香港天文台總部,1953,8,18,31.1,
HKO,香港天文台總部,1953,8,19,28.1,
HKO,香港天文台總部,1953,8,20,27.6,
HKO,香港天文台總部,1953,8,21,31.6,
HKO,香港天文台總部,1953,8,22,28.8,
HKO,香港天文台總部,1953,8,23,28.6,
HKO,香港天文台總部,1953,8,24,30.0,
HKO,香港天文台總部,1953,8,25,32.2,
HKO,香港天文台總部,1953,8,26,32.3,
HKO,香港天文台總部,1953,8,27,32.5,
HKO,香港天文台總部,1953,8,28,32.7,
HKO,香港天文台總部,1953,8,29,32.2,
HKO,香港天文台總部,1953,8,30,32.9,
HKO,香港天文台總部,1953,8,31,33.3,
HKO,香港天文台總部,1953,9,1,31.8,
HKO,香港天文台總部,1953,9,2,27.9,
HKO,香港天文台總部,1953,9,3,29.6,
HKO,香港天文台總部,1953,9,4,28.1,
HKO,香港天文台總部,1953,9,5,28.2,
HKO,香港天文台總部,1953,9,6,30.2,
HKO,香港天文台總部,1953,9,7,30.3,
HKO,香港天文台總部,1953,9,8,31.3,
HKO,香港天文台總部,1953,9,9,31.7,
HKO,香港天文台總部,1953,9,10,31.9,
HKO,香港天文台總部,1953,9,11,31.8,
HKO,香港天文台總部,1953,9,12,31.4,
HKO,香港天文台總部,1953,9,13,28.4,
HKO,香港天文台總部,1953,9,14,29.8,
HKO,香港天文台總部,1953,9,15,31.1,
HKO,香港天文台總部,1953,9,16,31.6,
HKO,香港天文台總部,1953,9,17,30.1,
HKO,香港天文台總部,1953,9,18,27.1,
HKO,香港天文台總部,1953,9,19,26.6,
HKO,香港天文台總部,1953,9,20,28.6,
HKO,香港天文台總部,1953,9,21,28.7,
HKO,香港天文台總部,1953,9,22,30.3,
HKO,香港天文台總部,1953,9,23,30.4,
HKO,香港天文台總部,1953,9,24,29.1,
HKO,香港天文台總部,1953,9,25,29.6,
HKO,香港天文台總部,1953,9,26,26.6,
HKO,香港天文台總部,1953,9,27,24.4,
HKO,香港天文台總部,1953,9,28,24.3,
HKO,香港天文台總部,1953,9,29,28.3,
HKO,香港天文台總部,1953,9,30,29.7,
HKO,香港天文台總部,1954,6,1,28.5,
HKO,香港天文台總部,1954,6,2,30.0,
HKO,香港天文台總部,1954,6,3,29.8,
HKO,香港天文台總部,1954,6,4,31.6,
HKO,香港天文台總部,1954,6,5,28.4,
HKO,香港天文台總部,1954,6,6,28.2,
HKO,香港天文台總部,1954,6,7,29.0,
HKO,香港天文台總部,1954,6,8,31.6,
HKO,香港天文台總部,1954,6,9,31.3,
HKO,香港天文台總部,1954,6,10,30.0,
HKO,香港天文台總部,1954,6,11,27.9,
HKO,香港天文台總部,1954,6,12,31.7,
HKO,香港天文台總部,1954,6,13,31.7,
HKO,香港天文台總部,1954,6,14,31.7,
HKO,香港天文台總部,1954,6,15,31.8,
HKO,香港天文台總部,1954,6,16,31.8,
HKO,香港天文台總部,1954,6,17,31.9,
HKO,香港天文台總部,1954,6,18,31.4,
HKO,香港天文台總部,1954,6,19,31.2,
HKO,香港天文台總部,1954,6,20,31.3,
HKO,香港天文台總部,1954,6,21,31.2,
HKO,香港天文台總部,1954,6,22,30.2,
HKO,香港天文台總部,1954,6,23,32.2,
HKO,香港天文台總部,1954,6,24,32.5,
HKO,香港天文台總部,1954,6,25,32.4,
HKO,香港天文台總部,1954,6,26,32.9,
HKO,香港天文台總部,1954,6,27,31.9,
HKO,香港天文台總部,1954,6,28,32.0,
HKO,香港天文台總部,1954,6,29,32.9,
HKO,香港天文台總部,1954,6,30,33.6,
HKO,香港天文台總部,1954,7,1,28.4,
HKO,香港天文台總部,1954,7,2,31.4,
HKO,香港天文台總部,1954,7,3,32.3,
HKO,香港天文台總部,1954,7,4,32.9,
HKO,香港天文台總部,1954,7,5,31.6,
HKO,香港天文台總部,1954,7,6,33.3,
HKO,香港天文台總部,1954,7,7,30.9,
HKO,香港天文台總部,1954,7,8,31.1,
HKO,香港天文台總部,1954,7,9,28.8,
HKO,香港天文台總部,1954,7,10,31.8,
HKO,香港天文台總部,1954,7,11,31.7,
HKO,香港天文台總部,1954,7,12,31.8,
HKO,香港天文台總部,1954,7,13,31.5,
HKO,香港天文台總部,1954,7,14,32.0,
HKO,香港天文台總部,1954,7,15,33.1,
HKO,香港天文台總部,1954,7,16,33.1,
HKO,香港天文台總部,1954,7,17,32.3,
HKO,香港天文台總部,1954,7,18,32.7,
HKO,香港天文台總部,1954,7,19,32.8,
HKO,香港天文台總部,1954,7,20,33.2,
HKO,香港天文台總部,1954,7,21,32.5,
HKO,香港天文台總部,1954,7,22,31.8,
HKO,香港天文台總部,1954,7,23,32.1,
HKO,香港天文台總部,1954,7,24,32.7,
HKO,香港天文台總部,1954,7,25,32.5,
HKO,香港天文台總部,1954,7,26,31.7,
HKO,香港天文台總部,1954,7,27,32.4,
HKO,香港天文台總部,1954,7,28,32.3,
HKO,香港天文台總部,1954,7,29,32.8,
HKO,香港天文台總部,1954,7,30,32.1,
HKO,香港天文台總部,1954,7,31,31.4,
HKO,香港天文台總部,1954,8,1,32.9,
HKO,香港天文台總部,1954,8,2,29.5,
HKO,香港天文台總部,1954,8,3,30.8,
HKO,香港天文台總部,1954,8,4,28.4,
HKO,香港天文台總部,1954,8,5,27.3,
HKO,香港天文台總部,1954,8,6,27.7,
HKO,香港天文台總部,1954,8,7,27.6,
HKO,香港天文台總部,1954,8,8,31.8,
HKO,香港天文台總部,1954,8,9,32.0,
HKO,香港天文台總部,1954,8,10,32.4,
HKO,香港天文台總部,1954,8,11,33.1,
HKO,香港天文台總部,1954,8,12,33.3,
HKO,香港天文台總部,1954,8,13,33.6,
HKO,香港天文台總部,1954,8,14,33.0,
HKO,香港天文台總部,1954,8,15,34.2,
HKO,香港天文台總部,1954,8,16,34.0,
HKO,香港天文台總部,1954,8,17,33.6,
HKO,香港天文台總部,1954,8,18,33.8,
HKO,香港天文台總部,1954,8,19,32.1,
HKO,香港天文台總部,1954,8,20,28.8,
HKO,香港天文台總部,1954,8,21,32.4,
HKO,香港天文台總部,1954,8,22,30.0,
HKO,香港天文台總部,1954,8,23,27.7,
HKO,香港天文台總部,1954,8,24,29.9,
HKO,香港天文台總部,1954,8,25,31.5,
HKO,香港天文台總部,1954,8,26,30.9,
HKO,香港天文台總部,1954,8,27,29.9,
HKO,香港天文台總部,1954,8,28,34.9,
HKO,香港天文台總部,1954,8,29,31.7,
HKO,香港天文台總部,1954,8,30,28.9,
HKO,香港天文台總部,1954,8,31,30.6,
HKO,香港天文台總部,1954,9,1,31.0,
HKO,香港天文台總部,1954,9,2,29.1,
HKO,香港天文台總部,1954,9,3,28.3,
HKO,香港天文台總部,1954,9,4,32.3,
HKO,香港天文台總部,1954,9,5,32.3,
HKO,香港天文台總部,1954,9,6,32.9,
HKO,香港天文台總部,1954,9,7,34.1,
HKO,香港天文台總部,1954,9,8,31.9,
HKO,香港天文台總部,1954,9,9,30.4,
HKO,香港天文台總部,1954,9,10,32.8,
HKO,香港天文台總部,1954,9,11,27.4,
HKO,香港天文台總部,1954,9,12,28.7,
HKO,香港天文台總部,1954,9,13,31.6,
HKO,香港天文台總部,1954,9,14,31.2,
HKO,香港天文台總部,1954,9,15,30.1,
HKO,香港天文台總部,1954,9,16,31.6,
HKO,香港天文台總部,1954,9,17,30.0,
HKO,香港天文台總部,1954,9,18,29.7,
HKO,香港天文台總部,1954,9,19,29.3,
HKO,香港天文台總部,1954,9,20,28.9,
HKO,香港天文台總部,1954,9,21,30.6,
HKO,香港天文台總部,1954,9,22,28.9,
HKO,香港天文台總部,1954,9,23,30.1,
HKO,香港天文台總部,1954,9,24,32.2,
HKO,香港天文台總部,1954,9,25,32.1,
HKO,香港天文台總部,1954,9,26,31.1,
HKO,香港天文台總部,1954,9,27,29.8,
HKO,香港天文台總部,1954,9,28,26.1,
HKO,香港天文台總部,1954,9,29,26.6,
HKO,香港天文台總部,1954,9,30,29.2,
HKO,香港天文台總部,1955,6,1,27.1,
HKO,香港天文台總部,1955,6,2,27.3,
HKO,香港天文台總部,1955,6,3,26.2,
HKO,香港天文台總部,1955,6,4,26.7,
HKO,香港天文台總部,1955,6,5,25.8,
HKO,香港天文台總部,1955,6,6,30.7,
HKO,香港天文台總部,1955,6,7,30.0,
HKO,香港天文台總部,1955,6,8,31.7,
HKO,香港天文台總部,1955,6,9,31.4,
HKO,香港天文台總部,1955,6,10,29.0,
HKO,香港天文台總部,1955,6,11,30.2,
HKO,香港天文台總部,1955,6,12,28.3,
HKO,香港天文台總部,1955,6,13,27.3,
HKO,香港天文台總部,1955,6,14,29.6,
HKO,香港天文台總部,1955,6,15,30.1,
HKO,香港天文台總部,1955,6,16,31.0,
HKO,香港天文台總部,1955,6,17,30.4,
HKO,香港天文台總部,1955,6,18,30.9,
HKO,香港天文台總部,1955,6,19,30.6,
HKO,香港天文台總部,1955,6,20,30.5,
HKO,香港天文台總部,1955,6,21,31.1,
HKO,香港天文台總部,1955,6,22,31.3,
HKO,香港天文台總部,1955,6,23,30.6,
HKO,香港天文台總部,1955,6,24,30.4,
HKO,香港天文台總部,1955,6,25,30.0,
HKO,香港天文台總部,1955,6,26,28.4,
HKO,香港天文台總部,1955,6,27,29.0,
HKO,香港天文台總部,1955,6,28,29.8,
HKO,香港天文台總部,1955,6,29,31.2,
HKO,香港天文台總部,1955,6,30,30.9,
HKO,香港天文台總部,1955,7,1,28.6,
HKO,香港天文台總部,1955,7,2,30.2,
HKO,香港天文台總部,1955,7,3,28.2,
HKO,香港天文台總部,1955,7,4,31.3,
HKO,香港天文台總部,1955,7,5,32.0,
HKO,香港天文台總部,1955,7,6,32.1,
HKO,香港天文台總部,1955,7,7,32.2,
HKO,香港天文台總部,1955,7,8,31.0,
HKO,香港天文台總部,1955,7,9,30.8,
HKO,香港天文台總部,1955,7,10,29.0,
HKO,香港天文台總部,1955,7,11,27.3,
HKO,香港天文台總部,1955,7,12,28.7,
HKO,香港天文台總部,1955,7,13,30.7,
HKO,香港天文台總部,1955,7,14,32.3,
HKO,香港天文台總部,1955,7,15,32.4,
HKO,香港天文台總部,1955,7,16,31.1,
HKO,香港天文台總部,1955,7,17,30.4,
HKO,香港天文台總部,1955,7,18,27.1,
HKO,香港天文台總部,1955,7,19,29.4,
HKO,香港天文台總部,1955,7,20,28.4,
HKO,香港天文台總部,1955,7,21,28.9,
HKO,香港天文台總部,1955,7,22,29.5,
HKO,香港天文台總部,1955,7,23,29.4,
HKO,香港天文台總部,1955,7,24,31.1,
HKO,香港天文台總部,1955,7,25,29.5,
HKO,香港天文台總部,1955,7,26,31.2,
HKO,香港天文台總部,1955,7,27,31.7,
HKO,香港天文台總部,1955,7,28,31.9,
HKO,香港天文台總部,1955,7,29,32.3,
HKO,香港天文台總部,1955,7,30,32.5,
HKO,香港天文台總部,1955,7,31,31.8,
HKO,香港天文台總部,1955,8,1,32.0,
HKO,香港天文台總部,1955,8,2,29.1,
HKO,香港天文台總部,1955,8,3,26.9,
HKO,香港天文台總部,1955,8,4,30.4,
HKO,香港天文台總部,1955,8,5,31.7,
HKO,香港天文台總部,1955,8,6,31.6,
HKO,香港天文台總部,1955,8,7,30.1,
HKO,香港天文台總部,1955,8,8,32.0,
HKO,香港天文台總部,1955,8,9,31.8,
HKO,香港天文台總部,1955,8,10,32.3,
HKO,香港天文台總部,1955,8,11,32.3,
HKO,香港天文台總部,1955,8,12,33.4,
HKO,香港天文台總部,1955,8,13,32.2,
HKO,香港天文台總部,1955,8,14,32.2,
HKO,香港天文台總部,1955,8,15,32.5,
HKO,香港天文台總部,1955,8,16,32.4,
HKO,香港天文台總部,1955,8,17,29.3,
HKO,香港天文台總部,1955,8,18,28.2,
HKO,香港天文台總部,1955,8,19,26.7,
HKO,香港天文台總部,1955,8,20,29.4,
HKO,香港天文台總部,1955,8,21,30.5,
HKO,香港天文台總部,1955,8,22,31.9,
HKO,香港天文台總部,1955,8,23,32.2,
HKO,香港天文台總部,1955,8,24,32.2,
HKO,香港天文台總部,1955,8,25,33.3,
HKO,香港天文台總部,1955,8,26,31.7,
HKO,香港天文台總部,1955,8,27,29.4,
HKO,香港天文台總部,1955,8,28,30.1,
HKO,香港天文台總部,1955,8,29,27.5,
HKO,香港天文台總部,1955,8,30,27.7,
HKO,香港天文台總部,1955,8,31,30.7,
HKO,香港天文台總部,1955,9,1,27.0,
HKO,香港天文台總部,1955,9,2,30.6,
HKO,香港天文台總部,1955,9,3,31.9,
HKO,香港天文台總部,1955,9,4,32.6,
HKO,香港天文台總部,1955,9,5,32.3,
HKO,香港天文台總部,1955,9,6,32.1,
HKO,香港天文台總部,1955,9,7,31.9,
HKO,香港天文台總部,1955,9,8,32.2,
HKO,香港天文台總部,1955,9,9,33.1,
HKO,香港天文台總部,1955,9,10,32.9,
HKO,香港天文台總部,1955,9,11,33.2,
HKO,香港天文台總部,1955,9,12,33.1,
HKO,香港天文台總部,1955,9,13,33.5,
HKO,香港天文台總部,1955,9,14,30.1,
HKO,香港天文台總部,1955,9,15,31.3,
HKO,香港天文台總部,1955,9,16,30.9,
HKO,香港天文台總部,1955,9,17,32.2,
HKO,香港天文台總部,1955,9,18,32.8,
HKO,香港天文台總部,1955,9,19,31.3,
HKO,香港天文台總部,1955,9,20,31.4,
HKO,香港天文台總部,1955,9,21,31.6,
HKO,香港天文台總部,1955,9,22,32.2,
HKO,香港天文台總部,1955,9,23,32.9,
HKO,香港天文台總部,1955,9,24,31.9,
HKO,香港天文台總部,1955,9,25,26.7,
HKO,香港天文台總部,1955,9,26,27.8,
HKO,香港天文台總部,1955,9,27,30.7,
HKO,香港天文台總部,1955,9,28,30.6,
HKO,香港天文台總部,1955,9,29,31.4,
HKO,香港天文台總部,1955,9,30,32.7,
HKO,香港天文台總部,1956,6,1,27.4,
HKO,香港天文台總部,1956,6,2,29.9,
HKO,香港天文台總部,1956,6,3,28.2,
HKO,香港天文台總部,1956,6,4,30.7,
HKO,香港天文台總部,1956,6,5,29.7,
HKO,香港天文台總部,1956,6,6,30.0,
HKO,香港天文台總部,1956,6,7,31.6,
HKO,香港天文台總部,1956,6,8,31.4,
HKO,香港天文台總部,1956,6,9,31.8,
HKO,香港天文台總部,1956,6,10,31.8,
HKO,香港天文台總部,1956,6,11,32.3,
HKO,香港天文台總部,1956,6,12,31.9,
HKO,香港天文台總部,1956,6,13,31.1,
HKO,香港天文台總部,1956,6,14,27.9,
HKO,香港天文台總部,1956,6,15,28.6,
HKO,香港天文台總部,1956,6,16,30.3,
HKO,香港天文台總部,1956,6,17,28.1,
HKO,香港天文台總部,1956,6,18,31.6,
HKO,香港天文台總部,1956,6,19,30.4,
HKO,香港天文台總部,1956,6,20,30.6,
HKO,香港天文台總部,1956,6,21,28.8,
HKO,香港天文台總部,1956,6,22,30.7,
HKO,香港天文台總部,1956,6,23,32.3,
HKO,香港天文台總部,1956,6,24,32.8,
HKO,香港天文台總部,1956,6,25,32.2,
HKO,香港天文台總部,1956,6,26,32.3,
HKO,香港天文台總部,1956,6,27,32.6,
HKO,香港天文台總部,1956,6,28,32.9,
HKO,香港天文台總部,1956,6,29,32.3,
HKO,香港天文台總部,1956,6,30,30.6,
HKO,香港天文台總部,1956,7,1,30.1,
HKO,香港天文台總部,1956,7,2,31.2,
HKO,香港天文台總部,1956,7,3,31.9,
HKO,香港天文台總部,1956,7,4,33.2,
HKO,香港天文台總部,1956,7,5,33.5,
HKO,香港天文台總部,1956,7,6,33.7,
HKO,香港天文台總部,1956,7,7,32.9,
HKO,香港天文台總部,1956,7,8,32.2,
HKO,香港天文台總部,1956,7,9,32.9,
HKO,香港天文台總部,1956,7,10,32.7,
HKO,香港天文台總部,1956,7,11,32.8,
HKO,香港天文台總部,1956,7,12,33.2,
HKO,香港天文台總部,1956,7,13,32.9,
HKO,香港天文台總部,1956,7,14,33.2,
HKO,香港天文台總部,1956,7,15,33.5,
HKO,香港天文台總部,1956,7,16,28.9,
HKO,香港天文台總部,1956,7,17,30.2,
HKO,香港天文台總部,1956,7,18,29.9,
HKO,香港天文台總部,1956,7,19,30.4,
HKO,香港天文台總部,1956,7,20,30.3,
HKO,香港天文台總部,1956,7,21,32.4,
HKO,香港天文台總部,1956,7,22,32.3,
HKO,香港天文台總部,1956,7,23,29.0,
HKO,香港天文台總部,1956,7,24,32.6,
HKO,香港天文台總部,1956,7,25,33.0,
HKO,香港天文台總部,1956,7,26,32.3,
HKO,香港天文台總部,1956,7,27,32.9,
HKO,香港天文台總部,1956,7,28,28.9,
HKO,香港天文台總部,1956,7,29,30.1,
HKO,香港天文台總部,1956,7,30,32.8,
HKO,香港天文台總部,1956,7,31,33.2,
HKO,香港天文台總部,1956,8,1,34.3,
HKO,香港天文台總部,1956,8,2,34.3,
HKO,香港天文台總部,1956,8,3,33.3,
HKO,香港天文台總部,1956,8,4,30.8,
HKO,香港天文台總部,1956,8,5,27.4,
HKO,香港天文台總部,1956,8,6,25.7,
HKO,香港天文台總部,1956,8,7,26.3,
HKO,香港天文台總部,1956,8,8,27.0,
HKO,香港天文台總部,1956,8,9,30.1,
HKO,香港天文台總部,1956,8,10,32.2,
HKO,香港天文台總部,1956,8,11,30.7,
HKO,香港天文台總部,1956,8,12,28.6,
HKO,香港天文台總部,1956,8,13,27.9,
HKO,香港天文台總部,1956,8,14,31.0,
HKO,香港天文台總部,1956,8,15,32.9,
HKO,香港天文台總部,1956,8,16,32.8,
HKO,香港天文台總部,1956,8,17,31.5,
HKO,香港天文台總部,1956,8,18,27.8,
HKO,香港天文台總部,1956,8,19,32.7,
HKO,香港天文台總部,1956,8,20,32.7,
HKO,香港天文台總部,1956,8,21,31.6,
HKO,香港天文台總部,1956,8,22,31.6,
HKO,香港天文台總部,1956,8,23,31.3,
HKO,香港天文台總部,1956,8,24,32.3,
HKO,香港天文台總部,1956,8,25,32.5,
HKO,香港天文台總部,1956,8,26,30.3,
HKO,香港天文台總部,1956,8,27,30.4,
HKO,香港天文台總部,1956,8,28,32.8,
HKO,香港天文台總部,1956,8,29,33.9,
HKO,香港天文台總部,1956,8,30,31.1,
HKO,香港天文台總部,1956,8,31,29.6,
HKO,香港天文台總部,1956,9,1,30.5,
HKO,香港天文台總部,1956,9,2,32.7,
HKO,香港天文台總部,1956,9,3,33.9,
HKO,香港天文台總部,1956,9,4,33.6,
HKO,香港天文台總部,1956,9,5,32.2,
HKO,香港天文台總部,1956,9,6,31.3,
HKO,香港天文台總部,1956,9,7,30.0,
HKO,香港天文台總部,1956,9,8,32.9,
HKO,香港天文台總部,1956,9,9,32.3,
HKO,香港天文台總部,1956,9,10,33.6,
HKO,香港天文台總部,1956,9,11,29.7,
HKO,香港天文台總部,1956,9,12,29.8,
HKO,香港天文台總部,1956,9,13,31.7,
HKO,香港天文台總部,1956,9,14,29.3,
HKO,香港天文台總部,1956,9,15,29.9,
HKO,香港天文台總部,1956,9,16,31.2,
HKO,香港天文台總部,1956,9,17,33.3,
HKO,香港天文台總部,1956,9,18,33.1,
HKO,香港天文台總部,1956,9,19,31.7,
HKO,香港天文台總部,1956,9,20,32.3,
HKO,香港天文台總部,1956,9,21,31.2,
HKO,香港天文台總部,1956,9,22,32.4,
HKO,香港天文台總部,1956,9,23,32.3,
HKO,香港天文台總部,1956,9,24,32.4,
HKO,香港天文台總部,1956,9,25,32.4,
HKO,香港天文台總部,1956,9,26,29.4,
HKO,香港天文台總部,1956,9,27,27.4,
HKO,香港天文台總部,1956,9,28,27.6,
HKO,香港天文台總部,1956,9,29,26.2,
HKO,香港天文台總部,1956,9,30,28.4,
HKO,香港天文台總部,1957,6,1,26.1,
HKO,香港天文台總部,1957,6,2,27.9,
HKO,香港天文台總部,1957,6,3,29.7,
HKO,香港天文台總部,1957,6,4,30.2,
HKO,香港天文台總部,1957,6,5,30.0,
HKO,香港天文台總部,1957,6,6,29.9,
HKO,香港天文台總部,1957,6,7,32.2,
HKO,香港天文台總部,1957,6,8,27.8,
HKO,香港天文台總部,1957,6,9,27.5,
HKO,香港天文台總部,1957,6,10,27.7,
HKO,香港天文台總部,1957,6,11,30.6,
HKO,香港天文台總部,1957,6,12,29.7,
HKO,香港天文台總部,1957,6,13,29.6,
HKO,香港天文台總部,1957,6,14,29.2,
HKO,香港天文台總部,1957,6,15,29.0,
HKO,香港天文台總部,1957,6,16,28.3,
HKO,香港天文台總部,1957,6,17,28.8,
HKO,香港天文台總部,1957,6,18,29.0,
HKO,香港天文台總部,1957,6,19,32.2,
HKO,香港天文台總部,1957,6,20,31.6,
HKO,香港天文台總部,1957,6,21,31.2,
HKO,香港天文台總部,1957,6,22,32.3,
HKO,香港天文台總部,1957,6,23,31.8,
HKO,香港天文台總部,1957,6,24,31.5,
HKO,香港天文台總部,1957,6,25,32.6,
HKO,香港天文台總部,1957,6,26,33.0,
HKO,香港天文台總部,1957,6,27,32.6,
HKO,香港天文台總部,1957,6,28,30.9,
HKO,香港天文台總部,1957,6,29,28.8,
HKO,香港天文台總部,1957,6,30,30.4,
HKO,香港天文台總部,1957,7,1,30.5,
HKO,香港天文台總部,1957,7,2,30.8,
HKO,香港天文台總部,1957,7,3,30.1,
HKO,香港天文台總部,1957,7,4,29.8,
HKO,香港天文台總部,1957,7,5,29.6,
HKO,香港天文台總部,1957,7,6,30.7,
HKO,香港天文台總部,1957,7,7,32.1,
HKO,香港天文台總部,1957,7,8,30.3,
HKO,香港天文台總部,1957,7,9,31.4,
HKO,香港天文台總部,1957,7,10,30.0,
HKO,香港天文台總部,1957,7,11,30.8,
HKO,香港天文台總部,1957,7,12,31.6,
HKO,香港天文台總部,1957,7,13,32.1,
HKO,香港天文台總部,1957,7,14,31.7,
HKO,香港天文台總部,1957,7,15,33.1,
HKO,香港天文台總部,1957,7,16,32.2,
HKO,香港天文台總部,1957,7,17,29.0,
HKO,香港天文台總部,1957,7,18,30.6,
HKO,香港天文台總部,1957,7,19,31.7,
HKO,香港天文台總部,1957,7,20,32.6,
HKO,香港天文台總部,1957,7,21,32.7,
HKO,香港天文台總部,1957,7,22,32.3,
HKO,香港天文台總部,1957,7,23,32.7,
HKO,香港天文台總部,1957,7,24,32.9,
HKO,香港天文台總部,1957,7,25,31.8,
HKO,香港天文台總部,1957,7,26,32.3,
HKO,香港天文台總部,1957,7,27,31.9,
HKO,香港天文台總部,1957,7,28,33.1,
HKO,香港天文台總部,1957,7,29,33.1,
HKO,香港天文台總部,1957,7,30,32.8,
HKO,香港天文台總部,1957,7,31,33.0,
HKO,香港天文台總部,1957,8,1,33.9,
HKO,香港天文台總部,1957,8,2,33.4,
HKO,香港天文台總部,1957,8,3,32.4,
HKO,香港天文台總部,1957,8,4,29.5,
HKO,香港天文台總部,1957,8,5,31.8,
HKO,香港天文台總部,1957,8,6,31.9,
HKO,香港天文台總部,1957,8,7,32.1,
HKO,香港天文台總部,1957,8,8,32.3,
HKO,香港天文台總部,1957,8,9,32.4,
HKO,香港天文台總部,1957,8,10,31.8,
HKO,香港天文台總部,1957,8,11,33.7,
HKO,香港天文台總部,1957,8,12,33.5,
HKO,香港天文台總部,1957,8,13,31.9,
HKO,香港天文台總部,1957,8,14,34.2,
HKO,香港天文台總部,1957,8,15,32.1,
HKO,香港天文台總部,1957,8,16,30.7,
HKO,香港天文台總部,1957,8,17,28.7,
HKO,香港天文台總部,1957,8,18,29.3,
HKO,香港天文台總部,1957,8,19,28.4,
HKO,香港天文台總部,1957,8,20,29.3,
HKO,香港天文台總部,1957,8,21,30.1,
HKO,香港天文台總部,1957,8,22,31.2,
HKO,香港天文台總部,1957,8,23,32.3,
HKO,香港天文台總部,1957,8,24,31.6,
HKO,香港天文台總部,1957,8,25,30.3,
HKO,香港天文台總部,1957,8,26,30.5,
HKO,香港天文台總部,1957,8,27,27.8,
HKO,香港天文台總部,1957,8,28,30.2,
HKO,香港天文台總部,1957,8,29,30.1,
HKO,香港天文台總部,1957,8,30,30.5,
HKO,香港天文台總部,1957,8,31,31.8,
HKO,香港天文台總部,1957,9,1,32.8,
HKO,香港天文台總部,1957,9,2,29.4,
HKO,香港天文台總部,1957,9,3,28.8,
HKO,香港天文台總部,1957,9,4,29.9,
HKO,香港天文台總部,1957,9,5,31.3,
HKO,香港天文台總部,1957,9,6,32.8,
HKO,香港天文台總部,1957,9,7,30.8,
HKO,香港天文台總部,1957,9,8,29.8,
HKO,香港天文台總部,1957,9,9,29.6,
HKO,香港天文台總部,1957,9,10,31.4,
HKO,香港天文台總部,1957,9,11,33.1,
HKO,香港天文台總部,1957,9,12,31.6,
HKO,香港天文台總部,1957,9,13,32.3,
HKO,香港天文台總部,1957,9,14,32.3,
HKO,香港天文台總部,1957,9,15,31.5,
HKO,香港天文台總部,1957,9,16,30.1,
HKO,香港天文台總部,1957,9,17,30.7,
HKO,香港天文台總部,1957,9,18,31.5,
HKO,香港天文台總部,1957,9,19,29.5,
HKO,香港天文台總部,1957,9,20,31.3,
HKO,香港天文台總部,1957,9,21,33.4,
HKO,香港天文台總部,1957,9,22,29.0,
HKO,香港天文台總部,1957,9,23,27.3,
HKO,香港天文台總部,1957,9,24,31.1,
HKO,香港天文台總部,1957,9,25,26.8,
HKO,香港天文台總部,1957,9,26,25.1,
HKO,香港天文台總部,1957,9,27,24.1,
HKO,香港天文台總部,1957,9,28,25.9,
HKO,香港天文台總部,1957,9,29,28.9,
HKO,香港天文台總部,1957,9,30,28.8,
HKO,香港天文台總部,1958,6,1,27.7,
HKO,香港天文台總部,1958,6,2,28.9,
HKO,香港天文台總部,1958,6,3,30.1,
HKO,香港天文台總部,1958,6,4,29.2,
HKO,香港天文台總部,1958,6,5,29.0,
HKO,香港天文台總部,1958,6,6,32.3,
HKO,香港天文台總部,1958,6,7,33.4,
HKO,香港天文台總部,1958,6,8,32.7,
HKO,香港天文台總部,1958,6,9,28.6,
HKO,香港天文台總部,1958,6,10,30.2,
HKO,香港天文台總部,1958,6,11,31.9,
HKO,香港天文台總部,1958,6,12,29.4,
HKO,香港天文台總部,1958,6,13,30.6,
HKO,香港天文台總部,1958,6,14,32.4,
HKO,香港天文台總部,1958,6,15,33.4,
HKO,香港天文台總部,1958,6,16,29.0,
HKO,香港天文台總部,1958,6,17,24.0,
HKO,香港天文台總部,1958,6,18,28.9,
HKO,香港天文台總部,1958,6,19,29.3,
HKO,香港天文台總部,1958,6,20,29.0,
HKO,香港天文台總部,1958,6,21,28.8,
HKO,香港天文台總部,1958,6,22,31.3,
HKO,香港天文台總部,1958,6,23,31.1,
HKO,香港天文台總部,1958,6,24,29.1,
HKO,香港天文台總部,1958,6,25,30.6,
HKO,香港天文台總部,1958,6,26,31.7,
HKO,香港天文台總部,1958,6,27,31.9,
HKO,香港天文台總部,1958,6,28,32.6,
HKO,香港天文台總部,1958,6,29,32.9,
HKO,香港天文台總部,1958,6,30,33.7,
HKO,香港天文台總部,1958,7,1,29.5,
HKO,香港天文台總部,1958,7,2,31.6,
HKO,香港天文台總部,1958,7,3,31.2,
HKO,香港天文台總部,1958,7,4,31.8,
HKO,香港天文台總部,1958,7,5,33.5,
HKO,香港天文台總部,1958,7,6,33.6,
HKO,香港天文台總部,1958,7,7,33.6,
HKO,香港天文台總部,1958,7,8,34.0,
HKO,香港天文台總部,1958,7,9,34.0,
HKO,香港天文台總部,1958,7,10,34.2,
HKO,香港天文台總部,1958,7,11,33.1,
HKO,香港天文台總部,1958,7,12,33.8,
HKO,香港天文台總部,1958,7,13,33.7,
HKO,香港天文台總部,1958,7,14,31.3,
HKO,香港天文台總部,1958,7,15,34.1,
HKO,香港天文台總部,1958,7,16,34.9,
HKO,香港天文台總部,1958,7,17,31.6,
HKO,香港天文台總部,1958,7,18,28.6,
HKO,香港天文台總部,1958,7,19,28.0,
HKO,香港天文台總部,1958,7,20,30.4,
HKO,香港天文台總部,1958,7,21,29.6,
HKO,香港天文台總部,1958,7,22,32.1,
HKO,香港天文台總部,1958,7,23,31.0,
HKO,香港天文台總部,1958,7,24,29.6,
HKO,香港天文台總部,1958,7,25,32.0,
HKO,香港天文台總部,1958,7,26,31.1,
HKO,香港天文台總部,1958,7,27,28.0,
HKO,香港天文台總部,1958,7,28,27.8,
HKO,香港天文台總部,1958,7,29,31.1,
HKO,香港天文台總部,1958,7,30,29.8,
HKO,香港天文台總部,1958,7,31,31.2,
HKO,香港天文台總部,1958,8,1,32.4,
HKO,香港天文台總部,1958,8,2,32.6,
HKO,香港天文台總部,1958,8,3,32.4,
HKO,香港天文台總部,1958,8,4,32.6,
HKO,香港天文台總部,1958,8,5,30.4,
HKO,香港天文台總部,1958,8,6,27.2,
HKO,香港天文台總部,1958,8,7,26.9,
HKO,香港天文台總部,1958,8,8,26.7,
HKO,香港天文台總部,1958,8,9,29.4,
HKO,香港天文台總部,1958,8,10,29.2,
HKO,香港天文台總部,1958,8,11,29.9,
HKO,香港天文台總部,1958,8,12,32.1,
HKO,香港天文台總部,1958,8,13,31.9,
HKO,香港天文台總部,1958,8,14,31.9,
HKO,香港天文台總部,1958,8,15,27.7,
HKO,香港天文台總部,1958,8,16,30.7,
HKO,香港天文台總部,1958,8,17,30.7,
HKO,香港天文台總部,1958,8,18,30.1,
HKO,香港天文台總部,1958,8,19,32.1,
HKO,香港天文台總部,1958,8,20,31.5,
HKO,香港天文台總部,1958,8,21,31.6,
HKO,香港天文台總部,1958,8,22,33.0,
HKO,香港天文台總部,1958,8,23,32.6,
HKO,香港天文台總部,1958,8,24,31.9,
HKO,香港天文台總部,1958,8,25,32.4,
HKO,香港天文台總部,1958,8,26,30.8,
HKO,香港天文台總部,1958,8,27,29.2,
HKO,香港天文台總部,1958,8,28,29.6,
HKO,香港天文台總部,1958,8,29,32.7,
HKO,香港天文台總部,1958,8,30,32.1,
HKO,香港天文台總部,1958,8,31,32.9,
HKO,香港天文台總部,1958,9,1,30.1,
HKO,香港天文台總部,1958,9,2,27.4,
HKO,香港天文台總部,1958,9,3,29.1,
HKO,香港天文台總部,1958,9,4,32.4,
HKO,香港天文台總部,1958,9,5,34.0,
HKO,香港天文台總部,1958,9,6,29.7,
HKO,香港天文台總部,1958,9,7,29.3,
HKO,香港天文台總部,1958,9,8,33.1,
HKO,香港天文台總部,1958,9,9,32.4,
HKO,香港天文台總部,1958,9,10,31.4,
HKO,香港天文台總部,1958,9,11,29.2,
HKO,香港天文台總部,1958,9,12,29.2,
HKO,香港天文台總部,1958,9,13,31.7,
HKO,香港天文台總部,1958,9,14,32.3,
HKO,香港天文台總部,1958,9,15,32.3,
HKO,香港天文台總部,1958,9,16,32.9,
HKO,香港天文台總部,1958,9,17,32.4,
HKO,香港天文台總部,1958,9,18,33.3,
HKO,香港天文台總部,1958,9,19,30.2,
HKO,香港天文台總部,1958,9,20,30.4,
HKO,香港天文台總部,1958,9,21,31.3,
HKO,香港天文台總部,1958,9,22,30.7,
HKO,香港天文台總部,1958,9,23,30.1,
HKO,香港天文台總部,1958,9,24,30.9,
HKO,香港天文台總部,1958,9,25,28.9,
HKO,香港天文台總部,1958,9,26,28.9,
HKO,香港天文台總部,1958,9,27,29.6,
HKO,香港天文台總部,1958,9,28,28.6,
HKO,香港天文台總部,1958,9,29,26.4,
HKO,香港天文台總部,1958,9,30,26.1,
HKO,香港天文台總部,1959,6,1,27.3,
HKO,香港天文台總部,1959,6,2,28.2,
HKO,香港天文台總部,1959,6,3,30.6,
HKO,香港天文台總部,1959,6,4,31.6,
HKO,香港天文台總部,1959,6,5,32.3,
HKO,香港天文台總部,1959,6,6,31.4,
HKO,香港天文台總部,1959,6,7,31.7,
HKO,香港天文台總部,1959,6,8,32.6,
HKO,香港天文台總部,1959,6,9,32.4,
HKO,香港天文台總部,1959,6,10,31.7,
HKO,香港天文台總部,1959,6,11,30.6,
HKO,香港天文台總部,1959,6,12,29.1,
HKO,香港天文台總部,1959,6,13,28.8,
HKO,香港天文台總部,1959,6,14,29.3,
HKO,香港天文台總部,1959,6,15,28.0,
HKO,香港天文台總部,1959,6,16,30.9,
HKO,香港天文台總部,1959,6,17,32.1,
HKO,香港天文台總部,1959,6,18,31.3,
HKO,香港天文台總部,1959,6,19,32.2,
HKO,香港天文台總部,1959,6,20,32.6,
HKO,香港天文台總部,1959,6,21,32.2,
HKO,香港天文台總部,1959,6,22,32.0,
HKO,香港天文台總部,1959,6,23,30.7,
HKO,香港天文台總部,1959,6,24,32.3,
HKO,香港天文台總部,1959,6,25,32.0,
HKO,香港天文台總部,1959,6,26,31.9,
HKO,香港天文台總部,1959,6,27,32.2,
HKO,香港天文台總部,1959,6,28,28.5,
HKO,香港天文台總部,1959,6,29,30.2,
HKO,香港天文台總部,1959,6,30,30.3,
HKO,香港天文台總部,1959,7,1,32.8,
HKO,香港天文台總部,1959,7,2,32.7,
HKO,香港天文台總部,1959,7,3,33.3,
HKO,香港天文台總部,1959,7,4,31.6,
HKO,香港天文台總部,1959,7,5,31.8,
HKO,香港天文台總部,1959,7,6,29.6,
HKO,香港天文台總部,1959,7,7,26.3,
HKO,香港天文台總部,1959,7,8,28.4,
HKO,香港天文台總部,1959,7,9,28.6,
HKO,香港天文台總部,1959,7,10,29.9,
HKO,香港天文台總部,1959,7,11,30.8,
HKO,香港天文台總部,1959,7,12,32.6,
HKO,香港天文台總部,1959,7,13,33.2,
HKO,香港天文台總部,1959,7,14,33.4,
HKO,香港天文台總部,1959,7,15,33.4,
HKO,香港天文台總部,1959,7,16,31.2,
HKO,香港天文台總部,1959,7,17,32.1,
HKO,香港天文台總部,1959,7,18,30.1,
HKO,香港天文台總部,1959,7,19,28.2,
HKO,香港天文台總部,1959,7,20,27.5,
HKO,香港天文台總部,1959,7,21,31.4,
HKO,香港天文台總部,1959,7,22,31.9,
HKO,香港天文台總部,1959,7,23,32.0,
HKO,香港天文台總部,1959,7,24,33.1,
HKO,香港天文台總部,1959,7,25,31.7,
HKO,香港天文台總部,1959,7,26,30.7,
HKO,香港天文台總部,1959,7,27,30.1,
HKO,香港天文台總部,1959,7,28,31.6,
HKO,香港天文台總部,1959,7,29,31.0,
HKO,香港天文台總部,1959,7,30,30.6,
HKO,香港天文台總部,1959,7,31,31.2,
HKO,香港天文台總部,1959,8,1,29.8,
HKO,香港天文台總部,1959,8,2,27.5,
HKO,香港天文台總部,1959,8,3,27.8,
HKO,香港天文台總部,1959,8,4,29.4,
HKO,香港天文台總部,1959,8,5,32.4,
HKO,香港天文台總部,1959,8,6,32.5,
HKO,香港天文台總部,1959,8,7,33.2,
HKO,香港天文台總部,1959,8,8,31.8,
HKO,香港天文台總部,1959,8,9,28.5,
HKO,香港天文台總部,1959,8,10,28.8,
HKO,香港天文台總部,1959,8,11,29.8,
HKO,香港天文台總部,1959,8,12,32.4,
HKO,香港天文台總部,1959,8,13,32.7,
HKO,香港天文台總部,1959,8,14,31.9,
HKO,香港天文台總部,1959,8,15,31.6,
HKO,香港天文台總部,1959,8,16,32.8,
HKO,香港天文台總部,1959,8,17,31.7,
HKO,香港天文台總部,1959,8,18,31.1,
HKO,香港天文台總部,1959,8,19,29.2,
HKO,香港天文台總部,1959,8,20,28.9,
HKO,香港天文台總部,1959,8,21,29.5,
HKO,香港天文台總部,1959,8,22,31.0,
HKO,香港天文台總部,1959,8,23,32.1,
HKO,香港天文台總部,1959,8,24,27.3,
HKO,香港天文台總部,1959,8,25,27.9,
HKO,香港天文台總部,1959,8,26,28.8,
HKO,香港天文台總部,1959,8,27,30.7,
HKO,香港天文台總部,1959,8,28,32.4,
HKO,香港天文台總部,1959,8,29,32.9,
HKO,香港天文台總部,1959,8,30,32.1,
HKO,香港天文台總部,1959,8,31,27.8,
HKO,香港天文台總部,1959,9,1,27.5,
HKO,香港天文台總部,1959,9,2,26.8,
HKO,香港天文台總部,1959,9,3,29.3,
HKO,香港天文台總部,1959,9,4,31.5,
HKO,香港天文台總部,1959,9,5,33.1,
HKO,香港天文台總部,1959,9,6,32.7,
HKO,香港天文台總部,1959,9,7,32.1,
HKO,香港天文台總部,1959,9,8,32.0,
HKO,香港天文台總部,1959,9,9,29.9,
HKO,香港天文台總部,1959,9,10,27.0,
HKO,香港天文台總部,1959,9,11,28.6,
HKO,香港天文台總部,1959,9,12,27.6,
HKO,香港天文台總部,1959,9,13,26.3,
HKO,香港天文台總部,1959,9,14,28.7,
HKO,香港天文台總部,1959,9,15,32.0,
HKO,香港天文台總部,1959,9,16,31.1,
HKO,香港天文台總部,1959,9,17,29.1,
HKO,香港天文台總部,1959,9,18,29.8,
HKO,香港天文台總部,1959,9,19,30.2,
HKO,香港天文台總部,1959,9,20,28.7,
HKO,香港天文台總部,1959,9,21,29.2,
HKO,香港天文台總部,1959,9,22,30.7,
HKO,香港天文台總部,1959,9,23,31.7,
HKO,香港天文台總部,1959,9,24,32.3,
HKO,香港天文台總部,1959,9,25,30.8,
HKO,香港天文台總部,1959,9,26,29.4,
HKO,香港天文台總部,1959,9,27,30.1,
HKO,香港天文台總部,1959,9,28,29.4,
HKO,香港天文台總部,1959,9,29,27.9,
HKO,香港天文台總部,1959,9,30,28.3,
HKO,香港天文台總部,1960,6,1,27.3,
HKO,香港天文台總部,1960,6,2,28.3,
HKO,香港天文台總部,1960,6,3,29.1,
HKO,香港天文台總部,1960,6,4,29.6,
HKO,香港天文台總部,1960,6,5,29.4,
HKO,香港天文台總部,1960,6,6,28.3,
HKO,香港天文台總部,1960,6,7,28.3,
HKO,香港天文台總部,1960,6,8,27.4,
HKO,香港天文台總部,1960,6,9,27.4,
HKO,香港天文台總部,1960,6,10,32.8,
HKO,香港天文台總部,1960,6,11,31.9,
HKO,香港天文台總部,1960,6,12,26.9,
HKO,香港天文台總部,1960,6,13,29.4,
HKO,香港天文台總部,1960,6,14,30.2,
HKO,香港天文台總部,1960,6,15,30.1,
HKO,香港天文台總部,1960,6,16,27.8,
HKO,香港天文台總部,1960,6,17,31.3,
HKO,香港天文台總部,1960,6,18,31.2,
HKO,香港天文台總部,1960,6,19,31.9,
HKO,香港天文台總部,1960,6,20,32.0,
HKO,香港天文台總部,1960,6,21,31.8,
HKO,香港天文台總部,1960,6,22,32.9,
HKO,香港天文台總部,1960,6,23,32.6,
HKO,香港天文台總部,1960,6,24,31.4,
HKO,香港天文台總部,1960,6,25,29.8,
HKO,香港天文台總部,1960,6,26,29.3,
HKO,香港天文台總部,1960,6,27,31.0,
HKO,香港天文台總部,1960,6,28,30.7,
HKO,香港天文台總部,1960,6,29,28.2,
HKO,香港天文台總部,1960,6,30,29.3,
HKO,香港天文台總部,1960,7,1,28.9,
HKO,香港天文台總部,1960,7,2,29.6,
HKO,香港天文台總部,1960,7,3,29.7,
HKO,香港天文台總部,1960,7,4,30.4,
HKO,香港天文台總部,1960,7,5,31.1,
HKO,香港天文台總部,1960,7,6,31.7,
HKO,香港天文台總部,1960,7,7,32.2,
HKO,香港天文台總部,1960,7,8,30.9,
HKO,香港天文台總部,1960,7,9,31.5,
HKO,香港天文台總部,1960,7,10,31.9,
HKO,香港天文台總部,1960,7,11,32.0,
HKO,香港天文台總部,1960,7,12,33.0,
HKO,香港天文台總部,1960,7,13,33.0,
HKO,香港天文台總部,1960,7,14,31.2,
HKO,香港天文台總部,1960,7,15,31.4,
HKO,香港天文台總部,1960,7,16,32.8,
HKO,香港天文台總部,1960,7,17,33.4,
HKO,香港天文台總部,1960,7,18,33.6,
HKO,香港天文台總部,1960,7,19,33.0,
HKO,香港天文台總部,1960,7,20,34.0,
HKO,香港天文台總部,1960,7,21,33.5,
HKO,香港天文台總部,1960,7,22,33.9,
HKO,香港天文台總部,1960,7,23,32.7,
HKO,香港天文台總部,1960,7,24,34.4,
HKO,香港天文台總部,1960,7,25,34.4,
HKO,香港天文台總部,1960,7,26,34.5,
HKO,香港天文台總部,1960,7,27,32.9,
HKO,香港天文台總部,1960,7,28,32.6,
HKO,香港天文台總部,1960,7,29,30.7,
HKO,香港天文台總部,1960,7,30,30.6,
HKO,香港天文台總部,1960,7,31,33.1,
HKO,香港天文台總部,1960,8,1,33.8,
HKO,香港天文台總部,1960,8,2,32.2,
HKO,香港天文台總部,1960,8,3,33.2,
HKO,香港天文台總部,1960,8,4,33.3,
HKO,香港天文台總部,1960,8,5,31.1,
HKO,香港天文台總部,1960,8,6,31.7,
HKO,香港天文台總部,1960,8,7,31.5,
HKO,香港天文台總部,1960,8,8,32.3,
HKO,香港天文台總部,1960,8,9,32.7,
HKO,香港天文台總部,1960,8,10,28.4,
HKO,香港天文台總部,1960,8,11,27.5,
HKO,香港天文台總部,1960,8,12,26.9,
HKO,香港天文台總部,1960,8,13,29.9,
HKO,香港天文台總部,1960,8,14,31.6,
HKO,香港天文台總部,1960,8,15,29.3,
HKO,香港天文台總部,1960,8,16,30.3,
HKO,香港天文台總部,1960,8,17,30.9,
HKO,香港天文台總部,1960,8,18,32.7,
HKO,香港天文台總部,1960,8,19,31.2,
HKO,香港天文台總部,1960,8,20,32.4,
HKO,香港天文台總部,1960,8,21,33.8,
HKO,香港天文台總部,1960,8,22,35.4,
HKO,香港天文台總部,1960,8,23,34.2,
HKO,香港天文台總部,1960,8,24,31.0,
HKO,香港天文台總部,1960,8,25,27.7,
HKO,香港天文台總部,1960,8,26,27.9,
HKO,香港天文台總部,1960,8,27,27.8,
HKO,香港天文台總部,1960,8,28,28.0,
HKO,香港天文台總部,1960,8,29,30.8,
HKO,香港天文台總部,1960,8,30,29.9,
HKO,香港天文台總部,1960,8,31,31.8,
HKO,香港天文台總部,1960,9,1,32.9,
HKO,香港天文台總部,1960,9,2,31.0,
HKO,香港天文台總部,1960,9,3,33.4,
HKO,香港天文台總部,1960,9,4,29.4,
HKO,香港天文台總部,1960,9,5,30.2,
HKO,香港天文台總部,1960,9,6,31.1,
HKO,香港天文台總部,1960,9,7,30.7,
HKO,香港天文台總部,1960,9,8,30.6,
HKO,香港天文台總部,1960,9,9,31.7,
HKO,香港天文台總部,1960,9,10,30.1,
HKO,香港天文台總部,1960,9,11,30.2,
HKO,香港天文台總部,1960,9,12,32.1,
HKO,香港天文台總部,1960,9,13,32.2,
HKO,香港天文台總部,1960,9,14,32.1,
HKO,香港天文台總部,1960,9,15,28.6,
HKO,香港天文台總部,1960,9,16,28.4,
HKO,香港天文台總部,1960,9,17,29.3,
HKO,香港天文台總部,1960,9,18,31.1,
HKO,香港天文台總部,1960,9,19,29.0,
HKO,香港天文台總部,1960,9,20,29.9,
HKO,香港天文台總部,1960,9,21,30.7,
HKO,香港天文台總部,1960,9,22,31.5,
HKO,香港天文台總部,1960,9,23,29.9,
HKO,香港天文台總部,1960,9,24,31.0,
HKO,香港天文台總部,1960,9,25,27.2,
HKO,香港天文台總部,1960,9,26,28.2,
HKO,香港天文台總部,1960,9,27,29.3,
HKO,香港天文台總部,1960,9,28,30.6,
HKO,香港天文台總部,1960,9,29,31.1,
HKO,香港天文台總部,1960,9,30,30.9,
HKO,香港天文台總部,1961,6,1,30.6,
HKO,香港天文台總部,1961,6,2,31.2,
HKO,香港天文台總部,1961,6,3,29.5,
HKO,香港天文台總部,1961,6,4,29.2,
HKO,香港天文台總部,1961,6,5,29.0,
HKO,香港天文台總部,1961,6,6,28.7,
HKO,香港天文台總部,1961,6,7,30.5,
HKO,香港天文台總部,1961,6,8,29.2,
HKO,香港天文台總部,1961,6,9,31.3,
HKO,香港天文台總部,1961,6,10,29.9,
HKO,香港天文台總部,1961,6,11,30.3,
HKO,香港天文台總部,1961,6,12,29.7,
HKO,香港天文台總部,1961,6,13,29.7,
HKO,香港天文台總部,1961,6,14,31.5,
HKO,香港天文台總部,1961,6,15,32.8,
HKO,香港天文台總部,1961,6,16,33.3,
HKO,香港天文台總部,1961,6,17,33.1,
HKO,香港天文台總部,1961,6,18,33.6,
HKO,香港天文台總部,1961,6,19,31.9,
HKO,香港天文台總部,1961,6,20,32.5,
HKO,香港天文台總部,1961,6,21,33.6,
HKO,香港天文台總部,1961,6,22,33.5,
HKO,香港天文台總部,1961,6,23,32.7,
HKO,香港天文台總部,1961,6,24,31.3,
HKO,香港天文台總部,1961,6,25,31.6,
HKO,香港天文台總部,1961,6,26,33.2,
HKO,香港天文台總部,1961,6,27,33.0,
HKO,香港天文台總部,1961,6,28,33.2,
HKO,香港天文台總部,1961,6,29,32.4,
HKO,香港天文台總部,1961,6,30,33.8,
HKO,香港天文台總部,1961,7,1,34.2,
HKO,香港天文台總部,1961,7,2,28.1,
HKO,香港天文台總部,1961,7,3,31.0,
HKO,香港天文台總部,1961,7,4,32.6,
HKO,香港天文台總部,1961,7,5,31.8,
HKO,香港天文台總部,1961,7,6,32.2,
HKO,香港天文台總部,1961,7,7,32.5,
HKO,香港天文台總部,1961,7,8,32.4,
HKO,香港天文台總部,1961,7,9,28.8,
HKO,香港天文台總部,1961,7,10,32.0,
HKO,香港天文台總部,1961,7,11,31.8,
HKO,香港天文台總部,1961,7,12,31.7,
HKO,香港天文台總部,1961,7,13,33.1,
HKO,香港天文台總部,1961,7,14,32.7,
HKO,香港天文台總部,1961,7,15,28.0,
HKO,香港天文台總部,1961,7,16,29.7,
HKO,香港天文台總部,1961,7,17,29.9,
HKO,香港天文台總部,1961,7,18,31.8,
HKO,香港天文台總部,1961,7,19,27.4,
HKO,香港天文台總部,1961,7,20,31.1,
HKO,香港天文台總部,1961,7,21,32.2,
HKO,香港天文台總部,1961,7,22,33.5,
HKO,香港天文台總部,1961,7,23,33.4,
HKO,香港天文台總部,1961,7,24,32.7,
HKO,香港天文台總部,1961,7,25,31.9,
HKO,香港天文台總部,1961,7,26,31.9,
HKO,香港天文台總部,1961,7,27,32.6,
HKO,香港天文台總部,1961,7,28,33.2,
HKO,香港天文台總部,1961,7,29,29.4,
HKO,香港天文台總部,1961,7,30,27.3,
HKO,香港天文台總部,1961,7,31,27.0,
HKO,香港天文台總部,1961,8,1,29.1,
HKO,香港天文台總部,1961,8,2,29.8,
HKO,香港天文台總部,1961,8,3,29.2,
HKO,香港天文台總部,1961,8,4,31.6,
HKO,香港天文台總部,1961,8,5,29.8,
HKO,香港天文台總部,1961,8,6,30.9,
HKO,香港天文台總部,1961,8,7,32.5,
HKO,香港天文台總部,1961,8,8,32.6,
HKO,香港天文台總部,1961,8,9,31.6,
HKO,香港天文台總部,1961,8,10,30.8,
HKO,香港天文台總部,1961,8,11,32.8,
HKO,香港天文台總部,1961,8,12,29.5,
HKO,香港天文台總部,1961,8,13,31.2,
HKO,香港天文台總部,1961,8,14,30.8,
HKO,香港天文台總部,1961,8,15,32.0,
HKO,香港天文台總部,1961,8,16,31.8,
HKO,香港天文台總部,1961,8,17,29.8,
HKO,香港天文台總部,1961,8,18,29.8,
HKO,香港天文台總部,1961,8,19,31.3,
HKO,香港天文台總部,1961,8,20,30.4,
HKO,香港天文台總部,1961,8,21,30.6,
HKO,香港天文台總部,1961,8,22,32.3,
HKO,香港天文台總部,1961,8,23,32.7,
HKO,香港天文台總部,1961,8,24,33.4,
HKO,香港天文台總部,1961,8,25,31.6,
HKO,香港天文台總部,1961,8,26,30.2,
HKO,香港天文台總部,1961,8,27,29.9,
HKO,香港天文台總部,1961,8,28,29.1,
HKO,香港天文台總部,1961,8,29,28.6,
HKO,香港天文台總部,1961,8,30,29.2,
HKO,香港天文台總部,1961,8,31,30.7,
HKO,香港天文台總部,1961,9,1,27.6,
HKO,香港天文台總部,1961,9,2,28.8,
HKO,香港天文台總部,1961,9,3,30.3,
HKO,香港天文台總部,1961,9,4,29.0,
HKO,香港天文台總部,1961,9,5,27.7,
HKO,香港天文台總部,1961,9,6,31.4,
HKO,香港天文台總部,1961,9,7,30.7,
HKO,香港天文台總部,1961,9,8,30.7,
HKO,香港天文台總部,1961,9,9,26.8,
HKO,香港天文台總部,1961,9,10,24.3,
HKO,香港天文台總部,1961,9,11,30.5,
HKO,香港天文台總部,1961,9,12,30.9,
HKO,香港天文台總部,1961,9,13,32.5,
HKO,香港天文台總部,1961,9,14,31.2,
HKO,香港天文台總部,1961,9,15,31.2,
HKO,香港天文台總部,1961,9,16,28.2,
HKO,香港天文台總部,1961,9,17,28.8,
HKO,香港天文台總部,1961,9,18,29.6,
HKO,香港天文台總部,1961,9,19,26.4,
HKO,香港天文台總部,1961,9,20,29.6,
HKO,香港天文台總部,1961,9,21,28.1,
HKO,香港天文台總部,1961,9,22,29.6,
HKO,香港天文台總部,1961,9,23,31.7,
HKO,香港天文台總部,1961,9,24,27.5,
HKO,香港天文台總部,1961,9,25,31.3,
HKO,香港天文台總部,1961,9,26,31.5,
HKO,香港天文台總部,1961,9,27,31.7,
HKO,香港天文台總部,1961,9,28,34.0,
HKO,香港天文台總部,1961,9,29,31.7,
HKO,香港天文台總部,1961,9,30,28.2,
HKO,香港天文台總部,1962,6,1,27.4,
HKO,香港天文台總部,1962,6,2,30.9,
HKO,香港天文台總部,1962,6,3,32.4,
HKO,香港天文台總部,1962,6,4,33.0,
HKO,香港天文台總部,1962,6,5,33.2,
HKO,香港天文台總部,1962,6,6,29.8,
HKO,香港天文台總部,1962,6,7,26.8,
HKO,香港天文台總部,1962,6,8,29.0,
HKO,香港天文台總部,1962,6,9,27.0,
HKO,香港天文台總部,1962,6,10,27.6,
HKO,香港天文台總部,1962,6,11,28.5,
HKO,香港天文台總部,1962,6,12,28.4,
HKO,香港天文台總部,1962,6,13,27.2,
HKO,香港天文台總部,1962,6,14,27.9,
HKO,香港天文台總部,1962,6,15,30.1,
HKO,香港天文台總部,1962,6,16,28.4,
HKO,香港天文台總部,1962,6,17,28.6,
HKO,香港天文台總部,1962,6,18,29.9,
HKO,香港天文台總部,1962,6,19,28.0,
HKO,香港天文台總部,1962,6,20,31.0,
HKO,香港天文台總部,1962,6,21,31.6,
HKO,香港天文台總部,1962,6,22,32.3,
HKO,香港天文台總部,1962,6,23,31.6,
HKO,香港天文台總部,1962,6,24,31.6,
HKO,香港天文台總部,1962,6,25,31.3,
HKO,香港天文台總部,1962,6,26,32.2,
HKO,香港天文台總部,1962,6,27,31.4,
HKO,香港天文台總部,1962,6,28,31.4,
HKO,香港天文台總部,1962,6,29,29.7,
HKO,香港天文台總部,1962,6,30,30.1,
HKO,香港天文台總部,1962,7,1,30.5,
HKO,香港天文台總部,1962,7,2,32.2,
HKO,香港天文台總部,1962,7,3,32.4,
HKO,香港天文台總部,1962,7,4,31.8,
HKO,香港天文台總部,1962,7,5,32.6,
HKO,香港天文台總部,1962,7,6,32.4,
HKO,香港天文台總部,1962,7,7,33.2,
HKO,香港天文台總部,1962,7,8,33.0,
HKO,香港天文台總部,1962,7,9,33.2,
HKO,香港天文台總部,1962,7,10,32.9,
HKO,香港天文台總部,1962,7,11,30.0,
HKO,香港天文台總部,1962,7,12,30.9,
HKO,香港天文台總部,1962,7,13,30.9,
HKO,香港天文台總部,1962,7,14,32.8,
HKO,香港天文台總部,1962,7,15,32.8,
HKO,香港天文台總部,1962,7,16,33.2,
HKO,香港天文台總部,1962,7,17,32.1,
HKO,香港天文台總部,1962,7,18,34.0,
HKO,香港天文台總部,1962,7,19,33.3,
HKO,香港天文台總部,1962,7,20,34.4,
HKO,香港天文台總部,1962,7,21,32.7,
HKO,香港天文台總部,1962,7,22,33.2,
HKO,香港天文台總部,1962,7,23,33.5,
HKO,香港天文台總部,1962,7,24,33.2,
HKO,香港天文台總部,1962,7,25,32.4,
HKO,香港天文台總部,1962,7,26,30.1,
HKO,香港天文台總部,1962,7,27,30.4,
HKO,香港天文台總部,1962,7,28,32.6,
HKO,香港天文台總部,1962,7,29,33.4,
HKO,香港天文台總部,1962,7,30,32.7,
HKO,香港天文台總部,1962,7,31,32.2,
HKO,香港天文台總部,1962,8,1,33.1,
HKO,香港天文台總部,1962,8,2,34.1,
HKO,香港天文台總部,1962,8,3,32.8,
HKO,香港天文台總部,1962,8,4,32.2,
HKO,香港天文台總部,1962,8,5,32.8,
HKO,香港天文台總部,1962,8,6,33.6,
HKO,香港天文台總部,1962,8,7,31.5,
HKO,香港天文台總部,1962,8,8,29.2,
HKO,香港天文台總部,1962,8,9,31.6,
HKO,香港天文台總部,1962,8,10,30.0,
HKO,香港天文台總部,1962,8,11,31.5,
HKO,香港天文台總部,1962,8,12,32.2,
HKO,香港天文台總部,1962,8,13,31.6,
HKO,香港天文台總部,1962,8,14,32.7,
HKO,香港天文台總部,1962,8,15,32.2,
HKO,香港天文台總部,1962,8,16,32.2,
HKO,香港天文台總部,1962,8,17,33.2,
HKO,香港天文台總部,1962,8,18,33.5,
HKO,香港天文台總部,1962,8,19,33.1,
HKO,香港天文台總部,1962,8,20,33.2,
HKO,香港天文台總部,1962,8,21,33.4,
HKO,香港天文台總部,1962,8,22,33.5,
HKO,香港天文台總部,1962,8,23,32.3,
HKO,香港天文台總部,1962,8,24,33.9,
HKO,香港天文台總部,1962,8,25,33.5,
HKO,香港天文台總部,1962,8,26,33.7,
HKO,香港天文台總部,1962,8,27,33.9,
HKO,香港天文台總部,1962,8,28,34.3,
HKO,香港天文台總部,1962,8,29,31.7,
HKO,香港天文台總部,1962,8,30,32.9,
HKO,香港天文台總部,1962,8,31,35.5,
HKO,香港天文台總部,1962,9,1,26.5,
HKO,香港天文台總部,1962,9,2,27.2,
HKO,香港天文台總部,1962,9,3,27.0,
HKO,香港天文台總部,1962,9,4,32.0,
HKO,香港天文台總部,1962,9,5,33.8,
HKO,香港天文台總部,1962,9,6,31.1,
HKO,香港天文台總部,1962,9,7,32.6,
HKO,香港天文台總部,1962,9,8,31.8,
HKO,香港天文台總部,1962,9,9,26.6,
HKO,香港天文台總部,1962,9,10,27.7,
HKO,香港天文台總部,1962,9,11,30.0,
HKO,香港天文台總部,1962,9,12,31.4,
HKO,香港天文台總部,1962,9,13,31.7,
HKO,香港天文台總部,1962,9,14,30.9,
HKO,香港天文台總部,1962,9,15,30.2,
HKO,香港天文台總部,1962,9,16,29.3,
HKO,香港天文台總部,1962,9,17,30.4,
HKO,香港天文台總部,1962,9,18,32.0,
HKO,香港天文台總部,1962,9,19,32.1,
HKO,香港天文台總部,1962,9,20,31.9,
HKO,香港天文台總部,1962,9,21,30.5,
HKO,香港天文台總部,1962,9,22,29.7,
HKO,香港天文台總部,1962,9,23,29.7,
HKO,香港天文台總部,1962,9,24,31.7,
HKO,香港天文台總部,1962,9,25,31.5,
HKO,香港天文台總部,1962,9,26,29.9,
HKO,香港天文台總部,1962,9,27,29.5,
HKO,香港天文台總部,1962,9,28,29.4,
HKO,香港天文台總部,1962,9,29,31.9,
HKO,香港天文台總部,1962,9,30,29.7,
HKO,香港天文台總部,1963,6,1,35.6,
HKO,香港天文台總部,1963,6,2,33.7,
HKO,香港天文台總部,1963,6,3,31.7,
HKO,香港天文台總部,1963,6,4,28.1,
HKO,香港天文台總部,1963,6,5,30.2,
HKO,香港天文台總部,1963,6,6,30.7,
HKO,香港天文台總部,1963,6,7,29.5,
HKO,香港天文台總部,1963,6,8,31.2,
HKO,香港天文台總部,1963,6,9,30.8,
HKO,香港天文台總部,1963,6,10,30.8,
HKO,香港天文台總部,1963,6,11,31.9,
HKO,香港天文台總部,1963,6,12,32.9,
HKO,香港天文台總部,1963,6,13,31.6,
HKO,香港天文台總部,1963,6,14,31.3,
HKO,香港天文台總部,1963,6,15,27.6,
HKO,香港天文台總部,1963,6,16,29.8,
HKO,香港天文台總部,1963,6,17,28.7,
HKO,香港天文台總部,1963,6,18,29.5,
HKO,香港天文台總部,1963,6,19,32.0,
HKO,香港天文台總部,1963,6,20,31.3,
HKO,香港天文台總部,1963,6,21,30.9,
HKO,香港天文台總部,1963,6,22,32.2,
HKO,香港天文台總部,1963,6,23,31.7,
HKO,香港天文台總部,1963,6,24,32.8,
HKO,香港天文台總部,1963,6,25,31.2,
HKO,香港天文台總部,1963,6,26,29.1,
HKO,香港天文台總部,1963,6,27,32.2,
HKO,香港天文台總部,1963,6,28,31.3,
HKO,香港天文台總部,1963,6,29,32.4,
HKO,香港天文台總部,1963,6,30,33.0,
HKO,香港天文台總部,1963,7,1,31.9,
HKO,香港天文台總部,1963,7,2,28.2,
HKO,香港天文台總部,1963,7,3,29.4,
HKO,香港天文台總部,1963,7,4,30.0,
HKO,香港天文台總部,1963,7,5,30.7,
HKO,香港天文台總部,1963,7,6,31.6,
HKO,香港天文台總部,1963,7,7,32.1,
HKO,香港天文台總部,1963,7,8,32.4,
HKO,香港天文台總部,1963,7,9,31.8,
HKO,香港天文台總部,1963,7,10,31.8,
HKO,香港天文台總部,1963,7,11,32.4,
HKO,香港天文台總部,1963,7,12,31.4,
HKO,香港天文台總部,1963,7,13,30.2,
HKO,香港天文台總部,1963,7,14,30.2,
HKO,香港天文台總部,1963,7,15,32.0,
HKO,香港天文台總部,1963,7,16,33.6,
HKO,香港天文台總部,1963,7,17,33.4,
HKO,香港天文台總部,1963,7,18,31.4,
HKO,香港天文台總部,1963,7,19,28.3,
HKO,香港天文台總部,1963,7,20,26.8,
HKO,香港天文台總部,1963,7,21,29.8,
HKO,香港天文台總部,1963,7,22,27.7,
HKO,香港天文台總部,1963,7,23,28.6,
HKO,香港天文台總部,1963,7,24,29.8,
HKO,香港天文台總部,1963,7,25,29.8,
HKO,香港天文台總部,1963,7,26,31.6,
HKO,香港天文台總部,1963,7,27,31.3,
HKO,香港天文台總部,1963,7,28,31.1,
HKO,香港天文台總部,1963,7,29,30.9,
HKO,香港天文台總部,1963,7,30,33.1,
HKO,香港天文台總部,1963,7,31,31.0,
HKO,香港天文台總部,1963,8,1,30.3,
HKO,香港天文台總部,1963,8,2,30.1,
HKO,香港天文台總部,1963,8,3,31.4,
HKO,香港天文台總部,1963,8,4,32.2,
HKO,香港天文台總部,1963,8,5,32.9,
HKO,香港天文台總部,1963,8,6,32.9,
HKO,香港天文台總部,1963,8,7,32.6,
HKO,香港天文台總部,1963,8,8,32.9,
HKO,香港天文台總部,1963,8,9,28.4,
HKO,香港天文台總部,1963,8,10,29.5,
HKO,香港天文台總部,1963,8,11,32.2,
HKO,香港天文台總部,1963,8,12,30.1,
HKO,香港天文台總部,1963,8,13,32.4,
HKO,香港天文台總部,1963,8,14,33.0,
HKO,香港天文台總部,1963,8,15,31.8,
HKO,香港天文台總部,1963,8,16,30.7,
HKO,香港天文台總部,1963,8,17,31.1,
HKO,香港天文台總部,1963,8,18,32.2,
HKO,香港天文台總部,1963,8,19,31.9,
HKO,香港天文台總部,1963,8,20,33.2,
HKO,香港天文台總部,1963,8,21,31.7,
HKO,香港天文台總部,1963,8,22,32.5,
HKO,香港天文台總部,1963,8,23,31.8,
HKO,香港天文台總部,1963,8,24,33.3,
HKO,香港天文台總部,1963,8,25,33.2,
HKO,香港天文台總部,1963,8,26,33.3,
HKO,香港天文台總部,1963,8,27,33.9,
HKO,香港天文台總部,1963,8,28,34.2,
HKO,香港天文台總部,1963,8,29,31.9,
HKO,香港天文台總部,1963,8,30,33.1,
HKO,香港天文台總部,1963,8,31,32.7,
HKO,香港天文台總部,1963,9,1,33.1,
HKO,香港天文台總部,1963,9,2,33.6,
HKO,香港天文台總部,1963,9,3,33.8,
HKO,香港天文台總部,1963,9,4,33.8,
HKO,香港天文台總部,1963,9,5,35.2,
HKO,香港天文台總部,1963,9,6,30.8,
HKO,香港天文台總部,1963,9,7,28.3,
HKO,香港天文台總部,1963,9,8,28.0,
HKO,香港天文台總部,1963,9,9,31.0,
HKO,香港天文台總部,1963,9,10,32.8,
HKO,香港天文台總部,1963,9,11,33.7,
HKO,香港天文台總部,1963,9,12,34.2,
HKO,香港天文台總部,1963,9,13,33.1,
HKO,香港天文台總部,1963,9,14,29.8,
HKO,香港天文台總部,1963,9,15,27.0,
HKO,香港天文台總部,1963,9,16,29.4,
HKO,香港天文台總部,1963,9,17,32.1,
HKO,香港天文台總部,1963,9,18,33.9,
HKO,香港天文台總部,1963,9,19,32.4,
HKO,香港天文台總部,1963,9,20,32.2,
HKO,香港天文台總部,1963,9,21,32.3,
HKO,香港天文台總部,1963,9,22,31.6,
HKO,香港天文台總部,1963,9,23,30.6,
HKO,香港天文台總部,1963,9,24,32.3,
HKO,香港天文台總部,1963,9,25,31.3,
HKO,香港天文台總部,1963,9,26,31.4,
HKO,香港天文台總部,1963,9,27,30.8,
HKO,香港天文台總部,1963,9,28,30.1,
HKO,香港天文台總部,1963,9,29,29.9,
HKO,香港天文台總部,1963,9,30,30.8,
HKO,香港天文台總部,1964,6,1,32.1,
HKO,香港天文台總部,1964,6,2,31.4,
HKO,香港天文台總部,1964,6,3,27.5,
HKO,香港天文台總部,1964,6,4,25.3,
HKO,香港天文台總部,1964,6,5,26.5,
HKO,香港天文台總部,1964,6,6,28.7,
HKO,香港天文台總部,1964,6,7,27.4,
HKO,香港天文台總部,1964,6,8,31.2,
HKO,香港天文台總部,1964,6,9,29.2,
HKO,香港天文台總部,1964,6,10,30.8,
HKO,香港天文台總部,1964,6,11,29.0,
HKO,香港天文台總部,1964,6,12,27.5,
HKO,香港天文台總部,1964,6,13,29.7,
HKO,香港天文台總部,1964,6,14,29.6,
HKO,香港天文台總部,1964,6,15,29.0,
HKO,香港天文台總部,1964,6,16,29.5,
HKO,香港天文台總部,1964,6,17,30.5,
HKO,香港天文台總部,1964,6,18,31.0,
HKO,香港天文台總部,1964,6,19,30.5,
HKO,香港天文台總部,1964,6,20,30.8,
HKO,香港天文台總部,1964,6,21,31.2,
HKO,香港天文台總部,1964,6,22,32.4,
HKO,香港天文台總部,1964,6,23,31.6,
HKO,香港天文台總部,1964,6,24,31.6,
HKO,香港天文台總部,1964,6,25,32.5,
HKO,香港天文台總部,1964,6,26,30.3,
HKO,香港天文台總部,1964,6,27,30.7,
HKO,香港天文台總部,1964,6,28,31.2,
HKO,香港天文台總部,1964,6,29,32.9,
HKO,香港天文台總部,1964,6,30,32.9,
HKO,香港天文台總部,1964,7,1,30.5,
HKO,香港天文台總部,1964,7,2,27.7,
HKO,香港天文台總部,1964,7,3,28.9,
HKO,香港天文台總部,1964,7,4,31.3,
HKO,香港天文台總部,1964,7,5,31.8,
HKO,香港天文台總部,1964,7,6,31.9,
HKO,香港天文台總部,1964,7,7,31.6,
HKO,香港天文台總部,1964,7,8,31.8,
HKO,香港天文台總部,1964,7,9,32.1,
HKO,香港天文台總部,1964,7,10,31.3,
HKO,香港天文台總部,1964,7,11,31.9,
HKO,香港天文台總部,1964,7,12,32.3,
HKO,香港天文台總部,1964,7,13,33.4,
HKO,香港天文台總部,1964,7,14,32.0,
HKO,香港天文台總部,1964,7,15,31.7,
HKO,香港天文台總部,1964,7,16,31.8,
HKO,香港天文台總部,1964,7,17,31.7,
HKO,香港天文台總部,1964,7,18,32.7,
HKO,香港天文台總部,1964,7,19,32.6,
HKO,香港天文台總部,1964,7,20,33.3,
HKO,香港天文台總部,1964,7,21,31.9,
HKO,香港天文台總部,1964,7,22,31.2,
HKO,香港天文台總部,1964,7,23,31.8,
HKO,香港天文台總部,1964,7,24,32.7,
HKO,香港天文台總部,1964,7,25,33.4,
HKO,香港天文台總部,1964,7,26,32.1,
HKO,香港天文台總部,1964,7,27,32.7,
HKO,香港天文台總部,1964,7,28,33.3,
HKO,香港天文台總部,1964,7,29,33.3,
HKO,香港天文台總部,1964,7,30,33.4,
HKO,香港天文台總部,1964,7,31,33.6,
HKO,香港天文台總部,1964,8,1,32.7,
HKO,香港天文台總部,1964,8,2,30.0,
HKO,香港天文台總部,1964,8,3,32.0,
HKO,香港天文台總部,1964,8,4,32.1,
HKO,香港天文台總部,1964,8,5,30.9,
HKO,香港天文台總部,1964,8,6,31.8,
HKO,香港天文台總部,1964,8,7,33.9,
HKO,香港天文台總部,1964,8,8,31.1,
HKO,香港天文台總部,1964,8,9,30.7,
HKO,香港天文台總部,1964,8,10,29.8,
HKO,香港天文台總部,1964,8,11,30.2,
HKO,香港天文台總部,1964,8,12,30.6,
HKO,香港天文台總部,1964,8,13,32.5,
HKO,香港天文台總部,1964,8,14,28.0,
HKO,香港天文台總部,1964,8,15,27.0,
HKO,香港天文台總部,1964,8,16,26.6,
HKO,香港天文台總部,1964,8,17,28.3,
HKO,香港天文台總部,1964,8,18,28.7,
HKO,香港天文台總部,1964,8,19,31.6,
HKO,香港天文台總部,1964,8,20,33.1,
HKO,香港天文台總部,1964,8,21,32.2,
HKO,香港天文台總部,1964,8,22,29.9,
HKO,香港天文台總部,1964,8,23,30.6,
HKO,香港天文台總部,1964,8,24,31.2,
HKO,香港天文台總部,1964,8,25,32.0,
HKO,香港天文台總部,1964,8,26,32.1,
HKO,香港天文台總部,1964,8,27,31.6,
HKO,香港天文台總部,1964,8,28,33.1,
HKO,香港天文台總部,1964,8,29,30.9,
HKO,香港天文台總部,1964,8,30,31.8,
HKO,香港天文台總部,1964,8,31,32.2,
HKO,香港天文台總部,1964,9,1,31.9,
HKO,香港天文台總部,1964,9,2,31.0,
HKO,香港天文台總部,1964,9,3,32.4,
HKO,香港天文台總部,1964,9,4,33.2,
HKO,香港天文台總部,1964,9,5,27.2,
HKO,香港天文台總部,1964,9,6,29.6,
HKO,香港天文台總部,1964,9,7,31.5,
HKO,香港天文台總部,1964,9,8,31.7,
HKO,香港天文台總部,1964,9,9,33.0,
HKO,香港天文台總部,1964,9,10,30.5,
HKO,香港天文台總部,1964,9,11,27.2,
HKO,香港天文台總部,1964,9,12,29.2,
HKO,香港天文台總部,1964,9,13,31.2,
HKO,香港天文台總部,1964,9,14,31.3,
HKO,香港天文台總部,1964,9,15,30.4,
HKO,香港天文台總部,1964,9,16,29.4,
HKO,香港天文台總部,1964,9,17,28.3,
HKO,香港天文台總部,1964,9,18,30.5,
HKO,香港天文台總部,1964,9,19,29.6,
HKO,香港天文台總部,1964,9,20,29.6,
HKO,香港天文台總部,1964,9,21,28.9,
HKO,香港天文台總部,1964,9,22,28.7,
HKO,香港天文台總部,1964,9,23,31.0,
HKO,香港天文台總部,1964,9,24,29.8,
HKO,香港天文台總部,1964,9,25,29.3,
HKO,香港天文台總部,1964,9,26,31.3,
HKO,香港天文台總部,1964,9,27,27.8,
HKO,香港天文台總部,1964,9,28,27.8,
HKO,香港天文台總部,1964,9,29,27.6,
HKO,香港天文台總部,1964,9,30,30.2,
HKO,香港天文台總部,1965,6,1,28.6,
HKO,香港天文台總部,1965,6,2,28.7,
HKO,香港天文台總部,1965,6,3,28.3,
HKO,香港天文台總部,1965,6,4,32.2,
HKO,香港天文台總部,1965,6,5,27.5,
HKO,香港天文台總部,1965,6,6,27.7,
HKO,香港天文台總部,1965,6,7,27.0,
HKO,香港天文台總部,1965,6,8,27.9,
HKO,香港天文台總部,1965,6,9,26.5,
HKO,香港天文台總部,1965,6,10,28.0,
HKO,香港天文台總部,1965,6,11,29.0,
HKO,香港天文台總部,1965,6,12,30.1,
HKO,香港天文台總部,1965,6,13,29.7,
HKO,香港天文台總部,1965,6,14,29.4,
HKO,香港天文台總部,1965,6,15,28.5,
HKO,香港天文台總部,1965,6,16,30.0,
HKO,香港天文台總部,1965,6,17,30.7,
HKO,香港天文台總部,1965,6,18,31.8,
HKO,香港天文台總部,1965,6,19,30.8,
HKO,香港天文台總部,1965,6,20,28.3,
HKO,香港天文台總部,1965,6,21,27.2,
HKO,香港天文台總部,1965,6,22,26.9,
HKO,香港天文台總部,1965,6,23,28.6,
HKO,香港天文台總部,1965,6,24,30.4,
HKO,香港天文台總部,1965,6,25,32.6,
HKO,香港天文台總部,1965,6,26,32.5,
HKO,香港天文台總部,1965,6,27,30.4,
HKO,香港天文台總部,1965,6,28,29.4,
HKO,香港天文台總部,1965,6,29,30.6,
HKO,香港天文台總部,1965,6,30,32.6,
HKO,香港天文台總部,1965,7,1,32.7,
HKO,香港天文台總部,1965,7,2,31.7,
HKO,香港天文台總部,1965,7,3,32.2,
HKO,香港天文台總部,1965,7,4,31.1,
HKO,香港天文台總部,1965,7,5,30.8,
HKO,香港天文台總部,1965,7,6,31.7,
HKO,香港天文台總部,1965,7,7,31.8,
HKO,香港天文台總部,1965,7,8,33.4,
HKO,香港天文台總部,1965,7,9,31.9,
HKO,香港天文台總部,1965,7,10,31.9,
HKO,香港天文台總部,1965,7,11,31.7,
HKO,香港天文台總部,1965,7,12,31.6,
HKO,香港天文台總部,1965,7,13,32.7,
HKO,香港天文台總部,1965,7,14,33.2,
HKO,香港天文台總部,1965,7,15,28.3,
HKO,香港天文台總部,1965,7,16,30.4,
HKO,香港天文台總部,1965,7,17,31.6,
HKO,香港天文台總部,1965,7,18,31.9,
HKO,香港天文台總部,1965,7,19,32.2,
HKO,香港天文台總部,1965,7,20,33.3,
HKO,香港天文台總部,1965,7,21,30.8,
HKO,香港天文台總部,1965,7,22,29.9,
HKO,香港天文台總部,1965,7,23,28.3,
HKO,香港天文台總部,1965,7,24,30.6,
HKO,香港天文台總部,1965,7,25,32.4,
HKO,香港天文台總部,1965,7,26,33.0,
HKO,香港天文台總部,1965,7,27,33.1,
HKO,香港天文台總部,1965,7,28,29.0,
HKO,香港天文台總部,1965,7,29,31.4,
HKO,香港天文台總部,1965,7,30,31.4,
HKO,香港天文台總部,1965,7,31,30.1,
HKO,香港天文台總部,1965,8,1,31.8,
HKO,香港天文台總部,1965,8,2,31.4,
HKO,香港天文台總部,1965,8,3,32.6,
HKO,香港天文台總部,1965,8,4,32.3,
HKO,香港天文台總部,1965,8,5,31.3,
HKO,香港天文台總部,1965,8,6,29.7,
HKO,香港天文台總部,1965,8,7,31.0,
HKO,香港天文台總部,1965,8,8,31.0,
HKO,香港天文台總部,1965,8,9,32.2,
HKO,香港天文台總部,1965,8,10,31.4,
HKO,香港天文台總部,1965,8,11,32.1,
HKO,香港天文台總部,1965,8,12,31.8,
HKO,香港天文台總部,1965,8,13,32.0,
HKO,香港天文台總部,1965,8,14,30.7,
HKO,香港天文台總部,1965,8,15,31.3,
HKO,香港天文台總部,1965,8,16,30.8,
HKO,香港天文台總部,1965,8,17,30.2,
HKO,香港天文台總部,1965,8,18,32.1,
HKO,香港天文台總部,1965,8,19,32.1,
HKO,香港天文台總部,1965,8,20,31.7,
HKO,香港天文台總部,1965,8,21,31.6,
HKO,香港天文台總部,1965,8,22,33.4,
HKO,香港天文台總部,1965,8,23,32.6,
HKO,香港天文台總部,1965,8,24,32.2,
HKO,香港天文台總部,1965,8,25,31.7,
HKO,香港天文台總部,1965,8,26,31.9,
HKO,香港天文台總部,1965,8,27,32.7,
HKO,香港天文台總部,1965,8,28,32.4,
HKO,香港天文台總部,1965,8,29,31.6,
HKO,香港天文台總部,1965,8,30,32.2,
HKO,香港天文台總部,1965,8,31,32.3,
HKO,香港天文台總部,1965,9,1,32.7,
HKO,香港天文台總部,1965,9,2,29.8,
HKO,香港天文台總部,1965,9,3,33.0,
HKO,香港天文台總部,1965,9,4,32.8,
HKO,香港天文台總部,1965,9,5,30.5,
HKO,香港天文台總部,1965,9,6,32.4,
HKO,香港天文台總部,1965,9,7,32.1,
HKO,香港天文台總部,1965,9,8,28.1,
HKO,香港天文台總部,1965,9,9,30.2,
HKO,香港天文台總部,1965,9,10,29.7,
HKO,香港天文台總部,1965,9,11,27.0,
HKO,香港天文台總部,1965,9,12,28.6,
HKO,香港天文台總部,1965,9,13,30.1,
HKO,香港天文台總部,1965,9,14,27.1,
HKO,香港天文台總部,1965,9,15,30.7,
HKO,香港天文台總部,1965,9,16,30.8,
HKO,香港天文台總部,1965,9,17,30.8,
HKO,香港天文台總部,1965,9,18,29.8,
HKO,香港天文台總部,1965,9,19,29.5,
HKO,香港天文台總部,1965,9,20,29.6,
HKO,香港天文台總部,1965,9,21,29.9,
HKO,香港天文台總部,1965,9,22,30.0,
HKO,香港天文台總部,1965,9,23,30.1,
HKO,香港天文台總部,1965,9,24,30.0,
HKO,香港天文台總部,1965,9,25,30.5,
HKO,香港天文台總部,1965,9,26,27.0,
HKO,香港天文台總部,1965,9,27,26.6,
HKO,香港天文台總部,1965,9,28,28.2,
HKO,香港天文台總部,1965,9,29,27.3,
HKO,香港天文台總部,1965,9,30,27.5,
HKO,香港天文台總部,1966,6,1,30.9,
HKO,香港天文台總部,1966,6,2,29.4,
HKO,香港天文台總部,1966,6,3,31.3,
HKO,香港天文台總部,1966,6,4,28.1,
HKO,香港天文台總部,1966,6,5,27.2,
HKO,香港天文台總部,1966,6,6,25.2,
HKO,香港天文台總部,1966,6,7,23.7,
HKO,香港天文台總部,1966,6,8,28.3,
HKO,香港天文台總部,1966,6,9,29.1,
HKO,香港天文台總部,1966,6,10,29.7,
HKO,香港天文台總部,1966,6,11,26.3,
HKO,香港天文台總部,1966,6,12,27.3,
HKO,香港天文台總部,1966,6,13,27.3,
HKO,香港天文台總部,1966,6,14,29.5,
HKO,香港天文台總部,1966,6,15,29.5,
HKO,香港天文台總部,1966,6,16,30.8,
HKO,香港天文台總部,1966,6,17,31.4,
HKO,香港天文台總部,1966,6,18,30.9,
HKO,香港天文台總部,1966,6,19,31.4,
HKO,香港天文台總部,1966,6,20,29.7,
HKO,香港天文台總部,1966,6,21,29.7,
HKO,香港天文台總部,1966,6,22,28.8,
HKO,香港天文台總部,1966,6,23,29.2,
HKO,香港天文台總部,1966,6,24,30.7,
HKO,香港天文台總部,1966,6,25,31.2,
HKO,香港天文台總部,1966,6,26,32.1,
HKO,香港天文台總部,1966,6,27,32.6,
HKO,香港天文台總部,1966,6,28,32.8,
HKO,香港天文台總部,1966,6,29,31.4,
HKO,香港天文台總部,1966,6,30,33.4,
HKO,香港天文台總部,1966,7,1,31.2,
HKO,香港天文台總部,1966,7,2,29.6,
HKO,香港天文台總部,1966,7,3,29.9,
HKO,香港天文台總部,1966,7,4,31.3,
HKO,香港天文台總部,1966,7,5,31.5,
HKO,香港天文台總部,1966,7,6,32.9,
HKO,香港天文台總部,1966,7,7,32.6,
HKO,香港天文台總部,1966,7,8,32.2,
HKO,香港天文台總部,1966,7,9,33.2,
HKO,香港天文台總部,1966,7,10,32.5,
HKO,香港天文台總部,1966,7,11,32.7,
HKO,香港天文台總部,1966,7,12,32.5,
HKO,香港天文台總部,1966,7,13,28.4,
HKO,香港天文台總部,1966,7,14,28.8,
HKO,香港天文台總部,1966,7,15,28.9,
HKO,香港天文台總部,1966,7,16,31.2,
HKO,香港天文台總部,1966,7,17,31.0,
HKO,香港天文台總部,1966,7,18,30.7,
HKO,香港天文台總部,1966,7,19,32.1,
HKO,香港天文台總部,1966,7,20,32.3,
HKO,香港天文台總部,1966,7,21,29.6,
HKO,香港天文台總部,1966,7,22,31.7,
HKO,香港天文台總部,1966,7,23,31.5,
HKO,香港天文台總部,1966,7,24,31.3,
HKO,香港天文台總部,1966,7,25,28.7,
HKO,香港天文台總部,1966,7,26,29.7,
HKO,香港天文台總部,1966,7,27,31.9,
HKO,香港天文台總部,1966,7,28,31.7,
HKO,香港天文台總部,1966,7,29,32.6,
HKO,香港天文台總部,1966,7,30,30.2,
HKO,香港天文台總部,1966,7,31,31.8,
HKO,香港天文台總部,1966,8,1,28.0,
HKO,香港天文台總部,1966,8,2,31.2,
HKO,香港天文台總部,1966,8,3,32.2,
HKO,香港天文台總部,1966,8,4,32.4,
HKO,香港天文台總部,1966,8,5,32.4,
HKO,香港天文台總部,1966,8,6,32.6,
HKO,香港天文台總部,1966,8,7,33.3,
HKO,香港天文台總部,1966,8,8,32.8,
HKO,香港天文台總部,1966,8,9,33.2,
HKO,香港天文台總部,1966,8,10,33.6,
HKO,香港天文台總部,1966,8,11,34.0,
HKO,香港天文台總部,1966,8,12,33.9,
HKO,香港天文台總部,1966,8,13,33.9,
HKO,香港天文台總部,1966,8,14,34.4,
HKO,香港天文台總部,1966,8,15,34.7,
HKO,香港天文台總部,1966,8,16,30.9,
HKO,香港天文台總部,1966,8,17,32.9,
HKO,香港天文台總部,1966,8,18,29.6,
HKO,香港天文台總部,1966,8,19,29.0,
HKO,香港天文台總部,1966,8,20,28.8,
HKO,香港天文台總部,1966,8,21,31.9,
HKO,香港天文台總部,1966,8,22,31.2,
HKO,香港天文台總部,1966,8,23,32.0,
HKO,香港天文台總部,1966,8,24,32.1,
HKO,香港天文台總部,1966,8,25,31.9,
HKO,香港天文台總部,1966,8,26,31.7,
HKO,香港天文台總部,1966,8,27,31.5,
HKO,香港天文台總部,1966,8,28,32.6,
HKO,香港天文台總部,1966,8,29,32.2,
HKO,香港天文台總部,1966,8,30,30.9,
HKO,香港天文台總部,1966,8,31,32.5,
HKO,香港天文台總部,1966,9,1,32.1,
HKO,香港天文台總部,1966,9,2,33.5,
HKO,香港天文台總部,1966,9,3,31.6,
HKO,香港天文台總部,1966,9,4,33.2,
HKO,香港天文台總部,1966,9,5,29.6,
HKO,香港天文台總部,1966,9,6,32.1,
HKO,香港天文台總部,1966,9,7,31.7,
HKO,香港天文台總部,1966,9,8,32.6,
HKO,香港天文台總部,1966,9,9,33.0,
HKO,香港天文台總部,1966,9,10,33.4,
HKO,香港天文台總部,1966,9,11,32.6,
HKO,香港天文台總部,1966,9,12,32.4,
HKO,香港天文台總部,1966,9,13,33.3,
HKO,香港天文台總部,1966,9,14,32.2,
HKO,香港天文台總部,1966,9,15,30.9,
HKO,香港天文台總部,1966,9,16,31.1,
HKO,香港天文台總部,1966,9,17,31.7,
HKO,香港天文台總部,1966,9,18,31.4,
HKO,香港天文台總部,1966,9,19,31.3,
HKO,香港天文台總部,1966,9,20,30.4,
HKO,香港天文台總部,1966,9,21,32.0,
HKO,香港天文台總部,1966,9,22,33.9,
HKO,香港天文台總部,1966,9,23,31.9,
HKO,香港天文台總部,1966,9,24,30.5,
HKO,香港天文台總部,1966,9,25,30.6,
HKO,香港天文台總部,1966,9,26,29.4,
HKO,香港天文台總部,1966,9,27,29.6,
HKO,香港天文台總部,1966,9,28,29.3,
HKO,香港天文台總部,1966,9,29,30.0,
HKO,香港天文台總部,1966,9,30,30.0,
HKO,香港天文台總部,1967,6,1,30.8,
HKO,香港天文台總部,1967,6,2,28.9,
HKO,香港天文台總部,1967,6,3,26.7,
HKO,香港天文台總部,1967,6,4,27.4,
HKO,香港天文台總部,1967,6,5,31.6,
HKO,香港天文台總部,1967,6,6,31.7,
HKO,香港天文台總部,1967,6,7,31.6,
HKO,香港天文台總部,1967,6,8,31.4,
HKO,香港天文台總部,1967,6,9,27.3,
HKO,香港天文台總部,1967,6,10,29.2,
HKO,香港天文台總部,1967,6,11,30.8,
HKO,香港天文台總部,1967,6,12,30.5,
HKO,香港天文台總部,1967,6,13,31.5,
HKO,香港天文台總部,1967,6,14,32.0,
HKO,香港天文台總部,1967,6,15,32.0,
HKO,香港天文台總部,1967,6,16,32.0,
HKO,香港天文台總部,1967,6,17,32.2,
HKO,香港天文台總部,1967,6,18,31.5,
HKO,香港天文台總部,1967,6,19,32.3,
HKO,香港天文台總部,1967,6,20,32.3,
HKO,香港天文台總部,1967,6,21,32.8,
HKO,香港天文台總部,1967,6,22,33.1,
HKO,香港天文台總部,1967,6,23,32.9,
HKO,香港天文台總部,1967,6,24,32.9,
HKO,香港天文台總部,1967,6,25,33.7,
HKO,香港天文台總部,1967,6,26,31.4,
HKO,香港天文台總部,1967,6,27,31.6,
HKO,香港天文台總部,1967,6,28,32.2,
HKO,香港天文台總部,1967,6,29,33.5,
HKO,香港天文台總部,1967,6,30,29.4,
HKO,香港天文台總部,1967,7,1,31.8,
HKO,香港天文台總部,1967,7,2,31.3,
HKO,香港天文台總部,1967,7,3,32.3,
HKO,香港天文台總部,1967,7,4,32.5,
HKO,香港天文台總部,1967,7,5,32.6,
HKO,香港天文台總部,1967,7,6,32.1,
HKO,香港天文台總部,1967,7,7,33.3,
HKO,香港天文台總部,1967,7,8,33.2,
HKO,香港天文台總部,1967,7,9,33.9,
HKO,香港天文台總部,1967,7,10,34.0,
HKO,香港天文台總部,1967,7,11,33.8,
HKO,香港天文台總部,1967,7,12,33.4,
HKO,香港天文台總部,1967,7,13,30.2,
HKO,香港天文台總部,1967,7,14,28.6,
HKO,香港天文台總部,1967,7,15,32.7,
HKO,香港天文台總部,1967,7,16,33.0,
HKO,香港天文台總部,1967,7,17,33.7,
HKO,香港天文台總部,1967,7,18,32.6,
HKO,香港天文台總部,1967,7,19,32.6,
HKO,香港天文台總部,1967,7,20,32.5,
HKO,香港天文台總部,1967,7,21,33.2,
HKO,香港天文台總部,1967,7,22,32.9,
HKO,香港天文台總部,1967,7,23,32.5,
HKO,香港天文台總部,1967,7,24,29.7,
HKO,香港天文台總部,1967,7,25,31.4,
HKO,香港天文台總部,1967,7,26,33.1,
HKO,香港天文台總部,1967,7,27,33.7,
HKO,香港天文台總部,1967,7,28,33.5,
HKO,香港天文台總部,1967,7,29,33.6,
HKO,香港天文台總部,1967,7,30,34.0,
HKO,香港天文台總部,1967,7,31,33.5,
HKO,香港天文台總部,1967,8,1,33.1,
HKO,香港天文台總部,1967,8,2,31.4,
HKO,香港天文台總部,1967,8,3,29.5,
HKO,香港天文台總部,1967,8,4,31.6,
HKO,香港天文台總部,1967,8,5,32.6,
HKO,香港天文台總部,1967,8,6,32.3,
HKO,香港天文台總部,1967,8,7,32.5,
HKO,香港天文台總部,1967,8,8,33.5,
HKO,香港天文台總部,1967,8,9,33.2,
HKO,香港天文台總部,1967,8,10,28.8,
HKO,香港天文台總部,1967,8,11,30.9,
HKO,香港天文台總部,1967,8,12,30.4,
HKO,香港天文台總部,1967,8,13,28.4,
HKO,香港天文台總部,1967,8,14,30.1,
HKO,香港天文台總部,1967,8,15,30.2,
HKO,香港天文台總部,1967,8,16,27.9,
HKO,香港天文台總部,1967,8,17,28.5,
HKO,香港天文台總部,1967,8,18,30.3,
HKO,香港天文台總部,1967,8,19,31.4,
HKO,香港天文台總部,1967,8,20,33.0,
HKO,香港天文台總部,1967,8,21,28.9,
HKO,香港天文台總部,1967,8,22,28.4,
HKO,香港天文台總部,1967,8,23,30.6,
HKO,香港天文台總部,1967,8,24,31.3,
HKO,香港天文台總部,1967,8,25,32.2,
HKO,香港天文台總部,1967,8,26,31.8,
HKO,香港天文台總部,1967,8,27,32.4,
HKO,香港天文台總部,1967,8,28,33.0,
HKO,香港天文台總部,1967,8,29,33.5,
HKO,香港天文台總部,1967,8,30,32.4,
HKO,香港天文台總部,1967,8,31,32.5,
HKO,香港天文台總部,1967,9,1,32.1,
HKO,香港天文台總部,1967,9,2,32.2,
HKO,香港天文台總部,1967,9,3,32.6,
HKO,香港天文台總部,1967,9,4,32.3,
HKO,香港天文台總部,1967,9,5,30.5,
HKO,香港天文台總部,1967,9,6,27.2,
HKO,香港天文台總部,1967,9,7,30.4,
HKO,香港天文台總部,1967,9,8,32.7,
HKO,香港天文台總部,1967,9,9,32.1,
HKO,香港天文台總部,1967,9,10,32.4,
HKO,香港天文台總部,1967,9,11,32.4,
HKO,香港天文台總部,1967,9,12,31.9,
HKO,香港天文台總部,1967,9,13,29.7,
HKO,香港天文台總部,1967,9,14,29.1,
HKO,香港天文台總部,1967,9,15,30.2,
HKO,香港天文台總部,1967,9,16,29.5,
HKO,香港天文台總部,1967,9,17,30.5,
HKO,香港天文台總部,1967,9,18,29.3,
HKO,香港天文台總部,1967,9,19,29.6,
HKO,香港天文台總部,1967,9,20,30.4,
HKO,香港天文台總部,1967,9,21,31.0,
HKO,香港天文台總部,1967,9,22,29.5,
HKO,香港天文台總部,1967,9,23,28.2,
HKO,香港天文台總部,1967,9,24,26.1,
HKO,香港天文台總部,1967,9,25,26.9,
HKO,香港天文台總部,1967,9,26,29.3,
HKO,香港天文台總部,1967,9,27,29.4,
HKO,香港天文台總部,1967,9,28,29.7,
HKO,香港天文台總部,1967,9,29,29.4,
HKO,香港天文台總部,1967,9,30,30.3,
HKO,香港天文台總部,1968,6,1,28.6,
HKO,香港天文台總部,1968,6,2,25.8,
HKO,香港天文台總部,1968,6,3,27.8,
HKO,香港天文台總部,1968,6,4,29.9,
HKO,香港天文台總部,1968,6,5,29.3,
HKO,香港天文台總部,1968,6,6,29.2,
HKO,香港天文台總部,1968,6,7,30.1,
HKO,香港天文台總部,1968,6,8,30.4,
HKO,香港天文台總部,1968,6,9,27.3,
HKO,香港天文台總部,1968,6,10,26.4,
HKO,香港天文台總部,1968,6,11,30.6,
HKO,香港天文台總部,1968,6,12,30.1,
HKO,香港天文台總部,1968,6,13,30.6,
HKO,香港天文台總部,1968,6,14,29.0,
HKO,香港天文台總部,1968,6,15,31.4,
HKO,香港天文台總部,1968,6,16,30.2,
HKO,香港天文台總部,1968,6,17,31.1,
HKO,香港天文台總部,1968,6,18,31.3,
HKO,香港天文台總部,1968,6,19,28.8,
HKO,香港天文台總部,1968,6,20,29.8,
HKO,香港天文台總部,1968,6,21,31.8,
HKO,香港天文台總部,1968,6,22,29.8,
HKO,香港天文台總部,1968,6,23,29.4,
HKO,香港天文台總部,1968,6,24,30.8,
HKO,香港天文台總部,1968,6,25,32.2,
HKO,香港天文台總部,1968,6,26,32.4,
HKO,香港天文台總部,1968,6,27,32.7,
HKO,香港天文台總部,1968,6,28,32.4,
HKO,香港天文台總部,1968,6,29,31.1,
HKO,香港天文台總部,1968,6,30,30.3,
HKO,香港天文台總部,1968,7,1,31.9,
HKO,香港天文台總部,1968,7,2,30.6,
HKO,香港天文台總部,1968,7,3,27.8,
HKO,香港天文台總部,1968,7,4,29.2,
HKO,香港天文台總部,1968,7,5,31.4,
HKO,香港天文台總部,1968,7,6,31.8,
HKO,香港天文台總部,1968,7,7,31.1,
HKO,香港天文台總部,1968,7,8,31.4,
HKO,香港天文台總部,1968,7,9,30.5,
HKO,香港天文台總部,1968,7,10,32.1,
HKO,香港天文台總部,1968,7,11,31.7,
HKO,香港天文台總部,1968,7,12,32.0,
HKO,香港天文台總部,1968,7,13,32.7,
HKO,香港天文台總部,1968,7,14,32.1,
HKO,香港天文台總部,1968,7,15,32.4,
HKO,香港天文台總部,1968,7,16,32.9,
HKO,香港天文台總部,1968,7,17,32.3,
HKO,香港天文台總部,1968,7,18,32.8,
HKO,香港天文台總部,1968,7,19,33.0,
HKO,香港天文台總部,1968,7,20,33.4,
HKO,香港天文台總部,1968,7,21,33.6,
HKO,香港天文台總部,1968,7,22,33.1,
HKO,香港天文台總部,1968,7,23,33.6,
HKO,香港天文台總部,1968,7,24,33.8,
HKO,香港天文台總部,1968,7,25,35.7,
HKO,香港天文台總部,1968,7,26,32.9,
HKO,香港天文台總部,1968,7,27,29.8,
HKO,香港天文台總部,1968,7,28,34.1,
HKO,香港天文台總部,1968,7,29,34.1,
HKO,香港天文台總部,1968,7,30,33.8,
HKO,香港天文台總部,1968,7,31,33.4,
HKO,香港天文台總部,1968,8,1,34.0,
HKO,香港天文台總部,1968,8,2,32.1,
HKO,香港天文台總部,1968,8,3,32.8,
HKO,香港天文台總部,1968,8,4,33.3,
HKO,香港天文台總部,1968,8,5,27.8,
HKO,香港天文台總部,1968,8,6,28.0,
HKO,香港天文台總部,1968,8,7,26.6,
HKO,香港天文台總部,1968,8,8,29.1,
HKO,香港天文台總部,1968,8,9,30.2,
HKO,香港天文台總部,1968,8,10,31.9,
HKO,香港天文台總部,1968,8,11,31.5,
HKO,香港天文台總部,1968,8,12,30.8,
HKO,香港天文台總部,1968,8,13,32.2,
HKO,香港天文台總部,1968,8,14,32.5,
HKO,香港天文台總部,1968,8,15,32.7,
HKO,香港天文台總部,1968,8,16,32.4,
HKO,香港天文台總部,1968,8,17,32.4,
HKO,香港天文台總部,1968,8,18,32.2,
HKO,香港天文台總部,1968,8,19,33.2,
HKO,香港天文台總部,1968,8,20,33.7,
HKO,香港天文台總部,1968,8,21,28.6,
HKO,香港天文台總部,1968,8,22,28.6,
HKO,香港天文台總部,1968,8,23,31.1,
HKO,香港天文台總部,1968,8,24,30.8,
HKO,香港天文台總部,1968,8,25,30.0,
HKO,香港天文台總部,1968,8,26,32.9,
HKO,香港天文台總部,1968,8,27,33.3,
HKO,香港天文台總部,1968,8,28,33.4,
HKO,香港天文台總部,1968,8,29,32.0,
HKO,香港天文台總部,1968,8,30,30.8,
HKO,香港天文台總部,1968,8,31,31.7,
HKO,香港天文台總部,1968,9,1,30.6,
HKO,香港天文台總部,1968,9,2,27.8,
HKO,香港天文台總部,1968,9,3,26.8,
HKO,香港天文台總部,1968,9,4,31.5,
HKO,香港天文台總部,1968,9,5,32.3,
HKO,香港天文台總部,1968,9,6,32.5,
HKO,香港天文台總部,1968,9,7,32.8,
HKO,香港天文台總部,1968,9,8,27.4,
HKO,香港天文台總部,1968,9,9,30.0,
HKO,香港天文台總部,1968,9,10,29.7,
HKO,香港天文台總部,1968,9,11,30.6,
HKO,香港天文台總部,1968,9,12,30.6,
HKO,香港天文台總部,1968,9,13,30.0,
HKO,香港天文台總部,1968,9,14,31.5,
HKO,香港天文台總部,1968,9,15,32.0,
HKO,香港天文台總部,1968,9,16,31.9,
HKO,香港天文台總部,1968,9,17,31.5,
HKO,香港天文台總部,1968,9,18,30.3,
HKO,香港天文台總部,1968,9,19,31.7,
HKO,香港天文台總部,1968,9,20,32.2,
HKO,香港天文台總部,1968,9,21,29.5,
HKO,香港天文台總部,1968,9,22,31.1,
HKO,香港天文台總部,1968,9,23,30.8,
HKO,香港天文台總部,1968,9,24,30.2,
HKO,香港天文台總部,1968,9,25,30.7,
HKO,香港天文台總部,1968,9,26,30.7,
HKO,香港天文台總部,1968,9,27,30.8,
HKO,香港天文台總部,1968,9,28,33.3,
HKO,香港天文台總部,1968,9,29,31.3,
HKO,香港天文台總部,1968,9,30,27.2,
HKO,香港天文台總部,1969,6,1,29.6,
HKO,香港天文台總部,1969,6,2,30.5,
HKO,香港天文台總部,1969,6,3,28.2,
HKO,香港天文台總部,1969,6,4,27.9,
HKO,香港天文台總部,1969,6,5,26.0,
HKO,香港天文台總部,1969,6,6,26.4,
HKO,香港天文台總部,1969,6,7,24.5,
HKO,香港天文台總部,1969,6,8,27.1,
HKO,香港天文台總部,1969,6,9,31.7,
HKO,香港天文台總部,1969,6,10,29.7,
HKO,香港天文台總部,1969,6,11,32.0,
HKO,香港天文台總部,1969,6,12,31.7,
HKO,香港天文台總部,1969,6,13,28.8,
HKO,香港天文台總部,1969,6,14,29.5,
HKO,香港天文台總部,1969,6,15,29.6,
HKO,香港天文台總部,1969,6,16,30.9,
HKO,香港天文台總部,1969,6,17,32.3,
HKO,香港天文台總部,1969,6,18,31.0,
HKO,香港天文台總部,1969,6,19,26.2,
HKO,香港天文台總部,1969,6,20,27.7,
HKO,香港天文台總部,1969,6,21,27.2,
HKO,香港天文台總部,1969,6,22,28.0,
HKO,香港天文台總部,1969,6,23,31.8,
HKO,香港天文台總部,1969,6,24,32.1,
HKO,香港天文台總部,1969,6,25,31.9,
HKO,香港天文台總部,1969,6,26,32.5,
HKO,香港天文台總部,1969,6,27,32.2,
HKO,香港天文台總部,1969,6,28,32.5,
HKO,香港天文台總部,1969,6,29,32.4,
HKO,香港天文台總部,1969,6,30,33.7,
HKO,香港天文台總部,1969,7,1,32.3,
HKO,香港天文台總部,1969,7,2,32.2,
HKO,香港天文台總部,1969,7,3,31.5,
HKO,香港天文台總部,1969,7,4,31.4,
HKO,香港天文台總部,1969,7,5,32.5,
HKO,香港天文台總部,1969,7,6,33.0,
HKO,香港天文台總部,1969,7,7,31.7,
HKO,香港天文台總部,1969,7,8,31.7,
HKO,香港天文台總部,1969,7,9,32.8,
HKO,香港天文台總部,1969,7,10,33.2,
HKO,香港天文台總部,1969,7,11,32.5,
HKO,香港天文台總部,1969,7,12,33.0,
HKO,香港天文台總部,1969,7,13,32.2,
HKO,香港天文台總部,1969,7,14,32.2,
HKO,香港天文台總部,1969,7,15,32.4,
HKO,香港天文台總部,1969,7,16,32.6,
HKO,香港天文台總部,1969,7,17,33.0,
HKO,香港天文台總部,1969,7,18,31.6,
HKO,香港天文台總部,1969,7,19,29.5,
HKO,香港天文台總部,1969,7,20,31.5,
HKO,香港天文台總部,1969,7,21,32.8,
HKO,香港天文台總部,1969,7,22,32.9,
HKO,香港天文台總部,1969,7,23,29.3,
HKO,香港天文台總部,1969,7,24,29.5,
HKO,香港天文台總部,1969,7,25,31.7,
HKO,香港天文台總部,1969,7,26,32.2,
HKO,香港天文台總部,1969,7,27,33.8,
HKO,香港天文台總部,1969,7,28,32.8,
HKO,香港天文台總部,1969,7,29,29.7,
HKO,香港天文台總部,1969,7,30,30.5,
HKO,香港天文台總部,1969,7,31,30.8,
HKO,香港天文台總部,1969,8,1,31.8,
HKO,香港天文台總部,1969,8,2,32.9,
HKO,香港天文台總部,1969,8,3,33.2,
HKO,香港天文台總部,1969,8,4,33.3,
HKO,香港天文台總部,1969,8,5,31.0,
HKO,香港天文台總部,1969,8,6,31.7,
HKO,香港天文台總部,1969,8,7,31.5,
HKO,香港天文台總部,1969,8,8,32.1,
HKO,香港天文台總部,1969,8,9,32.9,
HKO,香港天文台總部,1969,8,10,28.5,
HKO,香港天文台總部,1969,8,11,27.7,
HKO,香港天文台總部,1969,8,12,30.8,
HKO,香港天文台總部,1969,8,13,31.1,
HKO,香港天文台總部,1969,8,14,31.7,
HKO,香港天文台總部,1969,8,15,31.8,
HKO,香港天文台總部,1969,8,16,28.3,
HKO,香港天文台總部,1969,8,17,31.6,
HKO,香港天文台總部,1969,8,18,32.2,
HKO,香港天文台總部,1969,8,19,31.6,
HKO,香港天文台總部,1969,8,20,32.2,
HKO,香港天文台總部,1969,8,21,32.2,
HKO,香港天文台總部,1969,8,22,32.7,
HKO,香港天文台總部,1969,8,23,32.4,
HKO,香港天文台總部,1969,8,24,32.3,
HKO,香港天文台總部,1969,8,25,32.2,
HKO,香港天文台總部,1969,8,26,32.2,
HKO,香港天文台總部,1969,8,27,32.8,
HKO,香港天文台總部,1969,8,28,33.2,
HKO,香港天文台總部,1969,8,29,32.5,
HKO,香港天文台總部,1969,8,30,33.0,
HKO,香港天文台總部,1969,8,31,32.4,
HKO,香港天文台總部,1969,9,1,30.9,
HKO,香港天文台總部,1969,9,2,32.0,
HKO,香港天文台總部,1969,9,3,32.3,
HKO,香港天文台總部,1969,9,4,32.7,
HKO,香港天文台總部,1969,9,5,33.1,
HKO,香港天文台總部,1969,9,6,33.7,
HKO,香港天文台總部,1969,9,7,34.5,
HKO,香港天文台總部,1969,9,8,33.9,
HKO,香港天文台總部,1969,9,9,34.7,
HKO,香港天文台總部,1969,9,10,34.2,
HKO,香港天文台總部,1969,9,11,34.4,
HKO,香港天文台總部,1969,9,12,32.4,
HKO,香港天文台總部,1969,9,13,32.0,
HKO,香港天文台總部,1969,9,14,31.9,
HKO,香港天文台總部,1969,9,15,34.2,
HKO,香港天文台總部,1969,9,16,31.8,
HKO,香港天文台總部,1969,9,17,27.3,
HKO,香港天文台總部,1969,9,18,31.3,
HKO,香港天文台總部,1969,9,19,32.3,
HKO,香港天文台總部,1969,9,20,32.5,
HKO,香港天文台總部,1969,9,21,31.9,
HKO,香港天文台總部,1969,9,22,32.6,
HKO,香港天文台總部,1969,9,23,32.1,
HKO,香港天文台總部,1969,9,24,31.1,
HKO,香港天文台總部,1969,9,25,32.2,
HKO,香港天文台總部,1969,9,26,32.8,
HKO,香港天文台總部,1969,9,27,33.6,
HKO,香港天文台總部,1969,9,28,28.5,
HKO,香港天文台總部,1969,9,29,29.6,
HKO,香港天文台總部,1969,9,30,27.4,
HKO,香港天文台總部,1970,6,1,32.2,
HKO,香港天文台總部,1970,6,2,33.1,
HKO,香港天文台總部,1970,6,3,30.4,
HKO,香港天文台總部,1970,6,4,28.1,
HKO,香港天文台總部,1970,6,5,28.7,
HKO,香港天文台總部,1970,6,6,29.5,
HKO,香港天文台總部,1970,6,7,32.7,
HKO,香港天文台總部,1970,6,8,32.7,
HKO,香港天文台總部,1970,6,9,32.7,
HKO,香港天文台總部,1970,6,10,29.9,
HKO,香港天文台總部,1970,6,11,31.4,
HKO,香港天文台總部,1970,6,12,29.7,
HKO,香港天文台總部,1970,6,13,29.5,
HKO,香港天文台總部,1970,6,14,30.8,
HKO,香港天文台總部,1970,6,15,31.7,
HKO,香港天文台總部,1970,6,16,31.8,
HKO,香港天文台總部,1970,6,17,31.4,
HKO,香港天文台總部,1970,6,18,30.2,
HKO,香港天文台總部,1970,6,19,32.5,
HKO,香港天文台總部,1970,6,20,31.4,
HKO,香港天文台總部,1970,6,21,31.7,
HKO,香港天文台總部,1970,6,22,30.1,
HKO,香港天文台總部,1970,6,23,31.2,
HKO,香港天文台總部,1970,6,24,31.6,
HKO,香港天文台總部,1970,6,25,30.3,
HKO,香港天文台總部,1970,6,26,31.4,
HKO,香港天文台總部,1970,6,27,29.2,
HKO,香港天文台總部,1970,6,28,29.8,
HKO,香港天文台總部,1970,6,29,30.7,
HKO,香港天文台總部,1970,6,30,31.0,
HKO,香港天文台總部,1970,7,1,32.0,
HKO,香港天文台總部,1970,7,2,32.7,
HKO,香港天文台總部,1970,7,3,32.5,
HKO,香港天文台總部,1970,7,4,32.7,
HKO,香港天文台總部,1970,7,5,33.1,
HKO,香港天文台總部,1970,7,6,33.5,
HKO,香港天文台總部,1970,7,7,33.6,
HKO,香港天文台總部,1970,7,8,32.3,
HKO,香港天文台總部,1970,7,9,30.2,
HKO,香港天文台總部,1970,7,10,31.0,
HKO,香港天文台總部,1970,7,11,31.2,
HKO,香港天文台總部,1970,7,12,31.0,
HKO,香港天文台總部,1970,7,13,32.9,
HKO,香港天文台總部,1970,7,14,32.4,
HKO,香港天文台總部,1970,7,15,33.5,
HKO,香港天文台總部,1970,7,16,28.5,
HKO,香港天文台總部,1970,7,17,30.3,
HKO,香港天文台總部,1970,7,18,31.8,
HKO,香港天文台總部,1970,7,19,32.3,
HKO,香港天文台總部,1970,7,20,31.4,
HKO,香港天文台總部,1970,7,21,32.2,
HKO,香港天文台總部,1970,7,22,31.7,
HKO,香港天文台總部,1970,7,23,30.6,
HKO,香港天文台總部,1970,7,24,32.0,
HKO,香港天文台總部,1970,7,25,31.4,
HKO,香港天文台總部,1970,7,26,32.1,
HKO,香港天文台總部,1970,7,27,32.6,
HKO,香港天文台總部,1970,7,28,32.1,
HKO,香港天文台總部,1970,7,29,32.7,
HKO,香港天文台總部,1970,7,30,32.7,
HKO,香港天文台總部,1970,7,31,33.5,
HKO,香港天文台總部,1970,8,1,32.3,
HKO,香港天文台總部,1970,8,2,28.9,
HKO,香港天文台總部,1970,8,3,26.6,
HKO,香港天文台總部,1970,8,4,29.7,
HKO,香港天文台總部,1970,8,5,31.7,
HKO,香港天文台總部,1970,8,6,31.7,
HKO,香港天文台總部,1970,8,7,31.2,
HKO,香港天文台總部,1970,8,8,28.1,
HKO,香港天文台總部,1970,8,9,30.2,
HKO,香港天文台總部,1970,8,10,31.6,
HKO,香港天文台總部,1970,8,11,32.6,
HKO,香港天文台總部,1970,8,12,32.5,
HKO,香港天文台總部,1970,8,13,32.3,
HKO,香港天文台總部,1970,8,14,31.2,
HKO,香港天文台總部,1970,8,15,33.0,
HKO,香港天文台總部,1970,8,16,31.7,
HKO,香港天文台總部,1970,8,17,31.5,
HKO,香港天文台總部,1970,8,18,31.1,
HKO,香港天文台總部,1970,8,19,31.3,
HKO,香港天文台總部,1970,8,20,31.6,
HKO,香港天文台總部,1970,8,21,32.4,
HKO,香港天文台總部,1970,8,22,32.0,
HKO,香港天文台總部,1970,8,23,31.8,
HKO,香港天文台總部,1970,8,24,28.8,
HKO,香港天文台總部,1970,8,25,30.7,
HKO,香港天文台總部,1970,8,26,30.9,
HKO,香港天文台總部,1970,8,27,31.8,
HKO,香港天文台總部,1970,8,28,32.7,
HKO,香港天文台總部,1970,8,29,32.3,
HKO,香港天文台總部,1970,8,30,33.1,
HKO,香港天文台總部,1970,8,31,32.7,
HKO,香港天文台總部,1970,9,1,31.9,
HKO,香港天文台總部,1970,9,2,30.1,
HKO,香港天文台總部,1970,9,3,31.5,
HKO,香港天文台總部,1970,9,4,29.6,
HKO,香港天文台總部,1970,9,5,30.0,
HKO,香港天文台總部,1970,9,6,30.8,
HKO,香港天文台總部,1970,9,7,31.3,
HKO,香港天文台總部,1970,9,8,29.7,
HKO,香港天文台總部,1970,9,9,26.6,
HKO,香港天文台總部,1970,9,10,26.7,
HKO,香港天文台總部,1970,9,11,30.5,
HKO,香港天文台總部,1970,9,12,30.7,
HKO,香港天文台總部,1970,9,13,28.3,
HKO,香港天文台總部,1970,9,14,28.7,
HKO,香港天文台總部,1970,9,15,28.1,
HKO,香港天文台總部,1970,9,16,30.4,
HKO,香港天文台總部,1970,9,17,30.8,
HKO,香港天文台總部,1970,9,18,31.1,
HKO,香港天文台總部,1970,9,19,30.7,
HKO,香港天文台總部,1970,9,20,30.7,
HKO,香港天文台總部,1970,9,21,31.2,
HKO,香港天文台總部,1970,9,22,31.0,
HKO,香港天文台總部,1970,9,23,31.2,
HKO,香港天文台總部,1970,9,24,30.8,
HKO,香港天文台總部,1970,9,25,32.6,
HKO,香港天文台總部,1970,9,26,31.8,
HKO,香港天文台總部,1970,9,27,28.6,
HKO,香港天文台總部,1970,9,28,28.8,
HKO,香港天文台總部,1970,9,29,29.1,
HKO,香港天文台總部,1970,9,30,25.3,
HKO,香港天文台總部,1971,6,1,31.3,
HKO,香港天文台總部,1971,6,2,32.4,
HKO,香港天文台總部,1971,6,3,32.2,
HKO,香港天文台總部,1971,6,4,30.9,
HKO,香港天文台總部,1971,6,5,31.5,
HKO,香港天文台總部,1971,6,6,31.3,
HKO,香港天文台總部,1971,6,7,28.5,
HKO,香港天文台總部,1971,6,8,30.1,
HKO,香港天文台總部,1971,6,9,29.7,
HKO,香港天文台總部,1971,6,10,28.5,
HKO,香港天文台總部,1971,6,11,31.2,
HKO,香港天文台總部,1971,6,12,31.5,
HKO,香港天文台總部,1971,6,13,32.1,
HKO,香港天文台總部,1971,6,14,32.4,
HKO,香港天文台總部,1971,6,15,32.4,
HKO,香港天文台總部,1971,6,16,33.7,
HKO,香港天文台總部,1971,6,17,29.5,
HKO,香港天文台總部,1971,6,18,27.7,
HKO,香港天文台總部,1971,6,19,29.6,
HKO,香港天文台總部,1971,6,20,31.7,
HKO,香港天文台總部,1971,6,21,32.3,
HKO,香港天文台總部,1971,6,22,32.1,
HKO,香港天文台總部,1971,6,23,31.6,
HKO,香港天文台總部,1971,6,24,32.2,
HKO,香港天文台總部,1971,6,25,32.5,
HKO,香港天文台總部,1971,6,26,32.7,
HKO,香港天文台總部,1971,6,27,30.9,
HKO,香港天文台總部,1971,6,28,31.4,
HKO,香港天文台總部,1971,6,29,30.1,
HKO,香港天文台總部,1971,6,30,31.6,
HKO,香港天文台總部,1971,7,1,31.3,
HKO,香港天文台總部,1971,7,2,31.7,
HKO,香港天文台總部,1971,7,3,31.5,
HKO,香港天文台總部,1971,7,4,32.6,
HKO,香港天文台總部,1971,7,5,31.2,
HKO,香港天文台總部,1971,7,6,29.7,
HKO,香港天文台總部,1971,7,7,30.3,
HKO,香港天文台總部,1971,7,8,31.0,
HKO,香港天文台總部,1971,7,9,32.2,
HKO,香港天文台總部,1971,7,10,32.6,
HKO,香港天文台總部,1971,7,11,32.0,
HKO,香港天文台總部,1971,7,12,30.9,
HKO,香港天文台總部,1971,7,13,31.3,
HKO,香港天文台總部,1971,7,14,31.8,
HKO,香港天文台總部,1971,7,15,32.2,
HKO,香港天文台總部,1971,7,16,31.7,
HKO,香港天文台總部,1971,7,17,28.6,
HKO,香港天文台總部,1971,7,18,30.6,
HKO,香港天文台總部,1971,7,19,31.9,
HKO,香港天文台總部,1971,7,20,33.2,
HKO,香港天文台總部,1971,7,21,33.7,
HKO,香港天文台總部,1971,7,22,29.3,
HKO,香港天文台總部,1971,7,23,30.7,
HKO,香港天文台總部,1971,7,24,31.3,
HKO,香港天文台總部,1971,7,25,33.1,
HKO,香港天文台總部,1971,7,26,32.3,
HKO,香港天文台總部,1971,7,27,29.3,
HKO,香港天文台總部,1971,7,28,30.3,
HKO,香港天文台總部,1971,7,29,31.6,
HKO,香港天文台總部,1971,7,30,32.7,
HKO,香港天文台總部,1971,7,31,33.2,
HKO,香港天文台總部,1971,8,1,32.8,
HKO,香港天文台總部,1971,8,2,32.5,
HKO,香港天文台總部,1971,8,3,32.3,
HKO,香港天文台總部,1971,8,4,31.2,
HKO,香港天文台總部,1971,8,5,30.5,
HKO,香港天文台總部,1971,8,6,28.5,
HKO,香港天文台總部,1971,8,7,30.8,
HKO,香港天文台總部,1971,8,8,29.6,
HKO,香港天文台總部,1971,8,9,30.9,
HKO,香港天文台總部,1971,8,10,31.8,
HKO,香港天文台總部,1971,8,11,32.4,
HKO,香港天文台總部,1971,8,12,28.2,
HKO,香港天文台總部,1971,8,13,28.6,
HKO,香港天文台總部,1971,8,14,31.8,
HKO,香港天文台總部,1971,8,15,32.1,
HKO,香港天文台總部,1971,8,16,28.6,
HKO,香港天文台總部,1971,8,17,27.1,
HKO,香港天文台總部,1971,8,18,28.9,
HKO,香港天文台總部,1971,8,19,31.5,
HKO,香港天文台總部,1971,8,20,31.7,
HKO,香港天文台總部,1971,8,21,31.8,
HKO,香港天文台總部,1971,8,22,32.3,
HKO,香港天文台總部,1971,8,23,32.1,
HKO,香港天文台總部,1971,8,24,32.4,
HKO,香港天文台總部,1971,8,25,30.9,
HKO,香港天文台總部,1971,8,26,31.8,
HKO,香港天文台總部,1971,8,27,32.4,
HKO,香港天文台總部,1971,8,28,31.8,
HKO,香港天文台總部,1971,8,29,32.5,
HKO,香港天文台總部,1971,8,30,32.6,
HKO,香港天文台總部,1971,8,31,33.7,
HKO,香港天文台總部,1971,9,1,32.4,
HKO,香港天文台總部,1971,9,2,30.0,
HKO,香港天文台總部,1971,9,3,31.8,
HKO,香港天文台總部,1971,9,4,33.2,
HKO,香港天文台總部,1971,9,5,32.3,
HKO,香港天文台總部,1971,9,6,30.0,
HKO,香港天文台總部,1971,9,7,32.3,
HKO,香港天文台總部,1971,9,8,31.3,
HKO,香港天文台總部,1971,9,9,33.0,
HKO,香港天文台總部,1971,9,10,33.0,
HKO,香港天文台總部,1971,9,11,33.0,
HKO,香港天文台總部,1971,9,12,29.6,
HKO,香港天文台總部,1971,9,13,29.3,
HKO,香港天文台總部,1971,9,14,31.5,
HKO,香港天文台總部,1971,9,15,29.9,
HKO,香港天文台總部,1971,9,16,31.6,
HKO,香港天文台總部,1971,9,17,32.6,
HKO,香港天文台總部,1971,9,18,32.5,
HKO,香港天文台總部,1971,9,19,31.6,
HKO,香港天文台總部,1971,9,20,26.6,
HKO,香港天文台總部,1971,9,21,28.3,
HKO,香港天文台總部,1971,9,22,30.5,
HKO,香港天文台總部,1971,9,23,30.5,
HKO,香港天文台總部,1971,9,24,31.2,
HKO,香港天文台總部,1971,9,25,31.1,
HKO,香港天文台總部,1971,9,26,31.1,
HKO,香港天文台總部,1971,9,27,30.7,
HKO,香港天文台總部,1971,9,28,30.8,
HKO,香港天文台總部,1971,9,29,27.0,
HKO,香港天文台總部,1971,9,30,27.8,
HKO,香港天文台總部,1972,6,1,29.0,
HKO,香港天文台總部,1972,6,2,31.4,
HKO,香港天文台總部,1972,6,3,31.9,
HKO,香港天文台總部,1972,6,4,28.4,
HKO,香港天文台總部,1972,6,5,26.9,
HKO,香港天文台總部,1972,6,6,31.4,
HKO,香港天文台總部,1972,6,7,31.9,
HKO,香港天文台總部,1972,6,8,31.9,
HKO,香港天文台總部,1972,6,9,31.0,
HKO,香港天文台總部,1972,6,10,30.1,
HKO,香港天文台總部,1972,6,11,31.3,
HKO,香港天文台總部,1972,6,12,31.6,
HKO,香港天文台總部,1972,6,13,32.4,
HKO,香港天文台總部,1972,6,14,30.7,
HKO,香港天文台總部,1972,6,15,29.2,
HKO,香港天文台總部,1972,6,16,28.2,
HKO,香港天文台總部,1972,6,17,27.5,
HKO,香港天文台總部,1972,6,18,26.1,
HKO,香港天文台總部,1972,6,19,30.1,
HKO,香港天文台總部,1972,6,20,31.0,
HKO,香港天文台總部,1972,6,21,31.6,
HKO,香港天文台總部,1972,6,22,32.3,
HKO,香港天文台總部,1972,6,23,32.5,
HKO,香港天文台總部,1972,6,24,32.2,
HKO,香港天文台總部,1972,6,25,32.8,
HKO,香港天文台總部,1972,6,26,31.2,
HKO,香港天文台總部,1972,6,27,30.6,
HKO,香港天文台總部,1972,6,28,32.0,
HKO,香港天文台總部,1972,6,29,32.5,
HKO,香港天文台總部,1972,6,30,33.1,
HKO,香港天文台總部,1972,7,1,33.1,
HKO,香港天文台總部,1972,7,2,32.9,
HKO,香港天文台總部,1972,7,3,32.4,
HKO,香港天文台總部,1972,7,4,32.7,
HKO,香港天文台總部,1972,7,5,32.9,
HKO,香港天文台總部,1972,7,6,32.3,
HKO,香港天文台總部,1972,7,7,33.6,
HKO,香港天文台總部,1972,7,8,33.8,
HKO,香港天文台總部,1972,7,9,33.0,
HKO,香港天文台總部,1972,7,10,33.7,
HKO,香港天文台總部,1972,7,11,34.0,
HKO,香港天文台總部,1972,7,12,32.3,
HKO,香港天文台總部,1972,7,13,33.0,
HKO,香港天文台總部,1972,7,14,32.8,
HKO,香港天文台總部,1972,7,15,32.1,
HKO,香港天文台總部,1972,7,16,33.3,
HKO,香港天文台總部,1972,7,17,30.8,
HKO,香港天文台總部,1972,7,18,31.8,
HKO,香港天文台總部,1972,7,19,32.4,
HKO,香港天文台總部,1972,7,20,33.3,
HKO,香港天文台總部,1972,7,21,33.4,
HKO,香港天文台總部,1972,7,22,34.2,
HKO,香港天文台總部,1972,7,23,34.7,
HKO,香港天文台總部,1972,7,24,30.6,
HKO,香港天文台總部,1972,7,25,30.7,
HKO,香港天文台總部,1972,7,26,30.5,
HKO,香港天文台總部,1972,7,27,26.9,
HKO,香港天文台總部,1972,7,28,27.7,
HKO,香港天文台總部,1972,7,29,30.5,
HKO,香港天文台總部,1972,7,30,31.8,
HKO,香港天文台總部,1972,7,31,27.9,
HKO,香港天文台總部,1972,8,1,29.4,
HKO,香港天文台總部,1972,8,2,31.6,
HKO,香港天文台總部,1972,8,3,33.2,
HKO,香港天文台總部,1972,8,4,32.9,
HKO,香港天文台總部,1972,8,5,32.9,
HKO,香港天文台總部,1972,8,6,32.2,
HKO,香港天文台總部,1972,8,7,32.4,
HKO,香港天文台總部,1972,8,8,28.0,
HKO,香港天文台總部,1972,8,9,30.6,
HKO,香港天文台總部,1972,8,10,29.9,
HKO,香港天文台總部,1972,8,11,26.3,
HKO,香港天文台總部,1972,8,12,30.1,
HKO,香港天文台總部,1972,8,13,26.3,
HKO,香港天文台總部,1972,8,14,29.4,
HKO,香港天文台總部,1972,8,15,30.5,
HKO,香港天文台總部,1972,8,16,31.8,
HKO,香港天文台總部,1972,8,17,33.2,
HKO,香港天文台總部,1972,8,18,31.1,
HKO,香港天文台總部,1972,8,19,28.5,
HKO,香港天文台總部,1972,8,20,25.3,
HKO,香港天文台總部,1972,8,21,27.2,
HKO,香港天文台總部,1972,8,22,30.2,
HKO,香港天文台總部,1972,8,23,31.8,
HKO,香港天文台總部,1972,8,24,31.4,
HKO,香港天文台總部,1972,8,25,32.2,
HKO,香港天文台總部,1972,8,26,30.9,
HKO,香港天文台總部,1972,8,27,29.3,
HKO,香港天文台總部,1972,8,28,29.1,
HKO,香港天文台總部,1972,8,29,30.4,
HKO,香港天文台總部,1972,8,30,31.1,
HKO,香港天文台總部,1972,8,31,31.8,
HKO,香港天文台總部,1972,9,1,31.4,
HKO,香港天文台總部,1972,9,2,32.0,
HKO,香港天文台總部,1972,9,3,30.8,
HKO,香港天文台總部,1972,9,4,31.5,
HKO,香港天文台總部,1972,9,5,31.9,
HKO,香港天文台總部,1972,9,6,32.4,
HKO,香港天文台總部,1972,9,7,32.1,
HKO,香港天文台總部,1972,9,8,31.4,
HKO,香港天文台總部,1972,9,9,31.7,
HKO,香港天文台總部,1972,9,10,32.9,
HKO,香港天文台總部,1972,9,11,32.8,
HKO,香港天文台總部,1972,9,12,32.3,
HKO,香港天文台總部,1972,9,13,32.6,
HKO,香港天文台總部,1972,9,14,33.4,
HKO,香港天文台總部,1972,9,15,32.1,
HKO,香港天文台總部,1972,9,16,31.2,
HKO,香港天文台總部,1972,9,17,32.3,
HKO,香港天文台總部,1972,9,18,30.8,
HKO,香港天文台總部,1972,9,19,30.5,
HKO,香港天文台總部,1972,9,20,30.7,
HKO,香港天文台總部,1972,9,21,30.8,
HKO,香港天文台總部,1972,9,22,27.6,
HKO,香港天文台總部,1972,9,23,30.5,
HKO,香港天文台總部,1972,9,24,27.2,
HKO,香港天文台總部,1972,9,25,28.3,
HKO,香港天文台總部,1972,9,26,28.3,
HKO,香港天文台總部,1972,9,27,30.3,
HKO,香港天文台總部,1972,9,28,30.0,
HKO,香港天文台總部,1972,9,29,30.2,
HKO,香港天文台總部,1972,9,30,29.5,
HKO,香港天文台總部,1973,6,1,31.4,
HKO,香港天文台總部,1973,6,2,32.3,
HKO,香港天文台總部,1973,6,3,32.4,
HKO,香港天文台總部,1973,6,4,27.3,
HKO,香港天文台總部,1973,6,5,27.5,
HKO,香港天文台總部,1973,6,6,26.4,
HKO,香港天文台總部,1973,6,7,26.8,
HKO,香港天文台總部,1973,6,8,27.5,
HKO,香港天文台總部,1973,6,9,29.7,
HKO,香港天文台總部,1973,6,10,29.1,
HKO,香港天文台總部,1973,6,11,27.0,
HKO,香港天文台總部,1973,6,12,28.2,
HKO,香港天文台總部,1973,6,13,25.2,
HKO,香港天文台總部,1973,6,14,28.3,
HKO,香港天文台總部,1973,6,15,26.8,
HKO,香港天文台總部,1973,6,16,29.1,
HKO,香港天文台總部,1973,6,17,31.6,
HKO,香港天文台總部,1973,6,18,31.8,
HKO,香港天文台總部,1973,6,19,32.6,
HKO,香港天文台總部,1973,6,20,33.1,
HKO,香港天文台總部,1973,6,21,32.1,
HKO,香港天文台總部,1973,6,22,32.3,
HKO,香港天文台總部,1973,6,23,32.3,
HKO,香港天文台總部,1973,6,24,32.2,
HKO,香港天文台總部,1973,6,25,32.1,
HKO,香港天文台總部,1973,6,26,31.2,
HKO,香港天文台總部,1973,6,27,28.0,
HKO,香港天文台總部,1973,6,28,31.7,
HKO,香港天文台總部,1973,6,29,31.9,
HKO,香港天文台總部,1973,6,30,32.0,
HKO,香港天文台總部,1973,7,1,33.1,
HKO,香港天文台總部,1973,7,2,32.0,
HKO,香港天文台總部,1973,7,3,31.8,
HKO,香港天文台總部,1973,7,4,28.2,
HKO,香港天文台總部,1973,7,5,30.7,
HKO,香港天文台總部,1973,7,6,31.4,
HKO,香港天文台總部,1973,7,7,28.0,
HKO,香港天文台總部,1973,7,8,28.5,
HKO,香港天文台總部,1973,7,9,28.0,
HKO,香港天文台總部,1973,7,10,29.7,
HKO,香港天文台總部,1973,7,11,27.6,
HKO,香港天文台總部,1973,7,12,30.9,
HKO,香港天文台總部,1973,7,13,29.8,
HKO,香港天文台總部,1973,7,14,30.2,
HKO,香港天文台總部,1973,7,15,31.5,
HKO,香港天文台總部,1973,7,16,29.0,
HKO,香港天文台總部,1973,7,17,28.0,
HKO,香港天文台總部,1973,7,18,32.2,
HKO,香港天文台總部,1973,7,19,31.7,
HKO,香港天文台總部,1973,7,20,32.2,
HKO,香港天文台總部,1973,7,21,30.2,
HKO,香港天文台總部,1973,7,22,31.6,
HKO,香港天文台總部,1973,7,23,31.6,
HKO,香港天文台總部,1973,7,24,32.8,
HKO,香港天文台總部,1973,7,25,28.4,
HKO,香港天文台總部,1973,7,26,28.3,
HKO,香港天文台總部,1973,7,27,31.4,
HKO,香港天文台總部,1973,7,28,32.0,
HKO,香港天文台總部,1973,7,29,32.4,
HKO,香港天文台總部,1973,7,30,32.6,
HKO,香港天文台總部,1973,7,31,32.5,
HKO,香港天文台總部,1973,8,1,32.7,
HKO,香港天文台總部,1973,8,2,32.6,
HKO,香港天文台總部,1973,8,3,32.9,
HKO,香港天文台總部,1973,8,4,32.4,
HKO,香港天文台總部,1973,8,5,32.2,
HKO,香港天文台總部,1973,8,6,30.3,
HKO,香港天文台總部,1973,8,7,32.2,
HKO,香港天文台總部,1973,8,8,32.1,
HKO,香港天文台總部,1973,8,9,31.7,
HKO,香港天文台總部,1973,8,10,28.1,
HKO,香港天文台總部,1973,8,11,26.7,
HKO,香港天文台總部,1973,8,12,27.5,
HKO,香港天文台總部,1973,8,13,30.9,
HKO,香港天文台總部,1973,8,14,31.5,
HKO,香港天文台總部,1973,8,15,31.5,
HKO,香港天文台總部,1973,8,16,31.3,
HKO,香港天文台總部,1973,8,17,32.1,
HKO,香港天文台總部,1973,8,18,30.4,
HKO,香港天文台總部,1973,8,19,32.3,
HKO,香港天文台總部,1973,8,20,32.8,
HKO,香港天文台總部,1973,8,21,28.1,
HKO,香港天文台總部,1973,8,22,29.7,
HKO,香港天文台總部,1973,8,23,31.7,
HKO,香港天文台總部,1973,8,24,29.7,
HKO,香港天文台總部,1973,8,25,28.7,
HKO,香港天文台總部,1973,8,26,28.7,
HKO,香港天文台總部,1973,8,27,31.0,
HKO,香港天文台總部,1973,8,28,29.5,
HKO,香港天文台總部,1973,8,29,29.2,
HKO,香港天文台總部,1973,8,30,27.2,
HKO,香港天文台總部,1973,8,31,28.5,
HKO,香港天文台總部,1973,9,1,29.8,
HKO,香港天文台總部,1973,9,2,27.0,
HKO,香港天文台總部,1973,9,3,28.2,
HKO,香港天文台總部,1973,9,4,30.8,
HKO,香港天文台總部,1973,9,5,31.4,
HKO,香港天文台總部,1973,9,6,29.7,
HKO,香港天文台總部,1973,9,7,30.7,
HKO,香港天文台總部,1973,9,8,31.9,
HKO,香港天文台總部,1973,9,9,30.0,
HKO,香港天文台總部,1973,9,10,32.0,
HKO,香港天文台總部,1973,9,11,31.6,
HKO,香港天文台總部,1973,9,12,33.0,
HKO,香港天文台總部,1973,9,13,32.5,
HKO,香港天文台總部,1973,9,14,29.6,
HKO,香港天文台總部,1973,9,15,31.1,
HKO,香港天文台總部,1973,9,16,30.6,
HKO,香港天文台總部,1973,9,17,30.5,
HKO,香港天文台總部,1973,9,18,29.6,
HKO,香港天文台總部,1973,9,19,26.6,
HKO,香港天文台總部,1973,9,20,31.6,
HKO,香港天文台總部,1973,9,21,29.9,
HKO,香港天文台總部,1973,9,22,29.9,
HKO,香港天文台總部,1973,9,23,29.3,
HKO,香港天文台總部,1973,9,24,28.7,
HKO,香港天文台總部,1973,9,25,27.4,
HKO,香港天文台總部,1973,9,26,30.1,
HKO,香港天文台總部,1973,9,27,28.6,
HKO,香港天文台總部,1973,9,28,27.8,
HKO,香港天文台總部,1973,9,29,30.1,
HKO,香港天文台總部,1973,9,30,31.1,
HKO,香港天文台總部,1974,6,1,30.5,
HKO,香港天文台總部,1974,6,2,32.4,
HKO,香港天文台總部,1974,6,3,32.6,
HKO,香港天文台總部,1974,6,4,29.0,
HKO,香港天文台總部,1974,6,5,29.9,
HKO,香港天文台總部,1974,6,6,28.0,
HKO,香港天文台總部,1974,6,7,26.2,
HKO,香港天文台總部,1974,6,8,30.0,
HKO,香港天文台總部,1974,6,9,30.0,
HKO,香港天文台總部,1974,6,10,31.9,
HKO,香港天文台總部,1974,6,11,34.0,
HKO,香港天文台總部,1974,6,12,30.4,
HKO,香港天文台總部,1974,6,13,28.8,
HKO,香港天文台總部,1974,6,14,30.3,
HKO,香港天文台總部,1974,6,15,30.3,
HKO,香港天文台總部,1974,6,16,30.7,
HKO,香港天文台總部,1974,6,17,29.9,
HKO,香港天文台總部,1974,6,18,28.6,
HKO,香港天文台總部,1974,6,19,30.4,
HKO,香港天文台總部,1974,6,20,30.4,
HKO,香港天文台總部,1974,6,21,30.9,
HKO,香港天文台總部,1974,6,22,30.5,
HKO,香港天文台總部,1974,6,23,28.9,
HKO,香港天文台總部,1974,6,24,28.1,
HKO,香港天文台總部,1974,6,25,28.6,
HKO,香港天文台總部,1974,6,26,28.5,
HKO,香港天文台總部,1974,6,27,30.6,
HKO,香港天文台總部,1974,6,28,31.3,
HKO,香港天文台總部,1974,6,29,31.7,
HKO,香港天文台總部,1974,6,30,31.7,
HKO,香港天文台總部,1974,7,1,31.7,
HKO,香港天文台總部,1974,7,2,32.4,
HKO,香港天文台總部,1974,7,3,31.3,
HKO,香港天文台總部,1974,7,4,32.7,
HKO,香港天文台總部,1974,7,5,32.6,
HKO,香港天文台總部,1974,7,6,33.2,
HKO,香港天文台總部,1974,7,7,32.5,
HKO,香港天文台總部,1974,7,8,32.7,
HKO,香港天文台總部,1974,7,9,32.7,
HKO,香港天文台總部,1974,7,10,32.9,
HKO,香港天文台總部,1974,7,11,32.8,
HKO,香港天文台總部,1974,7,12,32.0,
HKO,香港天文台總部,1974,7,13,29.7,
HKO,香港天文台總部,1974,7,14,30.3,
HKO,香港天文台總部,1974,7,15,30.8,
HKO,香港天文台總部,1974,7,16,31.7,
HKO,香港天文台總部,1974,7,17,30.7,
HKO,香港天文台總部,1974,7,18,31.3,
HKO,香港天文台總部,1974,7,19,28.7,
HKO,香港天文台總部,1974,7,20,31.7,
HKO,香港天文台總部,1974,7,21,32.2,
HKO,香港天文台總部,1974,7,22,27.7,
HKO,香港天文台總部,1974,7,23,29.9,
HKO,香港天文台總部,1974,7,24,29.3,
HKO,香港天文台總部,1974,7,25,30.6,
HKO,香港天文台總部,1974,7,26,31.3,
HKO,香港天文台總部,1974,7,27,31.4,
HKO,香港天文台總部,1974,7,28,31.6,
HKO,香港天文台總部,1974,7,29,32.6,
HKO,香港天文台總部,1974,7,30,32.6,
HKO,香港天文台總部,1974,7,31,32.3,
HKO,香港天文台總部,1974,8,1,33.0,
HKO,香港天文台總部,1974,8,2,32.3,
HKO,香港天文台總部,1974,8,3,32.7,
HKO,香港天文台總部,1974,8,4,32.6,
HKO,香港天文台總部,1974,8,5,32.6,
HKO,香港天文台總部,1974,8,6,33.1,
HKO,香港天文台總部,1974,8,7,33.0,
HKO,香港天文台總部,1974,8,8,32.9,
HKO,香港天文台總部,1974,8,9,33.3,
HKO,香港天文台總部,1974,8,10,34.1,
HKO,香港天文台總部,1974,8,11,33.5,
HKO,香港天文台總部,1974,8,12,33.2,
HKO,香港天文台總部,1974,8,13,32.6,
HKO,香港天文台總部,1974,8,14,31.2,
HKO,香港天文台總部,1974,8,15,31.4,
HKO,香港天文台總部,1974,8,16,32.1,
HKO,香港天文台總部,1974,8,17,32.5,
HKO,香港天文台總部,1974,8,18,32.6,
HKO,香港天文台總部,1974,8,19,32.9,
HKO,香港天文台總部,1974,8,20,34.3,
HKO,香港天文台總部,1974,8,21,34.1,
HKO,香港天文台總部,1974,8,22,31.8,
HKO,香港天文台總部,1974,8,23,29.6,
HKO,香港天文台總部,1974,8,24,30.8,
HKO,香港天文台總部,1974,8,25,30.3,
HKO,香港天文台總部,1974,8,26,30.6,
HKO,香港天文台總部,1974,8,27,30.5,
HKO,香港天文台總部,1974,8,28,30.5,
HKO,香港天文台總部,1974,8,29,32.3,
HKO,香港天文台總部,1974,8,30,29.3,
HKO,香港天文台總部,1974,8,31,26.2,
HKO,香港天文台總部,1974,9,1,27.7,
HKO,香港天文台總部,1974,9,2,29.5,
HKO,香港天文台總部,1974,9,3,30.0,
HKO,香港天文台總部,1974,9,4,31.9,
HKO,香港天文台總部,1974,9,5,30.2,
HKO,香港天文台總部,1974,9,6,27.9,
HKO,香港天文台總部,1974,9,7,31.1,
HKO,香港天文台總部,1974,9,8,31.5,
HKO,香港天文台總部,1974,9,9,30.7,
HKO,香港天文台總部,1974,9,10,30.1,
HKO,香港天文台總部,1974,9,11,31.0,
HKO,香港天文台總部,1974,9,12,32.2,
HKO,香港天文台總部,1974,9,13,32.0,
HKO,香港天文台總部,1974,9,14,31.8,
HKO,香港天文台總部,1974,9,15,31.7,
HKO,香港天文台總部,1974,9,16,31.3,
HKO,香港天文台總部,1974,9,17,27.4,
HKO,香港天文台總部,1974,9,18,30.7,
HKO,香港天文台總部,1974,9,19,30.3,
HKO,香港天文台總部,1974,9,20,30.2,
HKO,香港天文台總部,1974,9,21,31.0,
HKO,香港天文台總部,1974,9,22,31.7,
HKO,香港天文台總部,1974,9,23,30.5,
HKO,香港天文台總部,1974,9,24,31.7,
HKO,香港天文台總部,1974,9,25,29.3,
HKO,香港天文台總部,1974,9,26,30.0,
HKO,香港天文台總部,1974,9,27,31.8,
HKO,香港天文台總部,1974,9,28,31.6,
HKO,香港天文台總部,1974,9,29,30.7,
HKO,香港天文台總部,1974,9,30,32.7,
HKO,香港天文台總部,1975,6,1,29.1,
HKO,香港天文台總部,1975,6,2,29.3,
HKO,香港天文台總部,1975,6,3,28.4,
HKO,香港天文台總部,1975,6,4,28.4,
HKO,香港天文台總部,1975,6,5,27.2,
HKO,香港天文台總部,1975,6,6,29.6,
HKO,香港天文台總部,1975,6,7,28.7,
HKO,香港天文台總部,1975,6,8,31.3,
HKO,香港天文台總部,1975,6,9,30.0,
HKO,香港天文台總部,1975,6,10,31.6,
HKO,香港天文台總部,1975,6,11,30.0,
HKO,香港天文台總部,1975,6,12,28.1,
HKO,香港天文台總部,1975,6,13,26.1,
HKO,香港天文台總部,1975,6,14,28.9,
HKO,香港天文台總部,1975,6,15,29.1,
HKO,香港天文台總部,1975,6,16,28.7,
HKO,香港天文台總部,1975,6,17,29.2,
HKO,香港天文台總部,1975,6,18,28.0,
HKO,香港天文台總部,1975,6,19,28.8,
HKO,香港天文台總部,1975,6,20,30.7,
HKO,香港天文台總部,1975,6,21,31.6,
HKO,香港天文台總部,1975,6,22,32.2,
HKO,香港天文台總部,1975,6,23,32.0,
HKO,香港天文台總部,1975,6,24,32.1,
HKO,香港天文台總部,1975,6,25,32.5,
HKO,香港天文台總部,1975,6,26,32.6,
HKO,香港天文台總部,1975,6,27,31.6,
HKO,香港天文台總部,1975,6,28,30.2,
HKO,香港天文台總部,1975,6,29,28.2,
HKO,香港天文台總部,1975,6,30,30.8,
HKO,香港天文台總部,1975,7,1,31.6,
HKO,香港天文台總部,1975,7,2,32.3,
HKO,香港天文台總部,1975,7,3,32.3,
HKO,香港天文台總部,1975,7,4,32.1,
HKO,香港天文台總部,1975,7,5,32.4,
HKO,香港天文台總部,1975,7,6,32.4,
HKO,香港天文台總部,1975,7,7,32.1,
HKO,香港天文台總部,1975,7,8,32.6,
HKO,香港天文台總部,1975,7,9,32.6,
HKO,香港天文台總部,1975,7,10,32.7,
HKO,香港天文台總部,1975,7,11,31.8,
HKO,香港天文台總部,1975,7,12,29.1,
HKO,香港天文台總部,1975,7,13,26.9,
HKO,香港天文台總部,1975,7,14,27.4,
HKO,香港天文台總部,1975,7,15,27.2,
HKO,香港天文台總部,1975,7,16,30.0,
HKO,香港天文台總部,1975,7,17,31.0,
HKO,香港天文台總部,1975,7,18,32.3,
HKO,香港天文台總部,1975,7,19,31.8,
HKO,香港天文台總部,1975,7,20,28.2,
HKO,香港天文台總部,1975,7,21,29.5,
HKO,香港天文台總部,1975,7,22,28.0,
HKO,香港天文台總部,1975,7,23,31.6,
HKO,香港天文台總部,1975,7,24,31.4,
HKO,香港天文台總部,1975,7,25,31.9,
HKO,香港天文台總部,1975,7,26,31.7,
HKO,香港天文台總部,1975,7,27,31.7,
HKO,香港天文台總部,1975,7,28,32.0,
HKO,香港天文台總部,1975,7,29,32.1,
HKO,香港天文台總部,1975,7,30,31.9,
HKO,香港天文台總部,1975,7,31,32.5,
HKO,香港天文台總部,1975,8,1,29.3,
HKO,香港天文台總部,1975,8,2,31.0,
HKO,香港天文台總部,1975,8,3,31.8,
HKO,香港天文台總部,1975,8,4,30.0,
HKO,香港天文台總部,1975,8,5,31.7,
HKO,香港天文台總部,1975,8,6,32.4,
HKO,香港天文台總部,1975,8,7,32.7,
HKO,香港天文台總部,1975,8,8,28.8,
HKO,香港天文台總部,1975,8,9,30.9,
HKO,香港天文台總部,1975,8,10,29.7,
HKO,香港天文台總部,1975,8,11,31.4,
HKO,香港天文台總部,1975,8,12,28.6,
HKO,香港天文台總部,1975,8,13,27.2,
HKO,香港天文台總部,1975,8,14,28.3,
HKO,香港天文台總部,1975,8,15,28.6,
HKO,香港天文台總部,1975,8,16,31.8,
HKO,香港天文台總部,1975,8,17,32.3,
HKO,香港天文台總部,1975,8,18,32.1,
HKO,香港天文台總部,1975,8,19,31.7,
HKO,香港天文台總部,1975,8,20,32.0,
HKO,香港天文台總部,1975,8,21,32.2,
HKO,香港天文台總部,1975,8,22,32.5,
HKO,香港天文台總部,1975,8,23,32.8,
HKO,香港天文台總部,1975,8,24,31.3,
HKO,香港天文台總部,1975,8,25,27.5,
HKO,香港天文台總部,1975,8,26,27.9,
HKO,香港天文台總部,1975,8,27,29.6,
HKO,香港天文台總部,1975,8,28,29.1,
HKO,香港天文台總部,1975,8,29,29.3,
HKO,香港天文台總部,1975,8,30,27.8,
HKO,香港天文台總部,1975,8,31,30.7,
HKO,香港天文台總部,1975,9,1,31.0,
HKO,香港天文台總部,1975,9,2,31.9,
HKO,香港天文台總部,1975,9,3,31.9,
HKO,香港天文台總部,1975,9,4,31.4,
HKO,香港天文台總部,1975,9,5,31.1,
HKO,香港天文台總部,1975,9,6,33.0,
HKO,香港天文台總部,1975,9,7,32.8,
HKO,香港天文台總部,1975,9,8,32.5,
HKO,香港天文台總部,1975,9,9,29.7,
HKO,香港天文台總部,1975,9,10,27.8,
HKO,香港天文台總部,1975,9,11,28.3,
HKO,香港天文台總部,1975,9,12,29.8,
HKO,香港天文台總部,1975,9,13,29.0,
HKO,香港天文台總部,1975,9,14,31.1,
HKO,香港天文台總部,1975,9,15,31.5,
HKO,香港天文台總部,1975,9,16,29.2,
HKO,香港天文台總部,1975,9,17,30.6,
HKO,香港天文台總部,1975,9,18,31.4,
HKO,香港天文台總部,1975,9,19,30.8,
HKO,香港天文台總部,1975,9,20,31.2,
HKO,香港天文台總部,1975,9,21,31.3,
HKO,香港天文台總部,1975,9,22,33.9,
HKO,香港天文台總部,1975,9,23,29.9,
HKO,香港天文台總部,1975,9,24,25.6,
HKO,香港天文台總部,1975,9,25,30.9,
HKO,香港天文台總部,1975,9,26,31.2,
HKO,香港天文台總部,1975,9,27,31.3,
HKO,香港天文台總部,1975,9,28,31.7,
HKO,香港天文台總部,1975,9,29,32.3,
HKO,香港天文台總部,1975,9,30,32.8,
HKO,香港天文台總部,1976,6,1,28.7,
HKO,香港天文台總部,1976,6,2,26.5,
HKO,香港天文台總部,1976,6,3,25.8,
HKO,香港天文台總部,1976,6,4,28.5,
HKO,香港天文台總部,1976,6,5,28.0,
HKO,香港天文台總部,1976,6,6,27.9,
HKO,香港天文台總部,1976,6,7,29.9,
HKO,香港天文台總部,1976,6,8,29.1,
HKO,香港天文台總部,1976,6,9,28.8,
HKO,香港天文台總部,1976,6,10,25.4,
HKO,香港天文台總部,1976,6,11,24.8,
HKO,香港天文台總部,1976,6,12,28.4,
HKO,香港天文台總部,1976,6,13,29.0,
HKO,香港天文台總部,1976,6,14,29.8,
HKO,香港天文台總部,1976,6,15,29.6,
HKO,香港天文台總部,1976,6,16,31.3,
HKO,香港天文台總部,1976,6,17,32.2,
HKO,香港天文台總部,1976,6,18,32.4,
HKO,香港天文台總部,1976,6,19,32.4,
HKO,香港天文台總部,1976,6,20,32.2,
HKO,香港天文台總部,1976,6,21,29.4,
HKO,香港天文台總部,1976,6,22,31.5,
HKO,香港天文台總部,1976,6,23,31.9,
HKO,香港天文台總部,1976,6,24,32.0,
HKO,香港天文台總部,1976,6,25,31.5,
HKO,香港天文台總部,1976,6,26,33.8,
HKO,香港天文台總部,1976,6,27,30.7,
HKO,香港天文台總部,1976,6,28,32.6,
HKO,香港天文台總部,1976,6,29,33.8,
HKO,香港天文台總部,1976,6,30,32.9,
HKO,香港天文台總部,1976,7,1,31.3,
HKO,香港天文台總部,1976,7,2,30.1,
HKO,香港天文台總部,1976,7,3,27.5,
HKO,香港天文台總部,1976,7,4,29.5,
HKO,香港天文台總部,1976,7,5,31.1,
HKO,香港天文台總部,1976,7,6,28.7,
HKO,香港天文台總部,1976,7,7,29.7,
HKO,香港天文台總部,1976,7,8,30.2,
HKO,香港天文台總部,1976,7,9,30.9,
HKO,香港天文台總部,1976,7,10,31.7,
HKO,香港天文台總部,1976,7,11,32.0,
HKO,香港天文台總部,1976,7,12,31.5,
HKO,香港天文台總部,1976,7,13,31.8,
HKO,香港天文台總部,1976,7,14,31.8,
HKO,香港天文台總部,1976,7,15,32.3,
HKO,香港天文台總部,1976,7,16,32.6,
HKO,香港天文台總部,1976,7,17,32.8,
HKO,香港天文台總部,1976,7,18,32.3,
HKO,香港天文台總部,1976,7,19,33.0,
HKO,香港天文台總部,1976,7,20,33.8,
HKO,香港天文台總部,1976,7,21,33.9,
HKO,香港天文台總部,1976,7,22,31.8,
HKO,香港天文台總部,1976,7,23,31.7,
HKO,香港天文台總部,1976,7,24,28.9,
HKO,香港天文台總部,1976,7,25,27.4,
HKO,香港天文台總部,1976,7,26,29.5,
HKO,香港天文台總部,1976,7,27,28.0,
HKO,香港天文台總部,1976,7,28,27.6,
HKO,香港天文台總部,1976,7,29,29.1,
HKO,香港天文台總部,1976,7,30,30.8,
HKO,香港天文台總部,1976,7,31,29.0,
HKO,香港天文台總部,1976,8,1,26.9,
HKO,香港天文台總部,1976,8,2,29.6,
HKO,香港天文台總部,1976,8,3,31.4,
HKO,香港天文台總部,1976,8,4,30.7,
HKO,香港天文台總部,1976,8,5,30.3,
HKO,香港天文台總部,1976,8,6,28.6,
HKO,香港天文台總部,1976,8,7,29.9,
HKO,香港天文台總部,1976,8,8,31.4,
HKO,香港天文台總部,1976,8,9,31.9,
HKO,香港天文台總部,1976,8,10,31.3,
HKO,香港天文台總部,1976,8,11,28.6,
HKO,香港天文台總部,1976,8,12,30.4,
HKO,香港天文台總部,1976,8,13,28.8,
HKO,香港天文台總部,1976,8,14,30.7,
HKO,香港天文台總部,1976,8,15,32.0,
HKO,香港天文台總部,1976,8,16,31.7,
HKO,香港天文台總部,1976,8,17,32.8,
HKO,香港天文台總部,1976,8,18,32.7,
HKO,香港天文台總部,1976,8,19,32.2,
HKO,香港天文台總部,1976,8,20,32.5,
HKO,香港天文台總部,1976,8,21,31.8,
HKO,香港天文台總部,1976,8,22,34.0,
HKO,香港天文台總部,1976,8,23,34.1,
HKO,香港天文台總部,1976,8,24,29.0,
HKO,香港天文台總部,1976,8,25,26.8,
HKO,香港天文台總部,1976,8,26,30.6,
HKO,香港天文台總部,1976,8,27,31.0,
HKO,香港天文台總部,1976,8,28,29.7,
HKO,香港天文台總部,1976,8,29,31.1,
HKO,香港天文台總部,1976,8,30,32.1,
HKO,香港天文台總部,1976,8,31,32.6,
HKO,香港天文台總部,1976,9,1,32.3,
HKO,香港天文台總部,1976,9,2,31.9,
HKO,香港天文台總部,1976,9,3,32.1,
HKO,香港天文台總部,1976,9,4,30.8,
HKO,香港天文台總部,1976,9,5,31.3,
HKO,香港天文台總部,1976,9,6,31.9,
HKO,香港天文台總部,1976,9,7,32.2,
HKO,香港天文台總部,1976,9,8,32.6,
HKO,香港天文台總部,1976,9,9,32.0,
HKO,香港天文台總部,1976,9,10,30.8,
HKO,香港天文台總部,1976,9,11,31.6,
HKO,香港天文台總部,1976,9,12,32.0,
HKO,香港天文台總部,1976,9,13,31.6,
HKO,香港天文台總部,1976,9,14,31.3,
HKO,香港天文台總部,1976,9,15,30.6,
HKO,香港天文台總部,1976,9,16,31.2,
HKO,香港天文台總部,1976,9,17,32.4,
HKO,香港天文台總部,1976,9,18,28.8,
HKO,香港天文台總部,1976,9,19,27.5,
HKO,香港天文台總部,1976,9,20,28.2,
HKO,香港天文台總部,1976,9,21,27.5,
HKO,香港天文台總部,1976,9,22,25.5,
HKO,香港天文台總部,1976,9,23,25.6,
HKO,香港天文台總部,1976,9,24,28.6,
HKO,香港天文台總部,1976,9,25,25.3,
HKO,香港天文台總部,1976,9,26,26.3,
HKO,香港天文台總部,1976,9,27,25.2,
HKO,香港天文台總部,1976,9,28,25.2,
HKO,香港天文台總部,1976,9,29,24.5,
HKO,香港天文台總部,1976,9,30,27.3,
HKO,香港天文台總部,1977,6,1,31.7,
HKO,香港天文台總部,1977,6,2,30.5,
HKO,香港天文台總部,1977,6,3,28.4,
HKO,香港天文台總部,1977,6,4,30.9,
HKO,香港天文台總部,1977,6,5,31.1,
HKO,香港天文台總部,1977,6,6,31.4,
HKO,香港天文台總部,1977,6,7,31.6,
HKO,香港天文台總部,1977,6,8,31.3,
HKO,香港天文台總部,1977,6,9,31.5,
HKO,香港天文台總部,1977,6,10,32.0,
HKO,香港天文台總部,1977,6,11,31.9,
HKO,香港天文台總部,1977,6,12,32.9,
HKO,香港天文台總部,1977,6,13,32.9,
HKO,香港天文台總部,1977,6,14,32.2,
HKO,香港天文台總部,1977,6,15,32.4,
HKO,香港天文台總部,1977,6,16,32.8,
HKO,香港天文台總部,1977,6,17,32.4,
HKO,香港天文台總部,1977,6,18,31.1,
HKO,香港天文台總部,1977,6,19,32.1,
HKO,香港天文台總部,1977,6,20,31.8,
HKO,香港天文台總部,1977,6,21,30.1,
HKO,香港天文台總部,1977,6,22,30.1,
HKO,香港天文台總部,1977,6,23,31.8,
HKO,香港天文台總部,1977,6,24,31.1,
HKO,香港天文台總部,1977,6,25,30.7,
HKO,香港天文台總部,1977,6,26,30.1,
HKO,香港天文台總部,1977,6,27,31.7,
HKO,香港天文台總部,1977,6,28,32.6,
HKO,香港天文台總部,1977,6,29,31.6,
HKO,香港天文台總部,1977,6,30,30.7,
HKO,香港天文台總部,1977,7,1,31.8,
HKO,香港天文台總部,1977,7,2,29.2,
HKO,香港天文台總部,1977,7,3,31.8,
HKO,香港天文台總部,1977,7,4,31.8,
HKO,香港天文台總部,1977,7,5,28.0,
HKO,香港天文台總部,1977,7,6,28.9,
HKO,香港天文台總部,1977,7,7,31.9,
HKO,香港天文台總部,1977,7,8,32.1,
HKO,香港天文台總部,1977,7,9,32.6,
HKO,香港天文台總部,1977,7,10,32.7,
HKO,香港天文台總部,1977,7,11,32.9,
HKO,香港天文台總部,1977,7,12,32.8,
HKO,香港天文台總部,1977,7,13,32.5,
HKO,香港天文台總部,1977,7,14,30.9,
HKO,香港天文台總部,1977,7,15,31.4,
HKO,香港天文台總部,1977,7,16,32.8,
HKO,香港天文台總部,1977,7,17,32.7,
HKO,香港天文台總部,1977,7,18,33.7,
HKO,香港天文台總部,1977,7,19,31.6,
HKO,香港天文台總部,1977,7,20,28.5,
HKO,香港天文台總部,1977,7,21,29.2,
HKO,香港天文台總部,1977,7,22,31.8,
HKO,香港天文台總部,1977,7,23,30.0,
HKO,香港天文台總部,1977,7,24,33.2,
HKO,香港天文台總部,1977,7,25,33.8,
HKO,香港天文台總部,1977,7,26,30.4,
HKO,香港天文台總部,1977,7,27,30.5,
HKO,香港天文台總部,1977,7,28,31.3,
HKO,香港天文台總部,1977,7,29,30.1,
HKO,香港天文台總部,1977,7,30,32.5,
HKO,香港天文台總部,1977,7,31,32.2,
HKO,香港天文台總部,1977,8,1,32.1,
HKO,香港天文台總部,1977,8,2,29.6,
HKO,香港天文台總部,1977,8,3,27.1,
HKO,香港天文台總部,1977,8,4,30.8,
HKO,香港天文台總部,1977,8,5,31.8,
HKO,香港天文台總部,1977,8,6,32.4,
HKO,香港天文台總部,1977,8,7,32.5,
HKO,香港天文台總部,1977,8,8,32.3,
HKO,香港天文台總部,1977,8,9,32.5,
HKO,香港天文台總部,1977,8,10,31.3,
HKO,香港天文台總部,1977,8,11,32.0,
HKO,香港天文台總部,1977,8,12,32.5,
HKO,香港天文台總部,1977,8,13,32.7,
HKO,香港天文台總部,1977,8,14,32.5,
HKO,香港天文台總部,1977,8,15,32.9,
HKO,香港天文台總部,1977,8,16,33.0,
HKO,香港天文台總部,1977,8,17,32.4,
HKO,香港天文台總部,1977,8,18,32.8,
HKO,香港天文台總部,1977,8,19,33.9,
HKO,香港天文台總部,1977,8,20,33.6,
HKO,香港天文台總部,1977,8,21,32.1,
HKO,香港天文台總部,1977,8,22,32.1,
HKO,香港天文台總部,1977,8,23,34.0,
HKO,香港天文台總部,1977,8,24,34.9,
HKO,香港天文台總部,1977,8,25,32.7,
HKO,香港天文台總部,1977,8,26,32.1,
HKO,香港天文台總部,1977,8,27,31.9,
HKO,香港天文台總部,1977,8,28,32.5,
HKO,香港天文台總部,1977,8,29,30.9,
HKO,香港天文台總部,1977,8,30,29.2,
HKO,香港天文台總部,1977,8,31,32.5,
HKO,香港天文台總部,1977,9,1,32.2,
HKO,香港天文台總部,1977,9,2,33.0,
HKO,香港天文台總部,1977,9,3,30.8,
HKO,香港天文台總部,1977,9,4,30.2,
HKO,香港天文台總部,1977,9,5,27.8,
HKO,香港天文台總部,1977,9,6,29.5,
HKO,香港天文台總部,1977,9,7,31.4,
HKO,香港天文台總部,1977,9,8,32.2,
HKO,香港天文台總部,1977,9,9,32.8,
HKO,香港天文台總部,1977,9,10,31.4,
HKO,香港天文台總部,1977,9,11,32.0,
HKO,香港天文台總部,1977,9,12,31.9,
HKO,香港天文台總部,1977,9,13,31.3,
HKO,香港天文台總部,1977,9,14,30.6,
HKO,香港天文台總部,1977,9,15,33.1,
HKO,香港天文台總部,1977,9,16,32.5,
HKO,香港天文台總部,1977,9,17,33.7,
HKO,香港天文台總部,1977,9,18,33.4,
HKO,香港天文台總部,1977,9,19,33.8,
HKO,香港天文台總部,1977,9,20,31.9,
HKO,香港天文台總部,1977,9,21,31.0,
HKO,香港天文台總部,1977,9,22,25.5,
HKO,香港天文台總部,1977,9,23,29.2,
HKO,香港天文台總部,1977,9,24,28.2,
HKO,香港天文台總部,1977,9,25,28.8,
HKO,香港天文台總部,1977,9,26,27.8,
HKO,香港天文台總部,1977,9,27,30.5,
HKO,香港天文台總部,1977,9,28,30.9,
HKO,香港天文台總部,1977,9,29,31.4,
HKO,香港天文台總部,1977,9,30,29.0,
HKO,香港天文台總部,1978,6,1,29.5,
HKO,香港天文台總部,1978,6,2,28.0,
HKO,香港天文台總部,1978,6,3,30.0,
HKO,香港天文台總部,1978,6,4,29.3,
HKO,香港天文台總部,1978,6,5,26.1,
HKO,香港天文台總部,1978,6,6,29.5,
HKO,香港天文台總部,1978,6,7,31.2,
HKO,香港天文台總部,1978,6,8,28.3,
HKO,香港天文台總部,1978,6,9,31.7,
HKO,香港天文台總部,1978,6,10,32.9,
HKO,香港天文台總部,1978,6,11,31.9,
HKO,香港天文台總部,1978,6,12,32.6,
HKO,香港天文台總部,1978,6,13,32.8,
HKO,香港天文台總部,1978,6,14,33.2,
HKO,香港天文台總部,1978,6,15,33.0,
HKO,香港天文台總部,1978,6,16,32.5,
HKO,香港天文台總部,1978,6,17,32.8,
HKO,香港天文台總部,1978,6,18,33.2,
HKO,香港天文台總部,1978,6,19,32.7,
HKO,香港天文台總部,1978,6,20,33.4,
HKO,香港天文台總部,1978,6,21,32.6,
HKO,香港天文台總部,1978,6,22,32.1,
HKO,香港天文台總部,1978,6,23,31.2,
HKO,香港天文台總部,1978,6,24,33.0,
HKO,香港天文台總部,1978,6,25,31.6,
HKO,香港天文台總部,1978,6,26,30.1,
HKO,香港天文台總部,1978,6,27,29.0,
HKO,香港天文台總部,1978,6,28,31.9,
HKO,香港天文台總部,1978,6,29,33.0,
HKO,香港天文台總部,1978,6,30,32.6,
HKO,香港天文台總部,1978,7,1,32.7,
HKO,香港天文台總部,1978,7,2,32.4,
HKO,香港天文台總部,1978,7,3,32.3,
HKO,香港天文台總部,1978,7,4,33.3,
HKO,香港天文台總部,1978,7,5,33.1,
HKO,香港天文台總部,1978,7,6,34.0,
HKO,香港天文台總部,1978,7,7,33.4,
HKO,香港天文台總部,1978,7,8,33.1,
HKO,香港天文台總部,1978,7,9,33.0,
HKO,香港天文台總部,1978,7,10,33.2,
HKO,香港天文台總部,1978,7,11,33.3,
HKO,香港天文台總部,1978,7,12,33.4,
HKO,香港天文台總部,1978,7,13,33.4,
HKO,香港天文台總部,1978,7,14,33.4,
HKO,香港天文台總部,1978,7,15,33.7,
HKO,香港天文台總部,1978,7,16,33.5,
HKO,香港天文台總部,1978,7,17,33.4,
HKO,香港天文台總部,1978,7,18,33.8,
HKO,香港天文台總部,1978,7,19,33.5,
HKO,香港天文台總部,1978,7,20,33.6,
HKO,香港天文台總部,1978,7,21,33.5,
HKO,香港天文台總部,1978,7,22,34.2,
HKO,香港天文台總部,1978,7,23,31.7,
HKO,香港天文台總部,1978,7,24,32.7,
HKO,香港天文台總部,1978,7,25,29.7,
HKO,香港天文台總部,1978,7,26,28.1,
HKO,香港天文台總部,1978,7,27,26.2,
HKO,香港天文台總部,1978,7,28,26.5,
HKO,香港天文台總部,1978,7,29,26.6,
HKO,香港天文台總部,1978,7,30,28.1,
HKO,香港天文台總部,1978,7,31,31.1,
HKO,香港天文台總部,1978,8,1,32.4,
HKO,香港天文台總部,1978,8,2,32.0,
HKO,香港天文台總部,1978,8,3,32.5,
HKO,香港天文台總部,1978,8,4,30.8,
HKO,香港天文台總部,1978,8,5,32.8,
HKO,香港天文台總部,1978,8,6,31.3,
HKO,香港天文台總部,1978,8,7,31.5,
HKO,香港天文台總部,1978,8,8,32.5,
HKO,香港天文台總部,1978,8,9,29.7,
HKO,香港天文台總部,1978,8,10,29.6,
HKO,香港天文台總部,1978,8,11,30.0,
HKO,香港天文台總部,1978,8,12,31.2,
HKO,香港天文台總部,1978,8,13,32.8,
HKO,香港天文台總部,1978,8,14,32.2,
HKO,香港天文台總部,1978,8,15,33.6,
HKO,香港天文台總部,1978,8,16,32.6,
HKO,香港天文台總部,1978,8,17,32.2,
HKO,香港天文台總部,1978,8,18,32.2,
HKO,香港天文台總部,1978,8,19,30.1,
HKO,香港天文台總部,1978,8,20,29.9,
HKO,香港天文台總部,1978,8,21,28.9,
HKO,香港天文台總部,1978,8,22,28.7,
HKO,香港天文台總部,1978,8,23,30.4,
HKO,香港天文台總部,1978,8,24,32.2,
HKO,香港天文台總部,1978,8,25,32.7,
HKO,香港天文台總部,1978,8,26,31.4,
HKO,香港天文台總部,1978,8,27,28.6,
HKO,香港天文台總部,1978,8,28,30.8,
HKO,香港天文台總部,1978,8,29,29.9,
HKO,香港天文台總部,1978,8,30,31.6,
HKO,香港天文台總部,1978,8,31,32.0,
HKO,香港天文台總部,1978,9,1,32.2,
HKO,香港天文台總部,1978,9,2,30.9,
HKO,香港天文台總部,1978,9,3,30.9,
HKO,香港天文台總部,1978,9,4,31.1,
HKO,香港天文台總部,1978,9,5,32.8,
HKO,香港天文台總部,1978,9,6,32.4,
HKO,香港天文台總部,1978,9,7,31.3,
HKO,香港天文台總部,1978,9,8,30.8,
HKO,香港天文台總部,1978,9,9,31.2,
HKO,香港天文台總部,1978,9,10,31.4,
HKO,香港天文台總部,1978,9,11,30.7,
HKO,香港天文台總部,1978,9,12,31.0,
HKO,香港天文台總部,1978,9,13,31.4,
HKO,香港天文台總部,1978,9,14,33.1,
HKO,香港天文台總部,1978,9,15,33.3,
HKO,香港天文台總部,1978,9,16,32.1,
HKO,香港天文台總部,1978,9,17,32.3,
HKO,香港天文台總部,1978,9,18,32.3,
HKO,香港天文台總部,1978,9,19,32.0,
HKO,香港天文台總部,1978,9,20,30.4,
HKO,香港天文台總部,1978,9,21,30.7,
HKO,香港天文台總部,1978,9,22,31.6,
HKO,香港天文台總部,1978,9,23,32.6,
HKO,香港天文台總部,1978,9,24,28.2,
HKO,香港天文台總部,1978,9,25,27.1,
HKO,香港天文台總部,1978,9,26,28.6,
HKO,香港天文台總部,1978,9,27,30.4,
HKO,香港天文台總部,1978,9,28,31.2,
HKO,香港天文台總部,1978,9,29,29.9,
HKO,香港天文台總部,1978,9,30,26.6,
HKO,香港天文台總部,1979,6,1,28.3,
HKO,香港天文台總部,1979,6,2,28.1,
HKO,香港天文台總部,1979,6,3,30.2,
HKO,香港天文台總部,1979,6,4,30.5,
HKO,香港天文台總部,1979,6,5,29.8,
HKO,香港天文台總部,1979,6,6,31.9,
HKO,香港天文台總部,1979,6,7,31.0,
HKO,香港天文台總部,1979,6,8,29.8,
HKO,香港天文台總部,1979,6,9,29.1,
HKO,香港天文台總部,1979,6,10,29.8,
HKO,香港天文台總部,1979,6,11,28.4,
HKO,香港天文台總部,1979,6,12,27.1,
HKO,香港天文台總部,1979,6,13,25.3,
HKO,香港天文台總部,1979,6,14,28.5,
HKO,香港天文台總部,1979,6,15,29.4,
HKO,香港天文台總部,1979,6,16,29.3,
HKO,香港天文台總部,1979,6,17,26.9,
HKO,香港天文台總部,1979,6,18,29.1,
HKO,香港天文台總部,1979,6,19,31.2,
HKO,香港天文台總部,1979,6,20,31.3,
HKO,香港天文台總部,1979,6,21,32.3,
HKO,香港天文台總部,1979,6,22,32.0,
HKO,香港天文台總部,1979,6,23,30.8,
HKO,香港天文台總部,1979,6,24,30.6,
HKO,香港天文台總部,1979,6,25,30.5,
HKO,香港天文台總部,1979,6,26,31.3,
HKO,香港天文台總部,1979,6,27,30.2,
HKO,香港天文台總部,1979,6,28,30.6,
HKO,香港天文台總部,1979,6,29,29.2,
HKO,香港天文台總部,1979,6,30,28.4,
HKO,香港天文台總部,1979,7,1,30.3,
HKO,香港天文台總部,1979,7,2,31.1,
HKO,香港天文台總部,1979,7,3,32.5,
HKO,香港天文台總部,1979,7,4,32.7,
HKO,香港天文台總部,1979,7,5,33.8,
HKO,香港天文台總部,1979,7,6,30.0,
HKO,香港天文台總部,1979,7,7,32.2,
HKO,香港天文台總部,1979,7,8,32.2,
HKO,香港天文台總部,1979,7,9,33.4,
HKO,香港天文台總部,1979,7,10,32.7,
HKO,香港天文台總部,1979,7,11,31.4,
HKO,香港天文台總部,1979,7,12,32.2,
HKO,香港天文台總部,1979,7,13,32.7,
HKO,香港天文台總部,1979,7,14,32.2,
HKO,香港天文台總部,1979,7,15,32.5,
HKO,香港天文台總部,1979,7,16,32.3,
HKO,香港天文台總部,1979,7,17,33.2,
HKO,香港天文台總部,1979,7,18,33.2,
HKO,香港天文台總部,1979,7,19,33.0,
HKO,香港天文台總部,1979,7,20,33.1,
HKO,香港天文台總部,1979,7,21,33.2,
HKO,香港天文台總部,1979,7,22,33.3,
HKO,香港天文台總部,1979,7,23,32.8,
HKO,香港天文台總部,1979,7,24,32.9,
HKO,香港天文台總部,1979,7,25,32.9,
HKO,香港天文台總部,1979,7,26,32.8,
HKO,香港天文台總部,1979,7,27,32.4,
HKO,香港天文台總部,1979,7,28,33.1,
HKO,香港天文台總部,1979,7,29,31.6,
HKO,香港天文台總部,1979,7,30,27.1,
HKO,香港天文台總部,1979,7,31,27.0,
HKO,香港天文台總部,1979,8,1,32.1,
HKO,香港天文台總部,1979,8,2,29.6,
HKO,香港天文台總部,1979,8,3,28.3,
HKO,香港天文台總部,1979,8,4,29.8,
HKO,香港天文台總部,1979,8,5,32.3,
HKO,香港天文台總部,1979,8,6,30.0,
HKO,香港天文台總部,1979,8,7,33.1,
HKO,香港天文台總部,1979,8,8,30.7,
HKO,香港天文台總部,1979,8,9,27.8,
HKO,香港天文台總部,1979,8,10,27.0,
HKO,香港天文台總部,1979,8,11,30.2,
HKO,香港天文台總部,1979,8,12,29.5,
HKO,香港天文台總部,1979,8,13,31.8,
HKO,香港天文台總部,1979,8,14,33.5,
HKO,香港天文台總部,1979,8,15,33.2,
HKO,香港天文台總部,1979,8,16,33.3,
HKO,香港天文台總部,1979,8,17,30.6,
HKO,香港天文台總部,1979,8,18,30.2,
HKO,香港天文台總部,1979,8,19,28.8,
HKO,香港天文台總部,1979,8,20,30.4,
HKO,香港天文台總部,1979,8,21,32.1,
HKO,香港天文台總部,1979,8,22,33.1,
HKO,香港天文台總部,1979,8,23,31.8,
HKO,香港天文台總部,1979,8,24,30.9,
HKO,香港天文台總部,1979,8,25,31.4,
HKO,香港天文台總部,1979,8,26,30.7,
HKO,香港天文台總部,1979,8,27,32.8,
HKO,香港天文台總部,1979,8,28,32.2,
HKO,香港天文台總部,1979,8,29,31.7,
HKO,香港天文台總部,1979,8,30,29.6,
HKO,香港天文台總部,1979,8,31,30.9,
HKO,香港天文台總部,1979,9,1,29.1,
HKO,香港天文台總部,1979,9,2,29.6,
HKO,香港天文台總部,1979,9,3,30.4,
HKO,香港天文台總部,1979,9,4,31.3,
HKO,香港天文台總部,1979,9,5,30.5,
HKO,香港天文台總部,1979,9,6,31.2,
HKO,香港天文台總部,1979,9,7,31.5,
HKO,香港天文台總部,1979,9,8,32.2,
HKO,香港天文台總部,1979,9,9,31.3,
HKO,香港天文台總部,1979,9,10,30.0,
HKO,香港天文台總部,1979,9,11,27.3,
HKO,香港天文台總部,1979,9,12,27.6,
HKO,香港天文台總部,1979,9,13,31.3,
HKO,香港天文台總部,1979,9,14,32.6,
HKO,香港天文台總部,1979,9,15,32.9,
HKO,香港天文台總部,1979,9,16,32.6,
HKO,香港天文台總部,1979,9,17,31.1,
HKO,香港天文台總部,1979,9,18,30.3,
HKO,香港天文台總部,1979,9,19,29.1,
HKO,香港天文台總部,1979,9,20,28.7,
HKO,香港天文台總部,1979,9,21,30.5,
HKO,香港天文台總部,1979,9,22,31.5,
HKO,香港天文台總部,1979,9,23,27.1,
HKO,香港天文台總部,1979,9,24,28.8,
HKO,香港天文台總部,1979,9,25,27.5,
HKO,香港天文台總部,1979,9,26,28.6,
HKO,香港天文台總部,1979,9,27,29.0,
HKO,香港天文台總部,1979,9,28,28.7,
HKO,香港天文台總部,1979,9,29,29.6,
HKO,香港天文台總部,1979,9,30,29.6,
HKO,香港天文台總部,1980,6,1,28.1,
HKO,香港天文台總部,1980,6,2,28.2,
HKO,香港天文台總部,1980,6,3,26.2,
HKO,香港天文台總部,1980,6,4,24.8,
HKO,香港天文台總部,1980,6,5,28.1,
HKO,香港天文台總部,1980,6,6,30.0,
HKO,香港天文台總部,1980,6,7,30.3,
HKO,香港天文台總部,1980,6,8,31.7,
HKO,香港天文台總部,1980,6,9,31.9,
HKO,香港天文台總部,1980,6,10,31.7,
HKO,香港天文台總部,1980,6,11,32.8,
HKO,香港天文台總部,1980,6,12,33.1,
HKO,香港天文台總部,1980,6,13,32.8,
HKO,香港天文台總部,1980,6,14,33.4,
HKO,香港天文台總部,1980,6,15,32.9,
HKO,香港天文台總部,1980,6,16,32.9,
HKO,香港天文台總部,1980,6,17,33.7,
HKO,香港天文台總部,1980,6,18,33.8,
HKO,香港天文台總部,1980,6,19,34.3,
HKO,香港天文台總部,1980,6,20,34.3,
HKO,香港天文台總部,1980,6,21,34.0,
HKO,香港天文台總部,1980,6,22,34.8,
HKO,香港天文台總部,1980,6,23,33.2,
HKO,香港天文台總部,1980,6,24,33.6,
HKO,香港天文台總部,1980,6,25,32.9,
HKO,香港天文台總部,1980,6,26,31.2,
HKO,香港天文台總部,1980,6,27,29.3,
HKO,香港天文台總部,1980,6,28,31.2,
HKO,香港天文台總部,1980,6,29,30.5,
HKO,香港天文台總部,1980,6,30,32.7,
HKO,香港天文台總部,1980,7,1,32.5,
HKO,香港天文台總部,1980,7,2,34.0,
HKO,香港天文台總部,1980,7,3,33.0,
HKO,香港天文台總部,1980,7,4,32.6,
HKO,香港天文台總部,1980,7,5,32.7,
HKO,香港天文台總部,1980,7,6,33.5,
HKO,香港天文台總部,1980,7,7,32.9,
HKO,香港天文台總部,1980,7,8,32.9,
HKO,香港天文台總部,1980,7,9,33.7,
HKO,香港天文台總部,1980,7,10,35.0,
HKO,香港天文台總部,1980,7,11,31.7,
HKO,香港天文台總部,1980,7,12,29.3,
HKO,香港天文台總部,1980,7,13,29.0,
HKO,香港天文台總部,1980,7,14,29.7,
HKO,香港天文台總部,1980,7,15,32.1,
HKO,香港天文台總部,1980,7,16,32.2,
HKO,香港天文台總部,1980,7,17,32.9,
HKO,香港天文台總部,1980,7,18,30.2,
HKO,香港天文台總部,1980,7,19,31.0,
HKO,香港天文台總部,1980,7,20,32.1,
HKO,香港天文台總部,1980,7,21,32.5,
HKO,香港天文台總部,1980,7,22,30.4,
HKO,香港天文台總部,1980,7,23,28.6,
HKO,香港天文台總部,1980,7,24,31.8,
HKO,香港天文台總部,1980,7,25,32.6,
HKO,香港天文台總部,1980,7,26,33.2,
HKO,香港天文台總部,1980,7,27,28.4,
HKO,香港天文台總部,1980,7,28,28.4,
HKO,香港天文台總部,1980,7,29,32.1,
HKO,香港天文台總部,1980,7,30,31.5,
HKO,香港天文台總部,1980,7,31,31.6,
HKO,香港天文台總部,1980,8,1,31.6,
HKO,香港天文台總部,1980,8,2,32.2,
HKO,香港天文台總部,1980,8,3,32.0,
HKO,香港天文台總部,1980,8,4,32.1,
HKO,香港天文台總部,1980,8,5,30.4,
HKO,香港天文台總部,1980,8,6,31.6,
HKO,香港天文台總部,1980,8,7,28.7,
HKO,香港天文台總部,1980,8,8,31.8,
HKO,香港天文台總部,1980,8,9,29.9,
HKO,香港天文台總部,1980,8,10,31.5,
HKO,香港天文台總部,1980,8,11,31.9,
HKO,香港天文台總部,1980,8,12,31.4,
HKO,香港天文台總部,1980,8,13,32.2,
HKO,香港天文台總部,1980,8,14,32.7,
HKO,香港天文台總部,1980,8,15,32.7,
HKO,香港天文台總部,1980,8,16,32.5,
HKO,香港天文台總部,1980,8,17,32.9,
HKO,香港天文台總部,1980,8,18,29.1,
HKO,香港天文台總部,1980,8,19,31.4,
HKO,香港天文台總部,1980,8,20,31.4,
HKO,香港天文台總部,1980,8,21,32.7,
HKO,香港天文台總部,1980,8,22,32.6,
HKO,香港天文台總部,1980,8,23,31.6,
HKO,香港天文台總部,1980,8,24,32.1,
HKO,香港天文台總部,1980,8,25,32.3,
HKO,香港天文台總部,1980,8,26,31.7,
HKO,香港天文台總部,1980,8,27,32.6,
HKO,香港天文台總部,1980,8,28,32.5,
HKO,香港天文台總部,1980,8,29,32.8,
HKO,香港天文台總部,1980,8,30,30.3,
HKO,香港天文台總部,1980,8,31,30.7,
HKO,香港天文台總部,1980,9,1,28.3,
HKO,香港天文台總部,1980,9,2,29.0,
HKO,香港天文台總部,1980,9,3,31.1,
HKO,香港天文台總部,1980,9,4,30.8,
HKO,香港天文台總部,1980,9,5,30.0,
HKO,香港天文台總部,1980,9,6,32.3,
HKO,香港天文台總部,1980,9,7,31.9,
HKO,香港天文台總部,1980,9,8,32.9,
HKO,香港天文台總部,1980,9,9,31.9,
HKO,香港天文台總部,1980,9,10,31.2,
HKO,香港天文台總部,1980,9,11,30.9,
HKO,香港天文台總部,1980,9,12,31.0,
HKO,香港天文台總部,1980,9,13,31.0,
HKO,香港天文台總部,1980,9,14,28.0,
HKO,香港天文台總部,1980,9,15,28.4,
HKO,香港天文台總部,1980,9,16,30.6,
HKO,香港天文台總部,1980,9,17,32.1,
HKO,香港天文台總部,1980,9,18,31.5,
HKO,香港天文台總部,1980,9,19,29.8,
HKO,香港天文台總部,1980,9,20,28.5,
HKO,香港天文台總部,1980,9,21,30.7,
HKO,香港天文台總部,1980,9,22,30.7,
HKO,香港天文台總部,1980,9,23,29.5,
HKO,香港天文台總部,1980,9,24,29.5,
HKO,香港天文台總部,1980,9,25,28.8,
HKO,香港天文台總部,1980,9,26,29.4,
HKO,香港天文台總部,1980,9,27,29.4,
HKO,香港天文台總部,1980,9,28,28.0,
HKO,香港天文台總部,1980,9,29,29.1,
HKO,香港天文台總部,1980,9,30,28.5,
HKO,香港天文台總部,1981,6,1,26.8,
HKO,香港天文台總部,1981,6,2,25.3,
HKO,香港天文台總部,1981,6,3,25.9,
HKO,香港天文台總部,1981,6,4,25.2,
HKO,香港天文台總部,1981,6,5,25.8,
HKO,香港天文台總部,1981,6,6,24.2,
HKO,香港天文台總部,1981,6,7,27.7,
HKO,香港天文台總部,1981,6,8,28.7,
HKO,香港天文台總部,1981,6,9,28.7,
HKO,香港天文台總部,1981,6,10,27.4,
HKO,香港天文台總部,1981,6,11,28.7,
HKO,香港天文台總部,1981,6,12,28.3,
HKO,香港天文台總部,1981,6,13,30.0,
HKO,香港天文台總部,1981,6,14,30.0,
HKO,香港天文台總部,1981,6,15,30.4,
HKO,香港天文台總部,1981,6,16,29.8,
HKO,香港天文台總部,1981,6,17,30.2,
HKO,香港天文台總部,1981,6,18,30.4,
HKO,香港天文台總部,1981,6,19,32.5,
HKO,香港天文台總部,1981,6,20,32.3,
HKO,香港天文台總部,1981,6,21,33.1,
HKO,香港天文台總部,1981,6,22,32.8,
HKO,香港天文台總部,1981,6,23,30.7,
HKO,香港天文台總部,1981,6,24,30.3,
HKO,香港天文台總部,1981,6,25,29.7,
HKO,香港天文台總部,1981,6,26,32.0,
HKO,香港天文台總部,1981,6,27,31.4,
HKO,香港天文台總部,1981,6,28,29.5,
HKO,香港天文台總部,1981,6,29,30.4,
HKO,香港天文台總部,1981,6,30,29.0,
HKO,香港天文台總部,1981,7,1,29.1,
HKO,香港天文台總部,1981,7,2,30.2,
HKO,香港天文台總部,1981,7,3,29.7,
HKO,香港天文台總部,1981,7,4,30.6,
HKO,香港天文台總部,1981,7,5,31.7,
HKO,香港天文台總部,1981,7,6,29.5,
HKO,香港天文台總部,1981,7,7,29.1,
HKO,香港天文台總部,1981,7,8,30.7,
HKO,香港天文台總部,1981,7,9,31.6,
HKO,香港天文台總部,1981,7,10,31.5,
HKO,香港天文台總部,1981,7,11,31.2,
HKO,香港天文台總部,1981,7,12,31.6,
HKO,香港天文台總部,1981,7,13,32.3,
HKO,香港天文台總部,1981,7,14,32.0,
HKO,香港天文台總部,1981,7,15,32.0,
HKO,香港天文台總部,1981,7,16,33.2,
HKO,香港天文台總部,1981,7,17,33.3,
HKO,香港天文台總部,1981,7,18,29.7,
HKO,香港天文台總部,1981,7,19,31.3,
HKO,香港天文台總部,1981,7,20,32.0,
HKO,香港天文台總部,1981,7,21,31.5,
HKO,香港天文台總部,1981,7,22,30.2,
HKO,香港天文台總部,1981,7,23,29.6,
HKO,香港天文台總部,1981,7,24,30.0,
HKO,香港天文台總部,1981,7,25,29.3,
HKO,香港天文台總部,1981,7,26,29.4,
HKO,香港天文台總部,1981,7,27,28.6,
HKO,香港天文台總部,1981,7,28,29.3,
HKO,香港天文台總部,1981,7,29,31.9,
HKO,香港天文台總部,1981,7,30,32.1,
HKO,香港天文台總部,1981,7,31,31.9,
HKO,香港天文台總部,1981,8,1,30.0,
HKO,香港天文台總部,1981,8,2,28.5,
HKO,香港天文台總部,1981,8,3,28.7,
HKO,香港天文台總部,1981,8,4,31.5,
HKO,香港天文台總部,1981,8,5,32.0,
HKO,香港天文台總部,1981,8,6,31.4,
HKO,香港天文台總部,1981,8,7,32.4,
HKO,香港天文台總部,1981,8,8,32.9,
HKO,香港天文台總部,1981,8,9,31.0,
HKO,香港天文台總部,1981,8,10,31.7,
HKO,香港天文台總部,1981,8,11,32.2,
HKO,香港天文台總部,1981,8,12,32.7,
HKO,香港天文台總部,1981,8,13,32.7,
HKO,香港天文台總部,1981,8,14,32.4,
HKO,香港天文台總部,1981,8,15,32.9,
HKO,香港天文台總部,1981,8,16,31.7,
HKO,香港天文台總部,1981,8,17,31.7,
HKO,香港天文台總部,1981,8,18,31.4,
HKO,香港天文台總部,1981,8,19,32.5,
HKO,香港天文台總部,1981,8,20,32.2,
HKO,香港天文台總部,1981,8,21,33.3,
HKO,香港天文台總部,1981,8,22,32.8,
HKO,香港天文台總部,1981,8,23,32.2,
HKO,香港天文台總部,1981,8,24,31.9,
HKO,香港天文台總部,1981,8,25,32.8,
HKO,香港天文台總部,1981,8,26,33.3,
HKO,香港天文台總部,1981,8,27,29.6,
HKO,香港天文台總部,1981,8,28,30.7,
HKO,香港天文台總部,1981,8,29,30.5,
HKO,香港天文台總部,1981,8,30,31.8,
HKO,香港天文台總部,1981,8,31,31.0,
HKO,香港天文台總部,1981,9,1,31.2,
HKO,香港天文台總部,1981,9,2,31.5,
HKO,香港天文台總部,1981,9,3,28.9,
HKO,香港天文台總部,1981,9,4,28.1,
HKO,香港天文台總部,1981,9,5,26.9,
HKO,香港天文台總部,1981,9,6,28.0,
HKO,香港天文台總部,1981,9,7,27.1,
HKO,香港天文台總部,1981,9,8,28.7,
HKO,香港天文台總部,1981,9,9,30.6,
HKO,香港天文台總部,1981,9,10,30.4,
HKO,香港天文台總部,1981,9,11,31.6,
HKO,香港天文台總部,1981,9,12,31.2,
HKO,香港天文台總部,1981,9,13,31.8,
HKO,香港天文台總部,1981,9,14,30.0,
HKO,香港天文台總部,1981,9,15,26.4,
HKO,香港天文台總部,1981,9,16,29.5,
HKO,香港天文台總部,1981,9,17,28.0,
HKO,香港天文台總部,1981,9,18,27.7,
HKO,香港天文台總部,1981,9,19,29.5,
HKO,香港天文台總部,1981,9,20,32.1,
HKO,香港天文台總部,1981,9,21,30.2,
HKO,香港天文台總部,1981,9,22,27.4,
HKO,香港天文台總部,1981,9,23,29.2,
HKO,香港天文台總部,1981,9,24,29.5,
HKO,香港天文台總部,1981,9,25,31.1,
HKO,香港天文台總部,1981,9,26,30.5,
HKO,香港天文台總部,1981,9,27,30.6,
HKO,香港天文台總部,1981,9,28,27.9,
HKO,香港天文台總部,1981,9,29,26.7,
HKO,香港天文台總部,1981,9,30,27.5,
HKO,香港天文台總部,1982,6,1,30.1,
HKO,香港天文台總部,1982,6,2,29.1,
HKO,香港天文台總部,1982,6,3,25.6,
HKO,香港天文台總部,1982,6,4,28.4,
HKO,香港天文台總部,1982,6,5,27.7,
HKO,香港天文台總部,1982,6,6,25.5,
HKO,香港天文台總部,1982,6,7,27.0,
HKO,香港天文台總部,1982,6,8,26.8,
HKO,香港天文台總部,1982,6,9,27.9,
HKO,香港天文台總部,1982,6,10,28.7,
HKO,香港天文台總部,1982,6,11,29.4,
HKO,香港天文台總部,1982,6,12,30.1,
HKO,香港天文台總部,1982,6,13,31.0,
HKO,香港天文台總部,1982,6,14,30.7,
HKO,香港天文台總部,1982,6,15,31.4,
HKO,香港天文台總部,1982,6,16,31.5,
HKO,香港天文台總部,1982,6,17,31.2,
HKO,香港天文台總部,1982,6,18,31.4,
HKO,香港天文台總部,1982,6,19,31.3,
HKO,香港天文台總部,1982,6,20,31.5,
HKO,香港天文台總部,1982,6,21,31.7,
HKO,香港天文台總部,1982,6,22,31.2,
HKO,香港天文台總部,1982,6,23,28.1,
HKO,香港天文台總部,1982,6,24,26.4,
HKO,香港天文台總部,1982,6,25,28.7,
HKO,香港天文台總部,1982,6,26,29.2,
HKO,香港天文台總部,1982,6,27,29.8,
HKO,香港天文台總部,1982,6,28,31.1,
HKO,香港天文台總部,1982,6,29,27.7,
HKO,香港天文台總部,1982,6,30,27.2,
HKO,香港天文台總部,1982,7,1,27.3,
HKO,香港天文台總部,1982,7,2,27.7,
HKO,香港天文台總部,1982,7,3,26.0,
HKO,香港天文台總部,1982,7,4,27.5,
HKO,香港天文台總部,1982,7,5,29.4,
HKO,香港天文台總部,1982,7,6,28.0,
HKO,香港天文台總部,1982,7,7,28.8,
HKO,香港天文台總部,1982,7,8,29.7,
HKO,香港天文台總部,1982,7,9,30.4,
HKO,香港天文台總部,1982,7,10,31.1,
HKO,香港天文台總部,1982,7,11,32.7,
HKO,香港天文台總部,1982,7,12,32.3,
HKO,香港天文台總部,1982,7,13,30.9,
HKO,香港天文台總部,1982,7,14,31.0,
HKO,香港天文台總部,1982,7,15,32.2,
HKO,香港天文台總部,1982,7,16,32.2,
HKO,香港天文台總部,1982,7,17,30.9,
HKO,香港天文台總部,1982,7,18,31.4,
HKO,香港天文台總部,1982,7,19,31.1,
HKO,香港天文台總部,1982,7,20,32.3,
HKO,香港天文台總部,1982,7,21,31.8,
HKO,香港天文台總部,1982,7,22,31.4,
HKO,香港天文台總部,1982,7,23,31.5,
HKO,香港天文台總部,1982,7,24,32.0,
HKO,香港天文台總部,1982,7,25,32.2,
HKO,香港天文台總部,1982,7,26,32.6,
HKO,香港天文台總部,1982,7,27,33.1,
HKO,香港天文台總部,1982,7,28,33.5,
HKO,香港天文台總部,1982,7,29,34.8,
HKO,香港天文台總部,1982,7,30,32.4,
HKO,香港天文台總部,1982,7,31,29.7,
HKO,香港天文台總部,1982,8,1,29.3,
HKO,香港天文台總部,1982,8,2,29.6,
HKO,香港天文台總部,1982,8,3,29.0,
HKO,香港天文台總部,1982,8,4,31.3,
HKO,香港天文台總部,1982,8,5,30.9,
HKO,香港天文台總部,1982,8,6,31.6,
HKO,香港天文台總部,1982,8,7,31.6,
HKO,香港天文台總部,1982,8,8,30.0,
HKO,香港天文台總部,1982,8,9,32.4,
HKO,香港天文台總部,1982,8,10,32.7,
HKO,香港天文台總部,1982,8,11,32.1,
HKO,香港天文台總部,1982,8,12,33.2,
HKO,香港天文台總部,1982,8,13,32.5,
HKO,香港天文台總部,1982,8,14,33.0,
HKO,香港天文台總部,1982,8,15,32.2,
HKO,香港天文台總部,1982,8,16,28.0,
HKO,香港天文台總部,1982,8,17,27.9,
HKO,香港天文台總部,1982,8,18,26.1,
HKO,香港天文台總部,1982,8,19,26.8,
HKO,香港天文台總部,1982,8,20,29.4,
HKO,香港天文台總部,1982,8,21,30.3,
HKO,香港天文台總部,1982,8,22,32.3,
HKO,香港天文台總部,1982,8,23,31.6,
HKO,香港天文台總部,1982,8,24,31.9,
HKO,香港天文台總部,1982,8,25,31.3,
HKO,香港天文台總部,1982,8,26,32.2,
HKO,香港天文台總部,1982,8,27,33.0,
HKO,香港天文台總部,1982,8,28,32.1,
HKO,香港天文台總部,1982,8,29,32.1,
HKO,香港天文台總部,1982,8,30,31.8,
HKO,香港天文台總部,1982,8,31,32.1,
HKO,香港天文台總部,1982,9,1,32.9,
HKO,香港天文台總部,1982,9,2,30.9,
HKO,香港天文台總部,1982,9,3,31.3,
HKO,香港天文台總部,1982,9,4,31.5,
HKO,香港天文台總部,1982,9,5,32.0,
HKO,香港天文台總部,1982,9,6,31.0,
HKO,香港天文台總部,1982,9,7,28.5,
HKO,香港天文台總部,1982,9,8,30.2,
HKO,香港天文台總部,1982,9,9,31.1,
HKO,香港天文台總部,1982,9,10,33.1,
HKO,香港天文台總部,1982,9,11,29.8,
HKO,香港天文台總部,1982,9,12,29.7,
HKO,香港天文台總部,1982,9,13,26.8,
HKO,香港天文台總部,1982,9,14,26.8,
HKO,香港天文台總部,1982,9,15,28.2,
HKO,香港天文台總部,1982,9,16,29.6,
HKO,香港天文台總部,1982,9,17,29.6,
HKO,香港天文台總部,1982,9,18,30.6,
HKO,香港天文台總部,1982,9,19,32.5,
HKO,香港天文台總部,1982,9,20,33.1,
HKO,香港天文台總部,1982,9,21,30.9,
HKO,香港天文台總部,1982,9,22,30.2,
HKO,香港天文台總部,1982,9,23,30.0,
HKO,香港天文台總部,1982,9,24,29.5,
HKO,香港天文台總部,1982,9,25,26.6,
HKO,香港天文台總部,1982,9,26,28.4,
HKO,香港天文台總部,1982,9,27,28.5,
HKO,香港天文台總部,1982,9,28,28.3,
HKO,香港天文台總部,1982,9,29,26.7,
HKO,香港天文台總部,1982,9,30,26.4,
HKO,香港天文台總部,1983,6,1,31.2,
HKO,香港天文台總部,1983,6,2,30.9,
HKO,香港天文台總部,1983,6,3,29.1,
HKO,香港天文台總部,1983,6,4,28.9,
HKO,香港天文台總部,1983,6,5,29.1,
HKO,香港天文台總部,1983,6,6,28.9,
HKO,香港天文台總部,1983,6,7,29.8,
HKO,香港天文台總部,1983,6,8,29.4,
HKO,香港天文台總部,1983,6,9,29.7,
HKO,香港天文台總部,1983,6,10,30.0,
HKO,香港天文台總部,1983,6,11,31.1,
HKO,香港天文台總部,1983,6,12,31.1,
HKO,香港天文台總部,1983,6,13,31.7,
HKO,香港天文台總部,1983,6,14,30.9,
HKO,香港天文台總部,1983,6,15,30.9,
HKO,香港天文台總部,1983,6,16,29.5,
HKO,香港天文台總部,1983,6,17,29.0,
HKO,香港天文台總部,1983,6,18,29.4,
HKO,香港天文台總部,1983,6,19,30.0,
HKO,香港天文台總部,1983,6,20,30.3,
HKO,香港天文台總部,1983,6,21,31.7,
HKO,香港天文台總部,1983,6,22,32.0,
HKO,香港天文台總部,1983,6,23,32.3,
HKO,香港天文台總部,1983,6,24,32.8,
HKO,香港天文台總部,1983,6,25,32.7,
HKO,香港天文台總部,1983,6,26,31.9,
HKO,香港天文台總部,1983,6,27,31.8,
HKO,香港天文台總部,1983,6,28,32.5,
HKO,香港天文台總部,1983,6,29,31.4,
HKO,香港天文台總部,1983,6,30,31.6,
HKO,香港天文台總部,1983,7,1,31.5,
HKO,香港天文台總部,1983,7,2,32.0,
HKO,香港天文台總部,1983,7,3,32.5,
HKO,香港天文台總部,1983,7,4,32.6,
HKO,香港天文台總部,1983,7,5,32.3,
HKO,香港天文台總部,1983,7,6,32.2,
HKO,香港天文台總部,1983,7,7,33.0,
HKO,香港天文台總部,1983,7,8,33.3,
HKO,香港天文台總部,1983,7,9,32.8,
HKO,香港天文台總部,1983,7,10,33.2,
HKO,香港天文台總部,1983,7,11,33.6,
HKO,香港天文台總部,1983,7,12,32.0,
HKO,香港天文台總部,1983,7,13,30.6,
HKO,香港天文台總部,1983,7,14,32.7,
HKO,香港天文台總部,1983,7,15,33.0,
HKO,香港天文台總部,1983,7,16,32.1,
HKO,香港天文台總部,1983,7,17,29.8,
HKO,香港天文台總部,1983,7,18,30.7,
HKO,香港天文台總部,1983,7,19,32.2,
HKO,香港天文台總部,1983,7,20,32.1,
HKO,香港天文台總部,1983,7,21,31.9,
HKO,香港天文台總部,1983,7,22,31.4,
HKO,香港天文台總部,1983,7,23,31.9,
HKO,香港天文台總部,1983,7,24,32.6,
HKO,香港天文台總部,1983,7,25,31.8,
HKO,香港天文台總部,1983,7,26,30.7,
HKO,香港天文台總部,1983,7,27,29.2,
HKO,香港天文台總部,1983,7,28,31.3,
HKO,香港天文台總部,1983,7,29,31.9,
HKO,香港天文台總部,1983,7,30,32.8,
HKO,香港天文台總部,1983,7,31,32.0,
HKO,香港天文台總部,1983,8,1,31.7,
HKO,香港天文台總部,1983,8,2,31.9,
HKO,香港天文台總部,1983,8,3,31.7,
HKO,香港天文台總部,1983,8,4,32.5,
HKO,香港天文台總部,1983,8,5,32.3,
HKO,香港天文台總部,1983,8,6,32.8,
HKO,香港天文台總部,1983,8,7,32.3,
HKO,香港天文台總部,1983,8,8,32.8,
HKO,香港天文台總部,1983,8,9,33.2,
HKO,香港天文台總部,1983,8,10,33.3,
HKO,香港天文台總部,1983,8,11,32.5,
HKO,香港天文台總部,1983,8,12,33.7,
HKO,香港天文台總部,1983,8,13,33.7,
HKO,香港天文台總部,1983,8,14,30.0,
HKO,香港天文台總部,1983,8,15,28.8,
HKO,香港天文台總部,1983,8,16,31.7,
HKO,香港天文台總部,1983,8,17,31.8,
HKO,香港天文台總部,1983,8,18,32.6,
HKO,香港天文台總部,1983,8,19,29.5,
HKO,香港天文台總部,1983,8,20,31.5,
HKO,香港天文台總部,1983,8,21,29.1,
HKO,香港天文台總部,1983,8,22,32.1,
HKO,香港天文台總部,1983,8,23,30.7,
HKO,香港天文台總部,1983,8,24,28.0,
HKO,香港天文台總部,1983,8,25,30.0,
HKO,香港天文台總部,1983,8,26,31.7,
HKO,香港天文台總部,1983,8,27,32.1,
HKO,香港天文台總部,1983,8,28,33.0,
HKO,香港天文台總部,1983,8,29,31.4,
HKO,香港天文台總部,1983,8,30,31.3,
HKO,香港天文台總部,1983,8,31,28.8,
HKO,香港天文台總部,1983,9,1,32.1,
HKO,香港天文台總部,1983,9,2,31.7,
HKO,香港天文台總部,1983,9,3,30.1,
HKO,香港天文台總部,1983,9,4,32.1,
HKO,香港天文台總部,1983,9,5,30.9,
HKO,香港天文台總部,1983,9,6,29.1,
HKO,香港天文台總部,1983,9,7,31.5,
HKO,香港天文台總部,1983,9,8,28.5,
HKO,香港天文台總部,1983,9,9,28.2,
HKO,香港天文台總部,1983,9,10,31.4,
HKO,香港天文台總部,1983,9,11,30.8,
HKO,香港天文台總部,1983,9,12,29.9,
HKO,香港天文台總部,1983,9,13,32.4,
HKO,香港天文台總部,1983,9,14,31.6,
HKO,香港天文台總部,1983,9,15,32.1,
HKO,香港天文台總部,1983,9,16,32.4,
HKO,香港天文台總部,1983,9,17,32.7,
HKO,香港天文台總部,1983,9,18,32.9,
HKO,香港天文台總部,1983,9,19,32.8,
HKO,香港天文台總部,1983,9,20,32.8,
HKO,香港天文台總部,1983,9,21,32.7,
HKO,香港天文台總部,1983,9,22,32.1,
HKO,香港天文台總部,1983,9,23,33.1,
HKO,香港天文台總部,1983,9,24,32.3,
HKO,香港天文台總部,1983,9,25,31.2,
HKO,香港天文台總部,1983,9,26,33.2,
HKO,香港天文台總部,1983,9,27,32.9,
HKO,香港天文台總部,1983,9,28,33.9,
HKO,香港天文台總部,1983,9,29,27.5,
HKO,香港天文台總部,1983,9,30,26.1,
HKO,香港天文台總部,1984,6,1,29.7,
HKO,香港天文台總部,1984,6,2,30.0,
HKO,香港天文台總部,1984,6,3,30.5,
HKO,香港天文台總部,1984,6,4,28.6,
HKO,香港天文台總部,1984,6,5,28.3,
HKO,香港天文台總部,1984,6,6,30.7,
HKO,香港天文台總部,1984,6,7,31.2,
HKO,香港天文台總部,1984,6,8,31.9,
HKO,香港天文台總部,1984,6,9,32.1,
HKO,香港天文台總部,1984,6,10,31.6,
HKO,香港天文台總部,1984,6,11,32.1,
HKO,香港天文台總部,1984,6,12,28.9,
HKO,香港天文台總部,1984,6,13,31.3,
HKO,香港天文台總部,1984,6,14,30.8,
HKO,香港天文台總部,1984,6,15,30.2,
HKO,香港天文台總部,1984,6,16,29.1,
HKO,香港天文台總部,1984,6,17,28.6,
HKO,香港天文台總部,1984,6,18,29.3,
HKO,香港天文台總部,1984,6,19,30.1,
HKO,香港天文台總部,1984,6,20,29.7,
HKO,香港天文台總部,1984,6,21,30.6,
HKO,香港天文台總部,1984,6,22,31.4,
HKO,香港天文台總部,1984,6,23,31.9,
HKO,香港天文台總部,1984,6,24,32.9,
HKO,香港天文台總部,1984,6,25,28.8,
HKO,香港天文台總部,1984,6,26,29.9,
HKO,香港天文台總部,1984,6,27,30.9,
HKO,香港天文台總部,1984,6,28,30.2,
HKO,香港天文台總部,1984,6,29,30.2,
HKO,香港天文台總部,1984,6,30,30.7,
HKO,香港天文台總部,1984,7,1,31.5,
HKO,香港天文台總部,1984,7,2,31.0,
HKO,香港天文台總部,1984,7,3,31.0,
HKO,香港天文台總部,1984,7,4,31.9,
HKO,香港天文台總部,1984,7,5,31.0,
HKO,香港天文台總部,1984,7,6,30.9,
HKO,香港天文台總部,1984,7,7,32.0,
HKO,香港天文台總部,1984,7,8,28.6,
HKO,香港天文台總部,1984,7,9,27.7,
HKO,香港天文台總部,1984,7,10,30.1,
HKO,香港天文台總部,1984,7,11,30.8,
HKO,香港天文台總部,1984,7,12,31.5,
HKO,香港天文台總部,1984,7,13,31.6,
HKO,香港天文台總部,1984,7,14,32.2,
HKO,香港天文台總部,1984,7,15,31.3,
HKO,香港天文台總部,1984,7,16,31.6,
HKO,香港天文台總部,1984,7,17,32.5,
HKO,香港天文台總部,1984,7,18,31.4,
HKO,香港天文台總部,1984,7,19,31.6,
HKO,香港天文台總部,1984,7,20,31.6,
HKO,香港天文台總部,1984,7,21,31.1,
HKO,香港天文台總部,1984,7,22,32.1,
HKO,香港天文台總部,1984,7,23,32.7,
HKO,香港天文台總部,1984,7,24,32.3,
HKO,香港天文台總部,1984,7,25,32.4,
HKO,香港天文台總部,1984,7,26,32.5,
HKO,香港天文台總部,1984,7,27,32.9,
HKO,香港天文台總部,1984,7,28,33.2,
HKO,香港天文台總部,1984,7,29,33.5,
HKO,香港天文台總部,1984,7,30,33.7,
HKO,香港天文台總部,1984,7,31,33.8,
HKO,香港天文台總部,1984,8,1,32.7,
HKO,香港天文台總部,1984,8,2,33.1,
HKO,香港天文台總部,1984,8,3,32.5,
HKO,香港天文台總部,1984,8,4,28.0,
HKO,香港天文台總部,1984,8,5,28.3,
HKO,香港天文台總部,1984,8,6,29.1,
HKO,香港天文台總部,1984,8,7,31.9,
HKO,香港天文台總部,1984,8,8,32.5,
HKO,香港天文台總部,1984,8,9,32.3,
HKO,香港天文台總部,1984,8,10,31.2,
HKO,香港天文台總部,1984,8,11,27.2,
HKO,香港天文台總部,1984,8,12,28.3,
HKO,香港天文台總部,1984,8,13,31.2,
HKO,香港天文台總部,1984,8,14,32.2,
HKO,香港天文台總部,1984,8,15,32.4,
HKO,香港天文台總部,1984,8,16,33.8,
HKO,香港天文台總部,1984,8,17,31.2,
HKO,香港天文台總部,1984,8,18,31.4,
HKO,香港天文台總部,1984,8,19,30.8,
HKO,香港天文台總部,1984,8,20,28.0,
HKO,香港天文台總部,1984,8,21,28.3,
HKO,香港天文台總部,1984,8,22,30.9,
HKO,香港天文台總部,1984,8,23,31.4,
HKO,香港天文台總部,1984,8,24,31.3,
HKO,香港天文台總部,1984,8,25,31.4,
HKO,香港天文台總部,1984,8,26,30.2,
HKO,香港天文台總部,1984,8,27,30.3,
HKO,香港天文台總部,1984,8,28,31.2,
HKO,香港天文台總部,1984,8,29,34.4,
HKO,香港天文台總部,1984,8,30,32.4,
HKO,香港天文台總部,1984,8,31,28.7,
HKO,香港天文台總部,1984,9,1,27.4,
HKO,香港天文台總部,1984,9,2,27.2,
HKO,香港天文台總部,1984,9,3,29.9,
HKO,香港天文台總部,1984,9,4,30.6,
HKO,香港天文台總部,1984,9,5,28.8,
HKO,香港天文台總部,1984,9,6,30.0,
HKO,香港天文台總部,1984,9,7,31.0,
HKO,香港天文台總部,1984,9,8,30.5,
HKO,香港天文台總部,1984,9,9,31.3,
HKO,香港天文台總部,1984,9,10,31.6,
HKO,香港天文台總部,1984,9,11,32.0,
HKO,香港天文台總部,1984,9,12,30.9,
HKO,香港天文台總部,1984,9,13,29.7,
HKO,香港天文台總部,1984,9,14,26.9,
HKO,香港天文台總部,1984,9,15,28.3,
HKO,香港天文台總部,1984,9,16,28.4,
HKO,香港天文台總部,1984,9,17,29.8,
HKO,香港天文台總部,1984,9,18,30.2,
HKO,香港天文台總部,1984,9,19,29.0,
HKO,香港天文台總部,1984,9,20,27.2,
HKO,香港天文台總部,1984,9,21,30.0,
HKO,香港天文台總部,1984,9,22,30.6,
HKO,香港天文台總部,1984,9,23,30.2,
HKO,香港天文台總部,1984,9,24,30.3,
HKO,香港天文台總部,1984,9,25,29.4,
HKO,香港天文台總部,1984,9,26,27.5,
HKO,香港天文台總部,1984,9,27,28.2,
HKO,香港天文台總部,1984,9,28,29.7,
HKO,香港天文台總部,1984,9,29,30.3,
HKO,香港天文台總部,1984,9,30,29.0,
HKO,香港天文台總部,1985,6,1,27.6,
HKO,香港天文台總部,1985,6,2,28.3,
HKO,香港天文台總部,1985,6,3,28.8,
HKO,香港天文台總部,1985,6,4,29.6,
HKO,香港天文台總部,1985,6,5,29.3,
HKO,香港天文台總部,1985,6,6,31.3,
HKO,香港天文台總部,1985,6,7,29.5,
HKO,香港天文台總部,1985,6,8,31.6,
HKO,香港天文台總部,1985,6,9,29.4,
HKO,香港天文台總部,1985,6,10,28.0,
HKO,香港天文台總部,1985,6,11,30.3,
HKO,香港天文台總部,1985,6,12,31.6,
HKO,香港天文台總部,1985,6,13,29.4,
HKO,香港天文台總部,1985,6,14,27.5,
HKO,香港天文台總部,1985,6,15,27.3,
HKO,香港天文台總部,1985,6,16,28.9,
HKO,香港天文台總部,1985,6,17,30.0,
HKO,香港天文台總部,1985,6,18,27.7,
HKO,香港天文台總部,1985,6,19,26.2,
HKO,香港天文台總部,1985,6,20,26.0,
HKO,香港天文台總部,1985,6,21,28.7,
HKO,香港天文台總部,1985,6,22,32.2,
HKO,香港天文台總部,1985,6,23,32.0,
HKO,香港天文台總部,1985,6,24,28.7,
HKO,香港天文台總部,1985,6,25,28.2,
HKO,香港天文台總部,1985,6,26,29.7,
HKO,香港天文台總部,1985,6,27,29.8,
HKO,香港天文台總部,1985,6,28,31.8,
HKO,香港天文台總部,1985,6,29,31.7,
HKO,香港天文台總部,1985,6,30,31.4,
HKO,香港天文台總部,1985,7,1,30.4,
HKO,香港天文台總部,1985,7,2,32.0,
HKO,香港天文台總部,1985,7,3,29.0,
HKO,香港天文台總部,1985,7,4,30.6,
HKO,香港天文台總部,1985,7,5,31.4,
HKO,香港天文台總部,1985,7,6,31.6,
HKO,香港天文台總部,1985,7,7,32.3,
HKO,香港天文台總部,1985,7,8,31.5,
HKO,香港天文台總部,1985,7,9,30.4,
HKO,香港天文台總部,1985,7,10,30.5,
HKO,香港天文台總部,1985,7,11,31.6,
HKO,香港天文台總部,1985,7,12,32.0,
HKO,香港天文台總部,1985,7,13,31.3,
HKO,香港天文台總部,1985,7,14,32.1,
HKO,香港天文台總部,1985,7,15,32.3,
HKO,香港天文台總部,1985,7,16,32.5,
HKO,香港天文台總部,1985,7,17,30.9,
HKO,香港天文台總部,1985,7,18,28.7,
HKO,香港天文台總部,1985,7,19,28.8,
HKO,香港天文台總部,1985,7,20,30.7,
HKO,香港天文台總部,1985,7,21,31.9,
HKO,香港天文台總部,1985,7,22,31.9,
HKO,香港天文台總部,1985,7,23,32.3,
HKO,香港天文台總部,1985,7,24,32.2,
HKO,香港天文台總部,1985,7,25,31.6,
HKO,香港天文台總部,1985,7,26,30.6,
HKO,香港天文台總部,1985,7,27,29.7,
HKO,香港天文台總部,1985,7,28,30.5,
HKO,香港天文台總部,1985,7,29,32.5,
HKO,香港天文台總部,1985,7,30,32.4,
HKO,香港天文台總部,1985,7,31,31.4,
HKO,香港天文台總部,1985,8,1,32.4,
HKO,香港天文台總部,1985,8,2,31.7,
HKO,香港天文台總部,1985,8,3,31.2,
HKO,香港天文台總部,1985,8,4,32.0,
HKO,香港天文台總部,1985,8,5,33.0,
HKO,香港天文台總部,1985,8,6,32.8,
HKO,香港天文台總部,1985,8,7,33.0,
HKO,香港天文台總部,1985,8,8,32.4,
HKO,香港天文台總部,1985,8,9,32.6,
HKO,香港天文台總部,1985,8,10,32.5,
HKO,香港天文台總部,1985,8,11,31.4,
HKO,香港天文台總部,1985,8,12,31.4,
HKO,香港天文台總部,1985,8,13,30.4,
HKO,香港天文台總部,1985,8,14,30.3,
HKO,香港天文台總部,1985,8,15,29.2,
HKO,香港天文台總部,1985,8,16,28.9,
HKO,香港天文台總部,1985,8,17,32.0,
HKO,香港天文台總部,1985,8,18,32.4,
HKO,香港天文台總部,1985,8,19,32.8,
HKO,香港天文台總部,1985,8,20,32.4,
HKO,香港天文台總部,1985,8,21,28.6,
HKO,香港天文台總部,1985,8,22,26.9,
HKO,香港天文台總部,1985,8,23,31.0,
HKO,香港天文台總部,1985,8,24,30.6,
HKO,香港天文台總部,1985,8,25,28.8,
HKO,香港天文台總部,1985,8,26,28.3,
HKO,香港天文台總部,1985,8,27,25.8,
HKO,香港天文台總部,1985,8,28,26.6,
HKO,香港天文台總部,1985,8,29,25.8,
HKO,香港天文台總部,1985,8,30,29.9,
HKO,香港天文台總部,1985,8,31,30.5,
HKO,香港天文台總部,1985,9,1,27.8,
HKO,香港天文台總部,1985,9,2,29.9,
HKO,香港天文台總部,1985,9,3,28.0,
HKO,香港天文台總部,1985,9,4,32.7,
HKO,香港天文台總部,1985,9,5,28.8,
HKO,香港天文台總部,1985,9,6,27.6,
HKO,香港天文台總部,1985,9,7,29.8,
HKO,香港天文台總部,1985,9,8,28.5,
HKO,香港天文台總部,1985,9,9,30.0,
HKO,香港天文台總部,1985,9,10,26.8,
HKO,香港天文台總部,1985,9,11,29.6,
HKO,香港天文台總部,1985,9,12,30.5,
HKO,香港天文台總部,1985,9,13,30.3,
HKO,香港天文台總部,1985,9,14,30.4,
HKO,香港天文台總部,1985,9,15,30.5,
HKO,香港天文台總部,1985,9,16,30.6,
HKO,香港天文台總部,1985,9,17,32.3,
HKO,香港天文台總部,1985,9,18,28.4,
HKO,香港天文台總部,1985,9,19,28.7,
HKO,香港天文台總部,1985,9,20,26.6,
HKO,香港天文台總部,1985,9,21,26.8,
HKO,香港天文台總部,1985,9,22,28.6,
HKO,香港天文台總部,1985,9,23,30.2,
HKO,香港天文台總部,1985,9,24,27.9,
HKO,香港天文台總部,1985,9,25,26.8,
HKO,香港天文台總部,1985,9,26,29.3,
HKO,香港天文台總部,1985,9,27,30.4,
HKO,香港天文台總部,1985,9,28,27.7,
HKO,香港天文台總部,1985,9,29,25.9,
HKO,香港天文台總部,1985,9,30,28.0,
HKO,香港天文台總部,1986,6,1,30.5,
HKO,香港天文台總部,1986,6,2,31.8,
HKO,香港天文台總部,1986,6,3,30.6,
HKO,香港天文台總部,1986,6,4,30.5,
HKO,香港天文台總部,1986,6,5,30.4,
HKO,香港天文台總部,1986,6,6,28.6,
HKO,香港天文台總部,1986,6,7,26.8,
HKO,香港天文台總部,1986,6,8,24.9,
HKO,香港天文台總部,1986,6,9,27.1,
HKO,香港天文台總部,1986,6,10,29.1,
HKO,香港天文台總部,1986,6,11,29.4,
HKO,香港天文台總部,1986,6,12,29.1,
HKO,香港天文台總部,1986,6,13,28.2,
HKO,香港天文台總部,1986,6,14,31.5,
HKO,香港天文台總部,1986,6,15,31.8,
HKO,香港天文台總部,1986,6,16,31.7,
HKO,香港天文台總部,1986,6,17,30.6,
HKO,香港天文台總部,1986,6,18,31.4,
HKO,香港天文台總部,1986,6,19,31.3,
HKO,香港天文台總部,1986,6,20,32.1,
HKO,香港天文台總部,1986,6,21,31.6,
HKO,香港天文台總部,1986,6,22,31.8,
HKO,香港天文台總部,1986,6,23,31.5,
HKO,香港天文台總部,1986,6,24,31.8,
HKO,香港天文台總部,1986,6,25,29.2,
HKO,香港天文台總部,1986,6,26,29.0,
HKO,香港天文台總部,1986,6,27,30.5,
HKO,香港天文台總部,1986,6,28,31.1,
HKO,香港天文台總部,1986,6,29,31.8,
HKO,香港天文台總部,1986,6,30,32.9,
HKO,香港天文台總部,1986,7,1,32.8,
HKO,香港天文台總部,1986,7,2,32.6,
HKO,香港天文台總部,1986,7,3,30.1,
HKO,香港天文台總部,1986,7,4,30.0,
HKO,香港天文台總部,1986,7,5,31.0,
HKO,香港天文台總部,1986,7,6,31.9,
HKO,香港天文台總部,1986,7,7,32.5,
HKO,香港天文台總部,1986,7,8,31.9,
HKO,香港天文台總部,1986,7,9,32.8,
HKO,香港天文台總部,1986,7,10,34.8,
HKO,香港天文台總部,1986,7,11,30.3,
HKO,香港天文台總部,1986,7,12,28.3,
HKO,香港天文台總部,1986,7,13,30.3,
HKO,香港天文台總部,1986,7,14,29.9,
HKO,香港天文台總部,1986,7,15,31.1,
HKO,香港天文台總部,1986,7,16,31.2,
HKO,香港天文台總部,1986,7,17,30.5,
HKO,香港天文台總部,1986,7,18,31.8,
HKO,香港天文台總部,1986,7,19,30.5,
HKO,香港天文台總部,1986,7,20,28.5,
HKO,香港天文台總部,1986,7,21,28.6,
HKO,香港天文台總部,1986,7,22,30.2,
HKO,香港天文台總部,1986,7,23,31.1,
HKO,香港天文台總部,1986,7,24,30.8,
HKO,香港天文台總部,1986,7,25,31.9,
HKO,香港天文台總部,1986,7,26,31.5,
HKO,香港天文台總部,1986,7,27,31.7,
HKO,香港天文台總部,1986,7,28,32.1,
HKO,香港天文台總部,1986,7,29,32.0,
HKO,香港天文台總部,1986,7,30,32.4,
HKO,香港天文台總部,1986,7,31,32.9,
HKO,香港天文台總部,1986,8,1,31.5,
HKO,香港天文台總部,1986,8,2,31.6,
HKO,香港天文台總部,1986,8,3,33.1,
HKO,香港天文台總部,1986,8,4,32.7,
HKO,香港天文台總部,1986,8,5,33.2,
HKO,香港天文台總部,1986,8,6,31.2,
HKO,香港天文台總部,1986,8,7,32.6,
HKO,香港天文台總部,1986,8,8,32.3,
HKO,香港天文台總部,1986,8,9,32.3,
HKO,香港天文台總部,1986,8,10,27.2,
HKO,香港天文台總部,1986,8,11,27.5,
HKO,香港天文台總部,1986,8,12,29.6,
HKO,香港天文台總部,1986,8,13,31.4,
HKO,香港天文台總部,1986,8,14,32.4,
HKO,香港天文台總部,1986,8,15,33.3,
HKO,香港天文台總部,1986,8,16,32.1,
HKO,香港天文台總部,1986,8,17,30.5,
HKO,香港天文台總部,1986,8,18,32.2,
HKO,香港天文台總部,1986,8,19,32.0,
HKO,香港天文台總部,1986,8,20,29.1,
HKO,香港天文台總部,1986,8,21,32.5,
HKO,香港天文台總部,1986,8,22,30.6,
HKO,香港天文台總部,1986,8,23,29.4,
HKO,香港天文台總部,1986,8,24,31.7,
HKO,香港天文台總部,1986,8,25,33.3,
HKO,香港天文台總部,1986,8,26,31.9,
HKO,香港天文台總部,1986,8,27,34.1,
HKO,香港天文台總部,1986,8,28,32.8,
HKO,香港天文台總部,1986,8,29,32.8,
HKO,香港天文台總部,1986,8,30,31.4,
HKO,香港天文台總部,1986,8,31,32.1,
HKO,香港天文台總部,1986,9,1,32.9,
HKO,香港天文台總部,1986,9,2,33.8,
HKO,香港天文台總部,1986,9,3,32.1,
HKO,香港天文台總部,1986,9,4,29.5,
HKO,香港天文台總部,1986,9,5,29.0,
HKO,香港天文台總部,1986,9,6,29.5,
HKO,香港天文台總部,1986,9,7,29.4,
HKO,香港天文台總部,1986,9,8,30.4,
HKO,香港天文台總部,1986,9,9,30.4,
HKO,香港天文台總部,1986,9,10,31.1,
HKO,香港天文台總部,1986,9,11,31.8,
HKO,香港天文台總部,1986,9,12,31.0,
HKO,香港天文台總部,1986,9,13,31.6,
HKO,香港天文台總部,1986,9,14,31.7,
HKO,香港天文台總部,1986,9,15,31.8,
HKO,香港天文台總部,1986,9,16,31.5,
HKO,香港天文台總部,1986,9,17,30.4,
HKO,香港天文台總部,1986,9,18,29.8,
HKO,香港天文台總部,1986,9,19,30.9,
HKO,香港天文台總部,1986,9,20,30.7,
HKO,香港天文台總部,1986,9,21,29.9,
HKO,香港天文台總部,1986,9,22,29.8,
HKO,香港天文台總部,1986,9,23,30.5,
HKO,香港天文台總部,1986,9,24,30.4,
HKO,香港天文台總部,1986,9,25,28.4,
HKO,香港天文台總部,1986,9,26,29.6,
HKO,香港天文台總部,1986,9,27,29.2,
HKO,香港天文台總部,1986,9,28,28.8,
HKO,香港天文台總部,1986,9,29,28.7,
HKO,香港天文台總部,1986,9,30,28.7,
HKO,香港天文台總部,1987,6,1,29.0,
HKO,香港天文台總部,1987,6,2,29.8,
HKO,香港天文台總部,1987,6,3,30.1,
HKO,香港天文台總部,1987,6,4,28.2,
HKO,香港天文台總部,1987,6,5,27.5,
HKO,香港天文台總部,1987,6,6,26.8,
HKO,香港天文台總部,1987,6,7,28.0,
HKO,香港天文台總部,1987,6,8,26.7,
HKO,香港天文台總部,1987,6,9,25.2,
HKO,香港天文台總部,1987,6,10,27.5,
HKO,香港天文台總部,1987,6,11,26.1,
HKO,香港天文台總部,1987,6,12,28.3,
HKO,香港天文台總部,1987,6,13,30.2,
HKO,香港天文台總部,1987,6,14,31.3,
HKO,香港天文台總部,1987,6,15,30.2,
HKO,香港天文台總部,1987,6,16,27.8,
HKO,香港天文台總部,1987,6,17,28.3,
HKO,香港天文台總部,1987,6,18,27.1,
HKO,香港天文台總部,1987,6,19,29.1,
HKO,香港天文台總部,1987,6,20,30.6,
HKO,香港天文台總部,1987,6,21,31.0,
HKO,香港天文台總部,1987,6,22,32.6,
HKO,香港天文台總部,1987,6,23,31.2,
HKO,香港天文台總部,1987,6,24,32.3,
HKO,香港天文台總部,1987,6,25,32.2,
HKO,香港天文台總部,1987,6,26,32.8,
HKO,香港天文台總部,1987,6,27,32.0,
HKO,香港天文台總部,1987,6,28,32.4,
HKO,香港天文台總部,1987,6,29,33.3,
HKO,香港天文台總部,1987,6,30,33.4,
HKO,香港天文台總部,1987,7,1,33.6,
HKO,香港天文台總部,1987,7,2,31.4,
HKO,香港天文台總部,1987,7,3,32.2,
HKO,香港天文台總部,1987,7,4,32.6,
HKO,香港天文台總部,1987,7,5,31.5,
HKO,香港天文台總部,1987,7,6,30.7,
HKO,香港天文台總部,1987,7,7,30.9,
HKO,香港天文台總部,1987,7,8,30.7,
HKO,香港天文台總部,1987,7,9,32.4,
HKO,香港天文台總部,1987,7,10,32.9,
HKO,香港天文台總部,1987,7,11,32.7,
HKO,香港天文台總部,1987,7,12,32.8,
HKO,香港天文台總部,1987,7,13,34.2,
HKO,香港天文台總部,1987,7,14,33.7,
HKO,香港天文台總部,1987,7,15,33.9,
HKO,香港天文台總部,1987,7,16,33.4,
HKO,香港天文台總部,1987,7,17,31.4,
HKO,香港天文台總部,1987,7,18,30.7,
HKO,香港天文台總部,1987,7,19,32.0,
HKO,香港天文台總部,1987,7,20,33.1,
HKO,香港天文台總部,1987,7,21,33.5,
HKO,香港天文台總部,1987,7,22,30.9,
HKO,香港天文台總部,1987,7,23,27.4,
HKO,香港天文台總部,1987,7,24,29.8,
HKO,香港天文台總部,1987,7,25,29.3,
HKO,香港天文台總部,1987,7,26,29.4,
HKO,香港天文台總部,1987,7,27,30.6,
HKO,香港天文台總部,1987,7,28,28.6,
HKO,香港天文台總部,1987,7,29,29.7,
HKO,香港天文台總部,1987,7,30,27.5,
HKO,香港天文台總部,1987,7,31,30.8,
HKO,香港天文台總部,1987,8,1,31.7,
HKO,香港天文台總部,1987,8,2,30.1,
HKO,香港天文台總部,1987,8,3,31.4,
HKO,香港天文台總部,1987,8,4,31.7,
HKO,香港天文台總部,1987,8,5,32.1,
HKO,香港天文台總部,1987,8,6,32.1,
HKO,香港天文台總部,1987,8,7,31.0,
HKO,香港天文台總部,1987,8,8,31.1,
HKO,香港天文台總部,1987,8,9,31.5,
HKO,香港天文台總部,1987,8,10,31.1,
HKO,香港天文台總部,1987,8,11,30.9,
HKO,香港天文台總部,1987,8,12,30.7,
HKO,香港天文台總部,1987,8,13,32.3,
HKO,香港天文台總部,1987,8,14,31.6,
HKO,香港天文台總部,1987,8,15,29.8,
HKO,香港天文台總部,1987,8,16,29.6,
HKO,香港天文台總部,1987,8,17,29.9,
HKO,香港天文台總部,1987,8,18,31.7,
HKO,香港天文台總部,1987,8,19,31.6,
HKO,香港天文台總部,1987,8,20,29.9,
HKO,香港天文台總部,1987,8,21,30.0,
HKO,香港天文台總部,1987,8,22,29.8,
HKO,香港天文台總部,1987,8,23,30.9,
HKO,香港天文台總部,1987,8,24,30.9,
HKO,香港天文台總部,1987,8,25,30.7,
HKO,香港天文台總部,1987,8,26,31.3,
HKO,香港天文台總部,1987,8,27,31.0,
HKO,香港天文台總部,1987,8,28,31.2,
HKO,香港天文台總部,1987,8,29,31.9,
HKO,香港天文台總部,1987,8,30,32.4,
HKO,香港天文台總部,1987,8,31,32.1,
HKO,香港天文台總部,1987,9,1,31.4,
HKO,香港天文台總部,1987,9,2,30.4,
HKO,香港天文台總部,1987,9,3,30.8,
HKO,香港天文台總部,1987,9,4,31.4,
HKO,香港天文台總部,1987,9,5,32.0,
HKO,香港天文台總部,1987,9,6,31.5,
HKO,香港天文台總部,1987,9,7,30.2,
HKO,香港天文台總部,1987,9,8,31.9,
HKO,香港天文台總部,1987,9,9,32.3,
HKO,香港天文台總部,1987,9,10,31.9,
HKO,香港天文台總部,1987,9,11,28.7,
HKO,香港天文台總部,1987,9,12,30.2,
HKO,香港天文台總部,1987,9,13,29.2,
HKO,香港天文台總部,1987,9,14,30.0,
HKO,香港天文台總部,1987,9,15,30.6,
HKO,香港天文台總部,1987,9,16,29.9,
HKO,香港天文台總部,1987,9,17,29.1,
HKO,香港天文台總部,1987,9,18,28.5,
HKO,香港天文台總部,1987,9,19,27.2,
HKO,香港天文台總部,1987,9,20,28.5,
HKO,香港天文台總部,1987,9,21,27.4,
HKO,香港天文台總部,1987,9,22,26.6,
HKO,香港天文台總部,1987,9,23,27.9,
HKO,香港天文台總部,1987,9,24,27.3,
HKO,香港天文台總部,1987,9,25,29.9,
HKO,香港天文台總部,1987,9,26,23.7,
HKO,香港天文台總部,1987,9,27,25.6,
HKO,香港天文台總部,1987,9,28,27.3,
HKO,香港天文台總部,1987,9,29,27.3,
HKO,香港天文台總部,1987,9,30,27.7,
HKO,香港天文台總部,1988,6,1,31.3,
HKO,香港天文台總部,1988,6,2,32.3,
HKO,香港天文台總部,1988,6,3,32.6,
HKO,香港天文台總部,1988,6,4,31.8,
HKO,香港天文台總部,1988,6,5,31.6,
HKO,香港天文台總部,1988,6,6,30.1,
HKO,香港天文台總部,1988,6,7,30.9,
HKO,香港天文台總部,1988,6,8,31.8,
HKO,香港天文台總部,1988,6,9,32.5,
HKO,香港天文台總部,1988,6,10,32.4,
HKO,香港天文台總部,1988,6,11,32.6,
HKO,香港天文台總部,1988,6,12,31.9,
HKO,香港天文台總部,1988,6,13,33.0,
HKO,香港天文台總部,1988,6,14,32.2,
HKO,香港天文台總部,1988,6,15,32.6,
HKO,香港天文台總部,1988,6,16,32.8,
HKO,香港天文台總部,1988,6,17,31.8,
HKO,香港天文台總部,1988,6,18,32.1,
HKO,香港天文台總部,1988,6,19,31.4,
HKO,香港天文台總部,1988,6,20,31.8,
HKO,香港天文台總部,1988,6,21,32.1,
HKO,香港天文台總部,1988,6,22,32.2,
HKO,香港天文台總部,1988,6,23,30.0,
HKO,香港天文台總部,1988,6,24,27.4,
HKO,香港天文台總部,1988,6,25,27.8,
HKO,香港天文台總部,1988,6,26,27.1,
HKO,香港天文台總部,1988,6,27,29.5,
HKO,香港天文台總部,1988,6,28,31.7,
HKO,香港天文台總部,1988,6,29,31.1,
HKO,香港天文台總部,1988,6,30,29.3,
HKO,香港天文台總部,1988,7,1,31.0,
HKO,香港天文台總部,1988,7,2,31.9,
HKO,香港天文台總部,1988,7,3,32.0,
HKO,香港天文台總部,1988,7,4,32.4,
HKO,香港天文台總部,1988,7,5,31.8,
HKO,香港天文台總部,1988,7,6,32.2,
HKO,香港天文台總部,1988,7,7,32.3,
HKO,香港天文台總部,1988,7,8,33.1,
HKO,香港天文台總部,1988,7,9,33.8,
HKO,香港天文台總部,1988,7,10,30.8,
HKO,香港天文台總部,1988,7,11,29.1,
HKO,香港天文台總部,1988,7,12,31.6,
HKO,香港天文台總部,1988,7,13,30.8,
HKO,香港天文台總部,1988,7,14,31.9,
HKO,香港天文台總部,1988,7,15,32.3,
HKO,香港天文台總部,1988,7,16,32.8,
HKO,香港天文台總部,1988,7,17,32.8,
HKO,香港天文台總部,1988,7,18,33.0,
HKO,香港天文台總部,1988,7,19,30.3,
HKO,香港天文台總部,1988,7,20,29.3,
HKO,香港天文台總部,1988,7,21,31.4,
HKO,香港天文台總部,1988,7,22,31.4,
HKO,香港天文台總部,1988,7,23,32.3,
HKO,香港天文台總部,1988,7,24,32.2,
HKO,香港天文台總部,1988,7,25,32.4,
HKO,香港天文台總部,1988,7,26,32.5,
HKO,香港天文台總部,1988,7,27,31.2,
HKO,香港天文台總部,1988,7,28,28.2,
HKO,香港天文台總部,1988,7,29,29.2,
HKO,香港天文台總部,1988,7,30,29.8,
HKO,香港天文台總部,1988,7,31,31.5,
HKO,香港天文台總部,1988,8,1,31.4,
HKO,香港天文台總部,1988,8,2,31.2,
HKO,香港天文台總部,1988,8,3,31.8,
HKO,香港天文台總部,1988,8,4,29.0,
HKO,香港天文台總部,1988,8,5,28.9,
HKO,香港天文台總部,1988,8,6,31.2,
HKO,香港天文台總部,1988,8,7,31.8,
HKO,香港天文台總部,1988,8,8,30.9,
HKO,香港天文台總部,1988,8,9,31.2,
HKO,香港天文台總部,1988,8,10,29.1,
HKO,香港天文台總部,1988,8,11,28.7,
HKO,香港天文台總部,1988,8,12,27.8,
HKO,香港天文台總部,1988,8,13,30.1,
HKO,香港天文台總部,1988,8,14,28.4,
HKO,香港天文台總部,1988,8,15,28.8,
HKO,香港天文台總部,1988,8,16,28.5,
HKO,香港天文台總部,1988,8,17,30.4,
HKO,香港天文台總部,1988,8,18,28.4,
HKO,香港天文台總部,1988,8,19,29.0,
HKO,香港天文台總部,1988,8,20,31.0,
HKO,香港天文台總部,1988,8,21,30.7,
HKO,香港天文台總部,1988,8,22,31.3,
HKO,香港天文台總部,1988,8,23,30.8,
HKO,香港天文台總部,1988,8,24,31.6,
HKO,香港天文台總部,1988,8,25,30.8,
HKO,香港天文台總部,1988,8,26,31.5,
HKO,香港天文台總部,1988,8,27,31.8,
HKO,香港天文台總部,1988,8,28,31.9,
HKO,香港天文台總部,1988,8,29,31.0,
HKO,香港天文台總部,1988,8,30,28.4,
HKO,香港天文台總部,1988,8,31,28.8,
HKO,香港天文台總部,1988,9,1,29.6,
HKO,香港天文台總部,1988,9,2,30.8,
HKO,香港天文台總部,1988,9,3,31.1,
HKO,香港天文台總部,1988,9,4,31.6,
HKO,香港天文台總部,1988,9,5,31.2,
HKO,香港天文台總部,1988,9,6,31.8,
HKO,香港天文台總部,1988,9,7,31.6,
HKO,香港天文台總部,1988,9,8,31.8,
HKO,香港天文台總部,1988,9,9,30.3,
HKO,香港天文台總部,1988,9,10,31.2,
HKO,香港天文台總部,1988,9,11,31.7,
HKO,香港天文台總部,1988,9,12,32.6,
HKO,香港天文台總部,1988,9,13,30.5,
HKO,香港天文台總部,1988,9,14,30.7,
HKO,香港天文台總部,1988,9,15,30.2,
HKO,香港天文台總部,1988,9,16,31.3,
HKO,香港天文台總部,1988,9,17,29.4,
HKO,香港天文台總部,1988,9,18,30.4,
HKO,香港天文台總部,1988,9,19,31.0,
HKO,香港天文台總部,1988,9,20,32.4,
HKO,香港天文台總部,1988,9,21,29.0,
HKO,香港天文台總部,1988,9,22,27.7,
HKO,香港天文台總部,1988,9,23,25.6,
HKO,香港天文台總部,1988,9,24,25.1,
HKO,香港天文台總部,1988,9,25,27.4,
HKO,香港天文台總部,1988,9,26,27.4,
HKO,香港天文台總部,1988,9,27,26.5,
HKO,香港天文台總部,1988,9,28,28.4,
HKO,香港天文台總部,1988,9,29,28.4,
HKO,香港天文台總部,1988,9,30,28.4,
HKO,香港天文台總部,1989,6,1,24.4,
HKO,香港天文台總部,1989,6,2,26.8,
HKO,香港天文台總部,1989,6,3,25.6,
HKO,香港天文台總部,1989,6,4,29.2,
HKO,香港天文台總部,1989,6,5,30.9,
HKO,香港天文台總部,1989,6,6,30.6,
HKO,香港天文台總部,1989,6,7,31.2,
HKO,香港天文台總部,1989,6,8,31.7,
HKO,香港天文台總部,1989,6,9,31.5,
HKO,香港天文台總部,1989,6,10,29.3,
HKO,香港天文台總部,1989,6,11,30.0,
HKO,香港天文台總部,1989,6,12,30.5,
HKO,香港天文台總部,1989,6,13,30.1,
HKO,香港天文台總部,1989,6,14,30.2,
HKO,香港天文台總部,1989,6,15,30.9,
HKO,香港天文台總部,1989,6,16,31.2,
HKO,香港天文台總部,1989,6,17,31.0,
HKO,香港天文台總部,1989,6,18,31.6,
HKO,香港天文台總部,1989,6,19,30.7,
HKO,香港天文台總部,1989,6,20,29.1,
HKO,香港天文台總部,1989,6,21,28.2,
HKO,香港天文台總部,1989,6,22,28.5,
HKO,香港天文台總部,1989,6,23,27.4,
HKO,香港天文台總部,1989,6,24,27.9,
HKO,香港天文台總部,1989,6,25,28.7,
HKO,香港天文台總部,1989,6,26,28.5,
HKO,香港天文台總部,1989,6,27,31.2,
HKO,香港天文台總部,1989,6,28,30.9,
HKO,香港天文台總部,1989,6,29,31.5,
HKO,香港天文台總部,1989,6,30,31.0,
HKO,香港天文台總部,1989,7,1,31.7,
HKO,香港天文台總部,1989,7,2,31.7,
HKO,香港天文台總部,1989,7,3,32.7,
HKO,香港天文台總部,1989,7,4,32.0,
HKO,香港天文台總部,1989,7,5,33.1,
HKO,香港天文台總部,1989,7,6,33.1,
HKO,香港天文台總部,1989,7,7,33.7,
HKO,香港天文台總部,1989,7,8,33.4,
HKO,香港天文台總部,1989,7,9,33.3,
HKO,香港天文台總部,1989,7,10,30.2,
HKO,香港天文台總部,1989,7,11,31.1,
HKO,香港天文台總部,1989,7,12,32.1,
HKO,香港天文台總部,1989,7,13,32.9,
HKO,香港天文台總部,1989,7,14,33.6,
HKO,香港天文台總部,1989,7,15,33.2,
HKO,香港天文台總部,1989,7,16,33.3,
HKO,香港天文台總部,1989,7,17,32.0,
HKO,香港天文台總部,1989,7,18,27.9,
HKO,香港天文台總部,1989,7,19,30.4,
HKO,香港天文台總部,1989,7,20,31.6,
HKO,香港天文台總部,1989,7,21,32.4,
HKO,香港天文台總部,1989,7,22,31.1,
HKO,香港天文台總部,1989,7,23,30.2,
HKO,香港天文台總部,1989,7,24,30.8,
HKO,香港天文台總部,1989,7,25,30.8,
HKO,香港天文台總部,1989,7,26,31.4,
HKO,香港天文台總部,1989,7,27,32.0,
HKO,香港天文台總部,1989,7,28,29.7,
HKO,香港天文台總部,1989,7,29,26.1,
HKO,香港天文台總部,1989,7,30,25.7,
HKO,香港天文台總部,1989,7,31,29.6,
HKO,香港天文台總部,1989,8,1,28.6,
HKO,香港天文台總部,1989,8,2,31.2,
HKO,香港天文台總部,1989,8,3,31.0,
HKO,香港天文台總部,1989,8,4,30.8,
HKO,香港天文台總部,1989,8,5,31.5,
HKO,香港天文台總部,1989,8,6,32.3,
HKO,香港天文台總部,1989,8,7,32.4,
HKO,香港天文台總部,1989,8,8,32.4,
HKO,香港天文台總部,1989,8,9,32.3,
HKO,香港天文台總部,1989,8,10,32.5,
HKO,香港天文台總部,1989,8,11,30.9,
HKO,香港天文台總部,1989,8,12,31.6,
HKO,香港天文台總部,1989,8,13,32.4,
HKO,香港天文台總部,1989,8,14,33.0,
HKO,香港天文台總部,1989,8,15,33.5,
HKO,香港天文台總部,1989,8,16,33.5,
HKO,香港天文台總部,1989,8,17,34.3,
HKO,香港天文台總部,1989,8,18,31.2,
HKO,香港天文台總部,1989,8,19,33.4,
HKO,香港天文台總部,1989,8,20,32.6,
HKO,香港天文台總部,1989,8,21,32.3,
HKO,香港天文台總部,1989,8,22,31.2,
HKO,香港天文台總部,1989,8,23,28.9,
HKO,香港天文台總部,1989,8,24,31.0,
HKO,香港天文台總部,1989,8,25,30.7,
HKO,香港天文台總部,1989,8,26,30.1,
HKO,香港天文台總部,1989,8,27,30.4,
HKO,香港天文台總部,1989,8,28,29.3,
HKO,香港天文台總部,1989,8,29,30.1,
HKO,香港天文台總部,1989,8,30,32.2,
HKO,香港天文台總部,1989,8,31,32.5,
HKO,香港天文台總部,1989,9,1,31.9,
HKO,香港天文台總部,1989,9,2,32.5,
HKO,香港天文台總部,1989,9,3,32.3,
HKO,香港天文台總部,1989,9,4,31.8,
HKO,香港天文台總部,1989,9,5,32.2,
HKO,香港天文台總部,1989,9,6,31.4,
HKO,香港天文台總部,1989,9,7,28.9,
HKO,香港天文台總部,1989,9,8,31.7,
HKO,香港天文台總部,1989,9,9,32.4,
HKO,香港天文台總部,1989,9,10,33.6,
HKO,香港天文台總部,1989,9,11,34.0,
HKO,香港天文台總部,1989,9,12,32.6,
HKO,香港天文台總部,1989,9,13,32.3,
HKO,香港天文台總部,1989,9,14,28.9,
HKO,香港天文台總部,1989,9,15,28.4,
HKO,香港天文台總部,1989,9,16,28.9,
HKO,香港天文台總部,1989,9,17,25.9,
HKO,香港天文台總部,1989,9,18,30.8,
HKO,香港天文台總部,1989,9,19,30.4,
HKO,香港天文台總部,1989,9,20,28.5,
HKO,香港天文台總部,1989,9,21,28.8,
HKO,香港天文台總部,1989,9,22,28.1,
HKO,香港天文台總部,1989,9,23,28.9,
HKO,香港天文台總部,1989,9,24,30.0,
HKO,香港天文台總部,1989,9,25,31.0,
HKO,香港天文台總部,1989,9,26,31.4,
HKO,香港天文台總部,1989,9,27,31.0,
HKO,香港天文台總部,1989,9,28,30.3,
HKO,香港天文台總部,1989,9,29,31.5,
HKO,香港天文台總部,1989,9,30,28.7,
HKO,香港天文台總部,1990,6,1,27.0,
HKO,香港天文台總部,1990,6,2,24.9,
HKO,香港天文台總部,1990,6,3,25.5,
HKO,香港天文台總部,1990,6,4,29.0,
HKO,香港天文台總部,1990,6,5,28.5,
HKO,香港天文台總部,1990,6,6,28.1,
HKO,香港天文台總部,1990,6,7,29.3,
HKO,香港天文台總部,1990,6,8,29.6,
HKO,香港天文台總部,1990,6,9,28.3,
HKO,香港天文台總部,1990,6,10,26.1,
HKO,香港天文台總部,1990,6,11,29.3,
HKO,香港天文台總部,1990,6,12,31.6,
HKO,香港天文台總部,1990,6,13,31.8,
HKO,香港天文台總部,1990,6,14,32.6,
HKO,香港天文台總部,1990,6,15,32.3,
HKO,香港天文台總部,1990,6,16,29.2,
HKO,香港天文台總部,1990,6,17,28.6,
HKO,香港天文台總部,1990,6,18,29.9,
HKO,香港天文台總部,1990,6,19,31.1,
HKO,香港天文台總部,1990,6,20,30.9,
HKO,香港天文台總部,1990,6,21,32.3,
HKO,香港天文台總部,1990,6,22,32.3,
HKO,香港天文台總部,1990,6,23,32.7,
HKO,香港天文台總部,1990,6,24,32.3,
HKO,香港天文台總部,1990,6,25,32.0,
HKO,香港天文台總部,1990,6,26,32.6,
HKO,香港天文台總部,1990,6,27,32.9,
HKO,香港天文台總部,1990,6,28,32.8,
HKO,香港天文台總部,1990,6,29,29.6,
HKO,香港天文台總部,1990,6,30,29.3,
HKO,香港天文台總部,1990,7,1,30.9,
HKO,香港天文台總部,1990,7,2,31.2,
HKO,香港天文台總部,1990,7,3,32.1,
HKO,香港天文台總部,1990,7,4,32.1,
HKO,香港天文台總部,1990,7,5,33.3,
HKO,香港天文台總部,1990,7,6,32.3,
HKO,香港天文台總部,1990,7,7,32.0,
HKO,香港天文台總部,1990,7,8,32.5,
HKO,香港天文台總部,1990,7,9,32.7,
HKO,香港天文台總部,1990,7,10,33.1,
HKO,香港天文台總部,1990,7,11,32.7,
HKO,香港天文台總部,1990,7,12,32.3,
HKO,香港天文台總部,1990,7,13,30.7,
HKO,香港天文台總部,1990,7,14,26.9,
HKO,香港天文台總部,1990,7,15,31.4,
HKO,香港天文台總部,1990,7,16,31.7,
HKO,香港天文台總部,1990,7,17,32.2,
HKO,香港天文台總部,1990,7,18,31.8,
HKO,香港天文台總部,1990,7,19,32.2,
HKO,香港天文台總部,1990,7,20,32.4,
HKO,香港天文台總部,1990,7,21,30.6,
HKO,香港天文台總部,1990,7,22,30.9,
HKO,香港天文台總部,1990,7,23,30.6,
HKO,香港天文台總部,1990,7,24,31.6,
HKO,香港天文台總部,1990,7,25,31.5,
HKO,香港天文台總部,1990,7,26,33.0,
HKO,香港天文台總部,1990,7,27,33.0,
HKO,香港天文台總部,1990,7,28,31.0,
HKO,香港天文台總部,1990,7,29,32.5,
HKO,香港天文台總部,1990,7,30,29.3,
HKO,香港天文台總部,1990,7,31,28.6,
HKO,香港天文台總部,1990,8,1,31.1,
HKO,香港天文台總部,1990,8,2,30.0,
HKO,香港天文台總部,1990,8,3,30.6,
HKO,香港天文台總部,1990,8,4,31.0,
HKO,香港天文台總部,1990,8,5,31.7,
HKO,香港天文台總部,1990,8,6,32.2,
HKO,香港天文台總部,1990,8,7,32.7,
HKO,香港天文台總部,1990,8,8,32.2,
HKO,香港天文台總部,1990,8,9,32.8,
HKO,香港天文台總部,1990,8,10,32.8,
HKO,香港天文台總部,1990,8,11,32.9,
HKO,香港天文台總部,1990,8,12,32.3,
HKO,香港天文台總部,1990,8,13,33.2,
HKO,香港天文台總部,1990,8,14,32.0,
HKO,香港天文台總部,1990,8,15,33.0,
HKO,香港天文台總部,1990,8,16,32.7,
HKO,香港天文台總部,1990,8,17,33.5,
HKO,香港天文台總部,1990,8,18,36.1,
HKO,香港天文台總部,1990,8,19,33.8,
HKO,香港天文台總部,1990,8,20,31.4,
HKO,香港天文台總部,1990,8,21,31.7,
HKO,香港天文台總部,1990,8,22,30.9,
HKO,香港天文台總部,1990,8,23,34.4,
HKO,香港天文台總部,1990,8,24,30.8,
HKO,香港天文台總部,1990,8,25,30.9,
HKO,香港天文台總部,1990,8,26,32.6,
HKO,香港天文台總部,1990,8,27,32.5,
HKO,香港天文台總部,1990,8,28,29.6,
HKO,香港天文台總部,1990,8,29,28.6,
HKO,香港天文台總部,1990,8,30,31.4,
HKO,香港天文台總部,1990,8,31,32.7,
HKO,香港天文台總部,1990,9,1,33.5,
HKO,香港天文台總部,1990,9,2,33.8,
HKO,香港天文台總部,1990,9,3,31.6,
HKO,香港天文台總部,1990,9,4,31.4,
HKO,香港天文台總部,1990,9,5,32.0,
HKO,香港天文台總部,1990,9,6,31.8,
HKO,香港天文台總部,1990,9,7,32.1,
HKO,香港天文台總部,1990,9,8,33.5,
HKO,香港天文台總部,1990,9,9,28.8,
HKO,香港天文台總部,1990,9,10,26.7,
HKO,香港天文台總部,1990,9,11,25.9,
HKO,香港天文台總部,1990,9,12,28.7,
HKO,香港天文台總部,1990,9,13,30.5,
HKO,香港天文台總部,1990,9,14,31.1,
HKO,香港天文台總部,1990,9,15,31.9,
HKO,香港天文台總部,1990,9,16,30.0,
HKO,香港天文台總部,1990,9,17,30.8,
HKO,香港天文台總部,1990,9,18,29.3,
HKO,香港天文台總部,1990,9,19,27.7,
HKO,香港天文台總部,1990,9,20,29.4,
HKO,香港天文台總部,1990,9,21,30.2,
HKO,香港天文台總部,1990,9,22,29.5,
HKO,香港天文台總部,1990,9,23,29.4,
HKO,香港天文台總部,1990,9,24,29.8,
HKO,香港天文台總部,1990,9,25,29.6,
HKO,香港天文台總部,1990,9,26,29.0,
HKO,香港天文台總部,1990,9,27,28.7,
HKO,香港天文台總部,1990,9,28,29.2,
HKO,香港天文台總部,1990,9,29,29.6,
HKO,香港天文台總部,1990,9,30,29.7,
HKO,香港天文台總部,1991,6,1,32.7,
HKO,香港天文台總部,1991,6,2,32.9,
HKO,香港天文台總部,1991,6,3,33.6,
HKO,香港天文台總部,1991,6,4,34.4,
HKO,香港天文台總部,1991,6,5,33.8,
HKO,香港天文台總部,1991,6,6,32.6,
HKO,香港天文台總部,1991,6,7,33.3,
HKO,香港天文台總部,1991,6,8,29.6,
HKO,香港天文台總部,1991,6,9,27.8,
HKO,香港天文台總部,1991,6,10,28.3,
HKO,香港天文台總部,1991,6,11,31.6,
HKO,香港天文台總部,1991,6,12,31.2,
HKO,香港天文台總部,1991,6,13,31.8,
HKO,香港天文台總部,1991,6,14,32.3,
HKO,香港天文台總部,1991,6,15,32.4,
HKO,香港天文台總部,1991,6,16,32.4,
HKO,香港天文台總部,1991,6,17,33.3,
HKO,香港天文台總部,1991,6,18,33.1,
HKO,香港天文台總部,1991,6,19,30.3,
HKO,香港天文台總部,1991,6,20,29.9,
HKO,香港天文台總部,1991,6,21,30.6,
HKO,香港天文台總部,1991,6,22,30.0,
HKO,香港天文台總部,1991,6,23,28.2,
HKO,香港天文台總部,1991,6,24,25.9,
HKO,香港天文台總部,1991,6,25,28.8,
HKO,香港天文台總部,1991,6,26,27.5,
HKO,香港天文台總部,1991,6,27,27.8,
HKO,香港天文台總部,1991,6,28,30.6,
HKO,香港天文台總部,1991,6,29,31.2,
HKO,香港天文台總部,1991,6,30,32.2,
HKO,香港天文台總部,1991,7,1,32.8,
HKO,香港天文台總部,1991,7,2,32.0,
HKO,香港天文台總部,1991,7,3,30.8,
HKO,香港天文台總部,1991,7,4,31.2,
HKO,香港天文台總部,1991,7,5,31.0,
HKO,香港天文台總部,1991,7,6,31.3,
HKO,香港天文台總部,1991,7,7,31.7,
HKO,香港天文台總部,1991,7,8,31.9,
HKO,香港天文台總部,1991,7,9,32.3,
HKO,香港天文台總部,1991,7,10,32.8,
HKO,香港天文台總部,1991,7,11,33.4,
HKO,香港天文台總部,1991,7,12,31.2,
HKO,香港天文台總部,1991,7,13,30.0,
HKO,香港天文台總部,1991,7,14,30.6,
HKO,香港天文台總部,1991,7,15,30.8,
HKO,香港天文台總部,1991,7,16,31.6,
HKO,香港天文台總部,1991,7,17,32.6,
HKO,香港天文台總部,1991,7,18,32.5,
HKO,香港天文台總部,1991,7,19,34.5,
HKO,香港天文台總部,1991,7,20,31.5,
HKO,香港天文台總部,1991,7,21,30.2,
HKO,香港天文台總部,1991,7,22,31.4,
HKO,香港天文台總部,1991,7,23,30.6,
HKO,香港天文台總部,1991,7,24,28.4,
HKO,香港天文台總部,1991,7,25,30.4,
HKO,香港天文台總部,1991,7,26,30.6,
HKO,香港天文台總部,1991,7,27,30.8,
HKO,香港天文台總部,1991,7,28,30.5,
HKO,香港天文台總部,1991,7,29,30.7,
HKO,香港天文台總部,1991,7,30,29.7,
HKO,香港天文台總部,1991,7,31,30.0,
HKO,香港天文台總部,1991,8,1,31.4,
HKO,香港天文台總部,1991,8,2,31.9,
HKO,香港天文台總部,1991,8,3,32.7,
HKO,香港天文台總部,1991,8,4,32.4,
HKO,香港天文台總部,1991,8,5,32.6,
HKO,香港天文台總部,1991,8,6,31.9,
HKO,香港天文台總部,1991,8,7,31.8,
HKO,香港天文台總部,1991,8,8,33.0,
HKO,香港天文台總部,1991,8,9,32.7,
HKO,香港天文台總部,1991,8,10,31.5,
HKO,香港天文台總部,1991,8,11,31.3,
HKO,香港天文台總部,1991,8,12,28.7,
HKO,香港天文台總部,1991,8,13,28.4,
HKO,香港天文台總部,1991,8,14,30.5,
HKO,香港天文台總部,1991,8,15,28.0,
HKO,香港天文台總部,1991,8,16,27.4,
HKO,香港天文台總部,1991,8,17,27.8,
HKO,香港天文台總部,1991,8,18,32.2,
HKO,香港天文台總部,1991,8,19,31.8,
HKO,香港天文台總部,1991,8,20,31.8,
HKO,香港天文台總部,1991,8,21,30.6,
HKO,香港天文台總部,1991,8,22,32.7,
HKO,香港天文台總部,1991,8,23,32.8,
HKO,香港天文台總部,1991,8,24,29.5,
HKO,香港天文台總部,1991,8,25,28.5,
HKO,香港天文台總部,1991,8,26,32.4,
HKO,香港天文台總部,1991,8,27,31.6,
HKO,香港天文台總部,1991,8,28,29.4,
HKO,香港天文台總部,1991,8,29,28.8,
HKO,香港天文台總部,1991,8,30,30.4,
HKO,香港天文台總部,1991,8,31,32.0,
HKO,香港天文台總部,1991,9,1,31.9,
HKO,香港天文台總部,1991,9,2,32.3,
HKO,香港天文台總部,1991,9,3,32.4,
HKO,香港天文台總部,1991,9,4,31.5,
HKO,香港天文台總部,1991,9,5,30.5,
HKO,香港天文台總部,1991,9,6,29.6,
HKO,香港天文台總部,1991,9,7,28.7,
HKO,香港天文台總部,1991,9,8,32.4,
HKO,香港天文台總部,1991,9,9,29.7,
HKO,香港天文台總部,1991,9,10,31.9,
HKO,香港天文台總部,1991,9,11,31.6,
HKO,香港天文台總部,1991,9,12,33.7,
HKO,香港天文台總部,1991,9,13,31.4,
HKO,香港天文台總部,1991,9,14,31.0,
HKO,香港天文台總部,1991,9,15,29.0,
HKO,香港天文台總部,1991,9,16,32.2,
HKO,香港天文台總部,1991,9,17,31.8,
HKO,香港天文台總部,1991,9,18,30.5,
HKO,香港天文台總部,1991,9,19,31.9,
HKO,香港天文台總部,1991,9,20,32.5,
HKO,香港天文台總部,1991,9,21,29.7,
HKO,香港天文台總部,1991,9,22,29.7,
HKO,香港天文台總部,1991,9,23,30.8,
HKO,香港天文台總部,1991,9,24,31.2,
HKO,香港天文台總部,1991,9,25,30.3,
HKO,香港天文台總部,1991,9,26,31.2,
HKO,香港天文台總部,1991,9,27,31.0,
HKO,香港天文台總部,1991,9,28,27.6,
HKO,香港天文台總部,1991,9,29,26.8,
HKO,香港天文台總部,1991,9,30,29.0,
HKO,香港天文台總部,1992,6,1,27.6,
HKO,香港天文台總部,1992,6,2,28.4,
HKO,香港天文台總部,1992,6,3,28.3,
HKO,香港天文台總部,1992,6,4,30.2,
HKO,香港天文台總部,1992,6,5,31.7,
HKO,香港天文台總部,1992,6,6,29.5,
HKO,香港天文台總部,1992,6,7,28.7,
HKO,香港天文台總部,1992,6,8,24.4,
HKO,香港天文台總部,1992,6,9,25.4,
HKO,香港天文台總部,1992,6,10,25.3,
HKO,香港天文台總部,1992,6,11,25.1,
HKO,香港天文台總部,1992,6,12,27.3,
HKO,香港天文台總部,1992,6,13,26.2,
HKO,香港天文台總部,1992,6,14,28.7,
HKO,香港天文台總部,1992,6,15,27.9,
HKO,香港天文台總部,1992,6,16,29.5,
HKO,香港天文台總部,1992,6,17,31.1,
HKO,香港天文台總部,1992,6,18,31.7,
HKO,香港天文台總部,1992,6,19,30.9,
HKO,香港天文台總部,1992,6,20,30.8,
HKO,香港天文台總部,1992,6,21,30.9,
HKO,香港天文台總部,1992,6,22,32.1,
HKO,香港天文台總部,1992,6,23,32.1,
HKO,香港天文台總部,1992,6,24,32.4,
HKO,香港天文台總部,1992,6,25,32.8,
HKO,香港天文台總部,1992,6,26,32.1,
HKO,香港天文台總部,1992,6,27,32.4,
HKO,香港天文台總部,1992,6,28,28.3,
HKO,香港天文台總部,1992,6,29,30.3,
HKO,香港天文台總部,1992,6,30,31.7,
HKO,香港天文台總部,1992,7,1,31.9,
HKO,香港天文台總部,1992,7,2,31.1,
HKO,香港天文台總部,1992,7,3,31.9,
HKO,香港天文台總部,1992,7,4,30.5,
HKO,香港天文台總部,1992,7,5,30.5,
HKO,香港天文台總部,1992,7,6,30.2,
HKO,香港天文台總部,1992,7,7,27.6,
HKO,香港天文台總部,1992,7,8,28.8,
HKO,香港天文台總部,1992,7,9,30.1,
HKO,香港天文台總部,1992,7,10,30.1,
HKO,香港天文台總部,1992,7,11,32.0,
HKO,香港天文台總部,1992,7,12,31.1,
HKO,香港天文台總部,1992,7,13,31.3,
HKO,香港天文台總部,1992,7,14,31.7,
HKO,香港天文台總部,1992,7,15,31.9,
HKO,香港天文台總部,1992,7,16,32.2,
HKO,香港天文台總部,1992,7,17,30.4,
HKO,香港天文台總部,1992,7,18,27.7,
HKO,香港天文台總部,1992,7,19,30.4,
HKO,香港天文台總部,1992,7,20,31.2,
HKO,香港天文台總部,1992,7,21,31.3,
HKO,香港天文台總部,1992,7,22,28.6,
HKO,香港天文台總部,1992,7,23,28.1,
HKO,香港天文台總部,1992,7,24,31.7,
HKO,香港天文台總部,1992,7,25,32.0,
HKO,香港天文台總部,1992,7,26,31.7,
HKO,香港天文台總部,1992,7,27,32.3,
HKO,香港天文台總部,1992,7,28,32.4,
HKO,香港天文台總部,1992,7,29,31.6,
HKO,香港天文台總部,1992,7,30,31.8,
HKO,香港天文台總部,1992,7,31,32.4,
HKO,香港天文台總部,1992,8,1,32.5,
HKO,香港天文台總部,1992,8,2,31.5,
HKO,香港天文台總部,1992,8,3,32.6,
HKO,香港天文台總部,1992,8,4,32.2,
HKO,香港天文台總部,1992,8,5,32.4,
HKO,香港天文台總部,1992,8,6,32.1,
HKO,香港天文台總部,1992,8,7,33.3,
HKO,香港天文台總部,1992,8,8,33.2,
HKO,香港天文台總部,1992,8,9,31.6,
HKO,香港天文台總部,1992,8,10,32.7,
HKO,香港天文台總部,1992,8,11,31.2,
HKO,香港天文台總部,1992,8,12,31.6,
HKO,香港天文台總部,1992,8,13,32.2,
HKO,香港天文台總部,1992,8,14,32.4,
HKO,香港天文台總部,1992,8,15,33.2,
HKO,香港天文台總部,1992,8,16,30.7,
HKO,香港天文台總部,1992,8,17,33.5,
HKO,香港天文台總部,1992,8,18,31.5,
HKO,香港天文台總部,1992,8,19,31.4,
HKO,香港天文台總部,1992,8,20,30.2,
HKO,香港天文台總部,1992,8,21,27.9,
HKO,香港天文台總部,1992,8,22,29.1,
HKO,香港天文台總部,1992,8,23,29.9,
HKO,香港天文台總部,1992,8,24,30.4,
HKO,香港天文台總部,1992,8,25,33.0,
HKO,香港天文台總部,1992,8,26,32.1,
HKO,香港天文台總部,1992,8,27,32.3,
HKO,香港天文台總部,1992,8,28,32.3,
HKO,香港天文台總部,1992,8,29,34.8,
HKO,香港天文台總部,1992,8,30,35.0,
HKO,香港天文台總部,1992,8,31,33.7,
HKO,香港天文台總部,1992,9,1,33.2,
HKO,香港天文台總部,1992,9,2,33.3,
HKO,香港天文台總部,1992,9,3,33.3,
HKO,香港天文台總部,1992,9,4,33.5,
HKO,香港天文台總部,1992,9,5,33.4,
HKO,香港天文台總部,1992,9,6,28.8,
HKO,香港天文台總部,1992,9,7,28.0,
HKO,香港天文台總部,1992,9,8,31.2,
HKO,香港天文台總部,1992,9,9,31.7,
HKO,香港天文台總部,1992,9,10,31.4,
HKO,香港天文台總部,1992,9,11,30.9,
HKO,香港天文台總部,1992,9,12,31.2,
HKO,香港天文台總部,1992,9,13,31.4,
HKO,香港天文台總部,1992,9,14,32.6,
HKO,香港天文台總部,1992,9,15,32.4,
HKO,香港天文台總部,1992,9,16,31.5,
HKO,香港天文台總部,1992,9,17,30.9,
HKO,香港天文台總部,1992,9,18,30.4,
HKO,香港天文台總部,1992,9,19,29.7,
HKO,香港天文台總部,1992,9,20,31.2,
HKO,香港天文台總部,1992,9,21,33.5,
HKO,香港天文台總部,1992,9,22,33.2,
HKO,香港天文台總部,1992,9,23,31.1,
HKO,香港天文台總部,1992,9,24,32.7,
HKO,香港天文台總部,1992,9,25,33.4,
HKO,香港天文台總部,1992,9,26,30.8,
HKO,香港天文台總部,1992,9,27,28.4,
HKO,香港天文台總部,1992,9,28,30.5,
HKO,香港天文台總部,1992,9,29,28.8,
HKO,香港天文台總部,1992,9,30,30.2,
HKO,香港天文台總部,1993,6,1,31.0,
HKO,香港天文台總部,1993,6,2,29.0,
HKO,香港天文台總部,1993,6,3,26.0,
HKO,香港天文台總部,1993,6,4,29.6,
HKO,香港天文台總部,1993,6,5,29.9,
HKO,香港天文台總部,1993,6,6,31.7,
HKO,香港天文台總部,1993,6,7,30.5,
HKO,香港天文台總部,1993,6,8,31.3,
HKO,香港天文台總部,1993,6,9,29.3,
HKO,香港天文台總部,1993,6,10,26.4,
HKO,香港天文台總部,1993,6,11,29.5,
HKO,香港天文台總部,1993,6,12,31.3,
HKO,香港天文台總部,1993,6,13,30.9,
HKO,香港天文台總部,1993,6,14,31.9,
HKO,香港天文台總部,1993,6,15,31.8,
HKO,香港天文台總部,1993,6,16,29.1,
HKO,香港天文台總部,1993,6,17,29.4,
HKO,香港天文台總部,1993,6,18,30.2,
HKO,香港天文台總部,1993,6,19,31.2,
HKO,香港天文台總部,1993,6,20,31.2,
HKO,香港天文台總部,1993,6,21,32.6,
HKO,香港天文台總部,1993,6,22,33.0,
HKO,香港天文台總部,1993,6,23,32.0,
HKO,香港天文台總部,1993,6,24,31.5,
HKO,香港天文台總部,1993,6,25,32.7,
HKO,香港天文台總部,1993,6,26,32.9,
HKO,香港天文台總部,1993,6,27,30.2,
HKO,香港天文台總部,1993,6,28,30.1,
HKO,香港天文台總部,1993,6,29,30.0,
HKO,香港天文台總部,1993,6,30,30.5,
HKO,香港天文台總部,1993,7,1,31.0,
HKO,香港天文台總部,1993,7,2,31.1,
HKO,香港天文台總部,1993,7,3,31.6,
HKO,香港天文台總部,1993,7,4,32.0,
HKO,香港天文台總部,1993,7,5,32.1,
HKO,香港天文台總部,1993,7,6,32.1,
HKO,香港天文台總部,1993,7,7,32.0,
HKO,香港天文台總部,1993,7,8,32.2,
HKO,香港天文台總部,1993,7,9,33.0,
HKO,香港天文台總部,1993,7,10,33.5,
HKO,香港天文台總部,1993,7,11,30.4,
HKO,香港天文台總部,1993,7,12,30.6,
HKO,香港天文台總部,1993,7,13,29.4,
HKO,香港天文台總部,1993,7,14,31.9,
HKO,香港天文台總部,1993,7,15,32.5,
HKO,香港天文台總部,1993,7,16,32.5,
HKO,香港天文台總部,1993,7,17,32.4,
HKO,香港天文台總部,1993,7,18,32.2,
HKO,香港天文台總部,1993,7,19,31.8,
HKO,香港天文台總部,1993,7,20,32.3,
HKO,香港天文台總部,1993,7,21,32.4,
HKO,香港天文台總部,1993,7,22,32.3,
HKO,香港天文台總部,1993,7,23,32.5,
HKO,香港天文台總部,1993,7,24,32.3,
HKO,香港天文台總部,1993,7,25,32.8,
HKO,香港天文台總部,1993,7,26,32.7,
HKO,香港天文台總部,1993,7,27,32.8,
HKO,香港天文台總部,1993,7,28,32.9,
HKO,香港天文台總部,1993,7,29,33.5,
HKO,香港天文台總部,1993,7,30,32.6,
HKO,香港天文台總部,1993,7,31,29.8,
HKO,香港天文台總部,1993,8,1,30.7,
HKO,香港天文台總部,1993,8,2,32.0,
HKO,香港天文台總部,1993,8,3,32.3,
HKO,香港天文台總部,1993,8,4,32.3,
HKO,香港天文台總部,1993,8,5,33.4,
HKO,香港天文台總部,1993,8,6,32.8,
HKO,香港天文台總部,1993,8,7,32.6,
HKO,香港天文台總部,1993,8,8,31.8,
HKO,香港天文台總部,1993,8,9,30.6,
HKO,香港天文台總部,1993,8,10,32.0,
HKO,香港天文台總部,1993,8,11,32.9,
HKO,香港天文台總部,1993,8,12,32.0,
HKO,香港天文台總部,1993,8,13,28.9,
HKO,香港天文台總部,1993,8,14,31.2,
HKO,香港天文台總部,1993,8,15,29.5,
HKO,香港天文台總部,1993,8,16,30.9,
HKO,香港天文台總部,1993,8,17,28.6,
HKO,香港天文台總部,1993,8,18,30.9,
HKO,香港天文台總部,1993,8,19,33.2,
HKO,香港天文台總部,1993,8,20,28.5,
HKO,香港天文台總部,1993,8,21,28.6,
HKO,香港天文台總部,1993,8,22,30.5,
HKO,香港天文台總部,1993,8,23,31.3,
HKO,香港天文台總部,1993,8,24,30.5,
HKO,香港天文台總部,1993,8,25,32.3,
HKO,香港天文台總部,1993,8,26,31.7,
HKO,香港天文台總部,1993,8,27,32.8,
HKO,香港天文台總部,1993,8,28,31.1,
HKO,香港天文台總部,1993,8,29,30.6,
HKO,香港天文台總部,1993,8,30,30.9,
HKO,香港天文台總部,1993,8,31,30.6,
HKO,香港天文台總部,1993,9,1,30.4,
HKO,香港天文台總部,1993,9,2,30.8,
HKO,香港天文台總部,1993,9,3,32.0,
HKO,香港天文台總部,1993,9,4,31.5,
HKO,香港天文台總部,1993,9,5,31.7,
HKO,香港天文台總部,1993,9,6,30.9,
HKO,香港天文台總部,1993,9,7,30.9,
HKO,香港天文台總部,1993,9,8,30.6,
HKO,香港天文台總部,1993,9,9,30.7,
HKO,香港天文台總部,1993,9,10,30.5,
HKO,香港天文台總部,1993,9,11,29.9,
HKO,香港天文台總部,1993,9,12,30.6,
HKO,香港天文台總部,1993,9,13,31.6,
HKO,香港天文台總部,1993,9,14,31.1,
HKO,香港天文台總部,1993,9,15,30.9,
HKO,香港天文台總部,1993,9,16,31.1,
HKO,香港天文台總部,1993,9,17,28.9,
HKO,香港天文台總部,1993,9,18,29.2,
HKO,香港天文台總部,1993,9,19,30.0,
HKO,香港天文台總部,1993,9,20,31.8,
HKO,香港天文台總部,1993,9,21,32.1,
HKO,香港天文台總部,1993,9,22,31.2,
HKO,香港天文台總部,1993,9,23,27.7,
HKO,香港天文台總部,1993,9,24,25.9,
HKO,香港天文台總部,1993,9,25,24.6,
HKO,香港天文台總部,1993,9,26,26.0,
HKO,香港天文台總部,1993,9,27,29.0,
HKO,香港天文台總部,1993,9,28,28.8,
HKO,香港天文台總部,1993,9,29,29.4,
HKO,香港天文台總部,1993,9,30,30.5,
HKO,香港天文台總部,1994,6,1,30.0,
HKO,香港天文台總部,1994,6,2,29.4,
HKO,香港天文台總部,1994,6,3,27.9,
HKO,香港天文台總部,1994,6,4,27.8,
HKO,香港天文台總部,1994,6,5,32.4,
HKO,香港天文台總部,1994,6,6,30.8,
HKO,香港天文台總部,1994,6,7,27.5,
HKO,香港天文台總部,1994,6,8,28.5,
HKO,香港天文台總部,1994,6,9,29.2,
HKO,香港天文台總部,1994,6,10,28.8,
HKO,香港天文台總部,1994,6,11,29.0,
HKO,香港天文台總部,1994,6,12,29.9,
HKO,香港天文台總部,1994,6,13,30.2,
HKO,香港天文台總部,1994,6,14,30.1,
HKO,香港天文台總部,1994,6,15,30.0,
HKO,香港天文台總部,1994,6,16,29.9,
HKO,香港天文台總部,1994,6,17,29.7,
HKO,香港天文台總部,1994,6,18,29.0,
HKO,香港天文台總部,1994,6,19,27.1,
HKO,香港天文台總部,1994,6,20,28.2,
HKO,香港天文台總部,1994,6,21,29.7,
HKO,香港天文台總部,1994,6,22,30.9,
HKO,香港天文台總部,1994,6,23,31.3,
HKO,香港天文台總部,1994,6,24,31.2,
HKO,香港天文台總部,1994,6,25,29.3,
HKO,香港天文台總部,1994,6,26,31.6,
HKO,香港天文台總部,1994,6,27,32.5,
HKO,香港天文台總部,1994,6,28,33.2,
HKO,香港天文台總部,1994,6,29,32.4,
HKO,香港天文台總部,1994,6,30,32.9,
HKO,香港天文台總部,1994,7,1,33.4,
HKO,香港天文台總部,1994,7,2,33.7,
HKO,香港天文台總部,1994,7,3,32.3,
HKO,香港天文台總部,1994,7,4,29.4,
HKO,香港天文台總部,1994,7,5,29.5,
HKO,香港天文台總部,1994,7,6,31.3,
HKO,香港天文台總部,1994,7,7,30.0,
HKO,香港天文台總部,1994,7,8,29.1,
HKO,香港天文台總部,1994,7,9,32.6,
HKO,香港天文台總部,1994,7,10,34.0,
HKO,香港天文台總部,1994,7,11,34.1,
HKO,香港天文台總部,1994,7,12,32.0,
HKO,香港天文台總部,1994,7,13,30.8,
HKO,香港天文台總部,1994,7,14,29.5,
HKO,香港天文台總部,1994,7,15,28.0,
HKO,香港天文台總部,1994,7,16,31.3,
HKO,香港天文台總部,1994,7,17,29.7,
HKO,香港天文台總部,1994,7,18,31.7,
HKO,香港天文台總部,1994,7,19,32.1,
HKO,香港天文台總部,1994,7,20,30.4,
HKO,香港天文台總部,1994,7,21,28.2,
HKO,香港天文台總部,1994,7,22,28.0,
HKO,香港天文台總部,1994,7,23,27.9,
HKO,香港天文台總部,1994,7,24,25.5,
HKO,香港天文台總部,1994,7,25,27.4,
HKO,香港天文台總部,1994,7,26,28.7,
HKO,香港天文台總部,1994,7,27,28.8,
HKO,香港天文台總部,1994,7,28,30.5,
HKO,香港天文台總部,1994,7,29,30.2,
HKO,香港天文台總部,1994,7,30,29.9,
HKO,香港天文台總部,1994,7,31,31.8,
HKO,香港天文台總部,1994,8,1,32.3,
HKO,香港天文台總部,1994,8,2,32.4,
HKO,香港天文台總部,1994,8,3,32.0,
HKO,香港天文台總部,1994,8,4,30.2,
HKO,香港天文台總部,1994,8,5,29.7,
HKO,香港天文台總部,1994,8,6,29.1,
HKO,香港天文台總部,1994,8,7,28.5,
HKO,香港天文台總部,1994,8,8,29.4,
HKO,香港天文台總部,1994,8,9,29.0,
HKO,香港天文台總部,1994,8,10,30.1,
HKO,香港天文台總部,1994,8,11,31.6,
HKO,香港天文台總部,1994,8,12,32.6,
HKO,香港天文台總部,1994,8,13,30.0,
HKO,香港天文台總部,1994,8,14,29.9,
HKO,香港天文台總部,1994,8,15,27.6,
HKO,香港天文台總部,1994,8,16,27.2,
HKO,香港天文台總部,1994,8,17,28.6,
HKO,香港天文台總部,1994,8,18,31.2,
HKO,香港天文台總部,1994,8,19,32.0,
HKO,香港天文台總部,1994,8,20,30.1,
HKO,香港天文台總部,1994,8,21,30.6,
HKO,香港天文台總部,1994,8,22,31.7,
HKO,香港天文台總部,1994,8,23,32.4,
HKO,香港天文台總部,1994,8,24,32.5,
HKO,香港天文台總部,1994,8,25,31.9,
HKO,香港天文台總部,1994,8,26,28.7,
HKO,香港天文台總部,1994,8,27,27.8,
HKO,香港天文台總部,1994,8,28,28.1,
HKO,香港天文台總部,1994,8,29,30.4,
HKO,香港天文台總部,1994,8,30,31.7,
HKO,香港天文台總部,1994,8,31,31.8,
HKO,香港天文台總部,1994,9,1,31.1,
HKO,香港天文台總部,1994,9,2,31.9,
HKO,香港天文台總部,1994,9,3,30.8,
HKO,香港天文台總部,1994,9,4,30.5,
HKO,香港天文台總部,1994,9,5,29.6,
HKO,香港天文台總部,1994,9,6,29.9,
HKO,香港天文台總部,1994,9,7,30.5,
HKO,香港天文台總部,1994,9,8,29.4,
HKO,香港天文台總部,1994,9,9,31.1,
HKO,香港天文台總部,1994,9,10,30.5,
HKO,香港天文台總部,1994,9,11,30.8,
HKO,香港天文台總部,1994,9,12,28.6,
HKO,香港天文台總部,1994,9,13,28.0,
HKO,香港天文台總部,1994,9,14,27.4,
HKO,香港天文台總部,1994,9,15,28.7,
HKO,香港天文台總部,1994,9,16,29.0,
HKO,香港天文台總部,1994,9,17,29.0,
HKO,香港天文台總部,1994,9,18,26.3,
HKO,香港天文台總部,1994,9,19,28.0,
HKO,香港天文台總部,1994,9,20,29.0,
HKO,香港天文台總部,1994,9,21,28.2,
HKO,香港天文台總部,1994,9,22,30.8,
HKO,香港天文台總部,1994,9,23,28.4,
HKO,香港天文台總部,1994,9,24,27.5,
HKO,香港天文台總部,1994,9,25,28.0,
HKO,香港天文台總部,1994,9,26,29.1,
HKO,香港天文台總部,1994,9,27,28.5,
HKO,香港天文台總部,1994,9,28,26.7,
HKO,香港天文台總部,1994,9,29,29.0,
HKO,香港天文台總部,1994,9,30,29.3,
HKO,香港天文台總部,1995,6,1,32.1,
HKO,香港天文台總部,1995,6,2,31.8,
HKO,香港天文台總部,1995,6,3,32.4,
HKO,香港天文台總部,1995,6,4,33.6,
HKO,香港天文台總部,1995,6,5,29.6,
HKO,香港天文台總部,1995,6,6,28.8,
HKO,香港天文台總部,1995,6,7,28.1,
HKO,香港天文台總部,1995,6,8,28.9,
HKO,香港天文台總部,1995,6,9,29.7,
HKO,香港天文台總部,1995,6,10,31.2,
HKO,香港天文台總部,1995,6,11,26.6,
HKO,香港天文台總部,1995,6,12,31.4,
HKO,香港天文台總部,1995,6,13,32.0,
HKO,香港天文台總部,1995,6,14,30.9,
HKO,香港天文台總部,1995,6,15,30.0,
HKO,香港天文台總部,1995,6,16,31.1,
HKO,香港天文台總部,1995,6,17,30.6,
HKO,香港天文台總部,1995,6,18,30.3,
HKO,香港天文台總部,1995,6,19,32.1,
HKO,香港天文台總部,1995,6,20,32.4,
HKO,香港天文台總部,1995,6,21,31.9,
HKO,香港天文台總部,1995,6,22,32.2,
HKO,香港天文台總部,1995,6,23,31.9,
HKO,香港天文台總部,1995,6,24,32.3,
HKO,香港天文台總部,1995,6,25,32.0,
HKO,香港天文台總部,1995,6,26,32.4,
HKO,香港天文台總部,1995,6,27,32.4,
HKO,香港天文台總部,1995,6,28,31.7,
HKO,香港天文台總部,1995,6,29,32.1,
HKO,香港天文台總部,1995,6,30,32.8,
HKO,香港天文台總部,1995,7,1,31.5,
HKO,香港天文台總部,1995,7,2,28.4,
HKO,香港天文台總部,1995,7,3,29.1,
HKO,香港天文台總部,1995,7,4,29.0,
HKO,香港天文台總部,1995,7,5,30.2,
HKO,香港天文台總部,1995,7,6,32.6,
HKO,香港天文台總部,1995,7,7,32.4,
HKO,香港天文台總部,1995,7,8,31.5,
HKO,香港天文台總部,1995,7,9,29.9,
HKO,香港天文台總部,1995,7,10,32.1,
HKO,香港天文台總部,1995,7,11,32.2,
HKO,香港天文台總部,1995,7,12,30.9,
HKO,香港天文台總部,1995,7,13,26.6,
HKO,香港天文台總部,1995,7,14,26.3,
HKO,香港天文台總部,1995,7,15,26.3,
HKO,香港天文台總部,1995,7,16,29.9,
HKO,香港天文台總部,1995,7,17,31.9,
HKO,香港天文台總部,1995,7,18,31.7,
HKO,香港天文台總部,1995,7,19,32.1,
HKO,香港天文台總部,1995,7,20,32.7,
HKO,香港天文台總部,1995,7,21,32.4,
HKO,香港天文台總部,1995,7,22,33.4,
HKO,香港天文台總部,1995,7,23,32.5,
HKO,香港天文台總部,1995,7,24,32.1,
HKO,香港天文台總部,1995,7,25,29.3,
HKO,香港天文台總部,1995,7,26,28.3,
HKO,香港天文台總部,1995,7,27,26.2,
HKO,香港天文台總部,1995,7,28,30.3,
HKO,香港天文台總部,1995,7,29,31.6,
HKO,香港天文台總部,1995,7,30,32.5,
HKO,香港天文台總部,1995,7,31,31.3,
HKO,香港天文台總部,1995,8,1,30.2,
HKO,香港天文台總部,1995,8,2,29.1,
HKO,香港天文台總部,1995,8,3,25.9,
HKO,香港天文台總部,1995,8,4,26.3,
HKO,香港天文台總部,1995,8,5,26.2,
HKO,香港天文台總部,1995,8,6,27.3,
HKO,香港天文台總部,1995,8,7,28.1,
HKO,香港天文台總部,1995,8,8,29.6,
HKO,香港天文台總部,1995,8,9,31.1,
HKO,香港天文台總部,1995,8,10,32.8,
HKO,香港天文台總部,1995,8,11,28.8,
HKO,香港天文台總部,1995,8,12,27.8,
HKO,香港天文台總部,1995,8,13,29.6,
HKO,香港天文台總部,1995,8,14,28.1,
HKO,香港天文台總部,1995,8,15,28.6,
HKO,香港天文台總部,1995,8,16,29.1,
HKO,香港天文台總部,1995,8,17,30.7,
HKO,香港天文台總部,1995,8,18,30.7,
HKO,香港天文台總部,1995,8,19,31.1,
HKO,香港天文台總部,1995,8,20,32.1,
HKO,香港天文台總部,1995,8,21,32.5,
HKO,香港天文台總部,1995,8,22,32.7,
HKO,香港天文台總部,1995,8,23,32.0,
HKO,香港天文台總部,1995,8,24,29.9,
HKO,香港天文台總部,1995,8,25,33.9,
HKO,香港天文台總部,1995,8,26,31.5,
HKO,香港天文台總部,1995,8,27,28.6,
HKO,香港天文台總部,1995,8,28,28.8,
HKO,香港天文台總部,1995,8,29,30.4,
HKO,香港天文台總部,1995,8,30,31.4,
HKO,香港天文台總部,1995,8,31,31.0,
HKO,香港天文台總部,1995,9,1,29.2,
HKO,香港天文台總部,1995,9,2,29.6,
HKO,香港天文台總部,1995,9,3,31.4,
HKO,香港天文台總部,1995,9,4,31.6,
HKO,香港天文台總部,1995,9,5,33.4,
HKO,香港天文台總部,1995,9,6,30.5,
HKO,香港天文台總部,1995,9,7,30.7,
HKO,香港天文台總部,1995,9,8,31.1,
HKO,香港天文台總部,1995,9,9,32.4,
HKO,香港天文台總部,1995,9,10,32.3,
HKO,香港天文台總部,1995,9,11,32.5,
HKO,香港天文台總部,1995,9,12,31.9,
HKO,香港天文台總部,1995,9,13,32.1,
HKO,香港天文台總部,1995,9,14,31.3,
HKO,香港天文台總部,1995,9,15,30.9,
HKO,香港天文台總部,1995,9,16,30.5,
HKO,香港天文台總部,1995,9,17,29.2,
HKO,香港天文台總部,1995,9,18,28.1,
HKO,香港天文台總部,1995,9,19,27.3,
HKO,香港天文台總部,1995,9,20,25.3,
HKO,香港天文台總部,1995,9,21,26.5,
HKO,香港天文台總部,1995,9,22,29.8,
HKO,香港天文台總部,1995,9,23,29.9,
HKO,香港天文台總部,1995,9,24,30.1,
HKO,香港天文台總部,1995,9,25,29.4,
HKO,香港天文台總部,1995,9,26,29.6,
HKO,香港天文台總部,1995,9,27,29.3,
HKO,香港天文台總部,1995,9,28,28.7,
HKO,香港天文台總部,1995,9,29,29.6,
HKO,香港天文台總部,1995,9,30,29.2,
HKO,香港天文台總部,1996,6,1,31.6,
HKO,香港天文台總部,1996,6,2,31.2,
HKO,香港天文台總部,1996,6,3,31.5,
HKO,香港天文台總部,1996,6,4,31.8,
HKO,香港天文台總部,1996,6,5,31.5,
HKO,香港天文台總部,1996,6,6,32.5,
HKO,香港天文台總部,1996,6,7,33.2,
HKO,香港天文台總部,1996,6,8,32.6,
HKO,香港天文台總部,1996,6,9,32.4,
HKO,香港天文台總部,1996,6,10,32.9,
HKO,香港天文台總部,1996,6,11,33.2,
HKO,香港天文台總部,1996,6,12,33.0,
HKO,香港天文台總部,1996,6,13,31.9,
HKO,香港天文台總部,1996,6,14,31.9,
HKO,香港天文台總部,1996,6,15,29.4,
HKO,香港天文台總部,1996,6,16,28.3,
HKO,香港天文台總部,1996,6,17,31.4,
HKO,香港天文台總部,1996,6,18,30.0,
HKO,香港天文台總部,1996,6,19,31.3,
HKO,香港天文台總部,1996,6,20,31.3,
HKO,香港天文台總部,1996,6,21,30.0,
HKO,香港天文台總部,1996,6,22,27.7,
HKO,香港天文台總部,1996,6,23,26.7,
HKO,香港天文台總部,1996,6,24,29.5,
HKO,香港天文台總部,1996,6,25,31.0,
HKO,香港天文台總部,1996,6,26,32.0,
HKO,香港天文台總部,1996,6,27,32.5,
HKO,香港天文台總部,1996,6,28,31.1,
HKO,香港天文台總部,1996,6,29,31.1,
HKO,香港天文台總部,1996,6,30,30.8,
HKO,香港天文台總部,1996,7,1,31.9,
HKO,香港天文台總部,1996,7,2,32.0,
HKO,香港天文台總部,1996,7,3,32.6,
HKO,香港天文台總部,1996,7,4,33.6,
HKO,香港天文台總部,1996,7,5,32.8,
HKO,香港天文台總部,1996,7,6,32.6,
HKO,香港天文台總部,1996,7,7,32.8,
HKO,香港天文台總部,1996,7,8,32.1,
HKO,香港天文台總部,1996,7,9,32.3,
HKO,香港天文台總部,1996,7,10,32.4,
HKO,香港天文台總部,1996,7,11,32.0,
HKO,香港天文台總部,1996,7,12,29.5,
HKO,香港天文台總部,1996,7,13,31.9,
HKO,香港天文台總部,1996,7,14,32.1,
HKO,香港天文台總部,1996,7,15,32.3,
HKO,香港天文台總部,1996,7,16,31.7,
HKO,香港天文台總部,1996,7,17,33.2,
HKO,香港天文台總部,1996,7,18,31.2,
HKO,香港天文台總部,1996,7,19,30.7,
HKO,香港天文台總部,1996,7,20,32.2,
HKO,香港天文台總部,1996,7,21,30.9,
HKO,香港天文台總部,1996,7,22,31.3,
HKO,香港天文台總部,1996,7,23,29.4,
HKO,香港天文台總部,1996,7,24,31.8,
HKO,香港天文台總部,1996,7,25,33.5,
HKO,香港天文台總部,1996,7,26,34.3,
HKO,香港天文台總部,1996,7,27,28.8,
HKO,香港天文台總部,1996,7,28,30.6,
HKO,香港天文台總部,1996,7,29,30.8,
HKO,香港天文台總部,1996,7,30,29.6,
HKO,香港天文台總部,1996,7,31,31.9,
HKO,香港天文台總部,1996,8,1,33.5,
HKO,香港天文台總部,1996,8,2,30.9,
HKO,香港天文台總部,1996,8,3,31.2,
HKO,香港天文台總部,1996,8,4,29.5,
HKO,香港天文台總部,1996,8,5,31.1,
HKO,香港天文台總部,1996,8,6,32.3,
HKO,香港天文台總部,1996,8,7,31.0,
HKO,香港天文台總部,1996,8,8,31.7,
HKO,香港天文台總部,1996,8,9,31.5,
HKO,香港天文台總部,1996,8,10,31.4,
HKO,香港天文台總部,1996,8,11,31.2,
HKO,香港天文台總部,1996,8,12,31.8,
HKO,香港天文台總部,1996,8,13,32.5,
HKO,香港天文台總部,1996,8,14,29.6,
HKO,香港天文台總部,1996,8,15,28.9,
HKO,香港天文台總部,1996,8,16,27.5,
HKO,香港天文台總部,1996,8,17,26.8,
HKO,香港天文台總部,1996,8,18,27.1,
HKO,香港天文台總部,1996,8,19,31.2,
HKO,香港天文台總部,1996,8,20,32.2,
HKO,香港天文台總部,1996,8,21,31.7,
HKO,香港天文台總部,1996,8,22,31.6,
HKO,香港天文台總部,1996,8,23,30.0,
HKO,香港天文台總部,1996,8,24,31.2,
HKO,香港天文台總部,1996,8,25,29.7,
HKO,香港天文台總部,1996,8,26,30.6,
HKO,香港天文台總部,1996,8,27,31.5,
HKO,香港天文台總部,1996,8,28,31.9,
HKO,香港天文台總部,1996,8,29,31.8,
HKO,香港天文台總部,1996,8,30,31.1,
HKO,香港天文台總部,1996,8,31,32.0,
HKO,香港天文台總部,1996,9,1,32.2,
HKO,香港天文台總部,1996,9,2,31.1,
HKO,香港天文台總部,1996,9,3,30.3,
HKO,香港天文台總部,1996,9,4,30.7,
HKO,香港天文台總部,1996,9,5,30.6,
HKO,香港天文台總部,1996,9,6,31.2,
HKO,香港天文台總部,1996,9,7,31.6,
HKO,香港天文台總部,1996,9,8,33.0,
HKO,香港天文台總部,1996,9,9,30.1,
HKO,香港天文台總部,1996,9,10,31.6,
HKO,香港天文台總部,1996,9,11,31.9,
HKO,香港天文台總部,1996,9,12,31.3,
HKO,香港天文台總部,1996,9,13,29.0,
HKO,香港天文台總部,1996,9,14,28.6,
HKO,香港天文台總部,1996,9,15,27.8,
HKO,香港天文台總部,1996,9,16,30.7,
HKO,香港天文台總部,1996,9,17,30.3,
HKO,香港天文台總部,1996,9,18,30.2,
HKO,香港天文台總部,1996,9,19,29.3,
HKO,香港天文台總部,1996,9,20,28.4,
HKO,香港天文台總部,1996,9,21,27.6,
HKO,香港天文台總部,1996,9,22,28.1,
HKO,香港天文台總部,1996,9,23,28.3,
HKO,香港天文台總部,1996,9,24,27.0,
HKO,香港天文台總部,1996,9,25,27.0,
HKO,香港天文台總部,1996,9,26,29.4,
HKO,香港天文台總部,1996,9,27,30.3,
HKO,香港天文台總部,1996,9,28,29.6,
HKO,香港天文台總部,1996,9,29,29.8,
HKO,香港天文台總部,1996,9,30,30.1,
HKO,香港天文台總部,1997,6,1,30.0,
HKO,香港天文台總部,1997,6,2,32.1,
HKO,香港天文台總部,1997,6,3,30.4,
HKO,香港天文台總部,1997,6,4,30.5,
HKO,香港天文台總部,1997,6,5,31.1,
HKO,香港天文台總部,1997,6,6,30.6,
HKO,香港天文台總部,1997,6,7,30.9,
HKO,香港天文台總部,1997,6,8,31.9,
HKO,香港天文台總部,1997,6,9,31.5,
HKO,香港天文台總部,1997,6,10,31.0,
HKO,香港天文台總部,1997,6,11,27.7,
HKO,香港天文台總部,1997,6,12,28.9,
HKO,香港天文台總部,1997,6,13,27.2,
HKO,香港天文台總部,1997,6,14,27.7,
HKO,香港天文台總部,1997,6,15,25.8,
HKO,香港天文台總部,1997,6,16,24.7,
HKO,香港天文台總部,1997,6,17,24.6,
HKO,香港天文台總部,1997,6,18,25.2,
HKO,香港天文台總部,1997,6,19,28.6,
HKO,香港天文台總部,1997,6,20,30.1,
HKO,香港天文台總部,1997,6,21,30.2,
HKO,香港天文台總部,1997,6,22,28.1,
HKO,香港天文台總部,1997,6,23,31.4,
HKO,香港天文台總部,1997,6,24,30.4,
HKO,香港天文台總部,1997,6,25,31.9,
HKO,香港天文台總部,1997,6,26,29.0,
HKO,香港天文台總部,1997,6,27,30.2,
HKO,香港天文台總部,1997,6,28,31.3,
HKO,香港天文台總部,1997,6,29,31.5,
HKO,香港天文台總部,1997,6,30,29.6,
HKO,香港天文台總部,1997,7,1,29.1,
HKO,香港天文台總部,1997,7,2,28.7,
HKO,香港天文台總部,1997,7,3,27.2,
HKO,香港天文台總部,1997,7,4,29.0,
HKO,香港天文台總部,1997,7,5,29.5,
HKO,香港天文台總部,1997,7,6,29.8,
HKO,香港天文台總部,1997,7,7,30.3,
HKO,香港天文台總部,1997,7,8,29.5,
HKO,香港天文台總部,1997,7,9,30.0,
HKO,香港天文台總部,1997,7,10,29.8,
HKO,香港天文台總部,1997,7,11,30.1,
HKO,香港天文台總部,1997,7,12,32.4,
HKO,香港天文台總部,1997,7,13,31.2,
HKO,香港天文台總部,1997,7,14,31.7,
HKO,香港天文台總部,1997,7,15,29.7,
HKO,香港天文台總部,1997,7,16,28.8,
HKO,香港天文台總部,1997,7,17,27.7,
HKO,香港天文台總部,1997,7,18,27.8,
HKO,香港天文台總部,1997,7,19,27.4,
HKO,香港天文台總部,1997,7,20,29.5,
HKO,香港天文台總部,1997,7,21,31.0,
HKO,香港天文台總部,1997,7,22,31.7,
HKO,香港天文台總部,1997,7,23,31.8,
HKO,香港天文台總部,1997,7,24,30.9,
HKO,香港天文台總部,1997,7,25,29.8,
HKO,香港天文台總部,1997,7,26,31.9,
HKO,香港天文台總部,1997,7,27,32.4,
HKO,香港天文台總部,1997,7,28,33.0,
HKO,香港天文台總部,1997,7,29,31.8,
HKO,香港天文台總部,1997,7,30,33.2,
HKO,香港天文台總部,1997,7,31,31.2,
HKO,香港天文台總部,1997,8,1,29.7,
HKO,香港天文台總部,1997,8,2,27.4,
HKO,香港天文台總部,1997,8,3,28.8,
HKO,香港天文台總部,1997,8,4,30.7,
HKO,香港天文台總部,1997,8,5,32.0,
HKO,香港天文台總部,1997,8,6,32.9,
HKO,香港天文台總部,1997,8,7,30.7,
HKO,香港天文台總部,1997,8,8,28.6,
HKO,香港天文台總部,1997,8,9,30.2,
HKO,香港天文台總部,1997,8,10,30.5,
HKO,香港天文台總部,1997,8,11,31.4,
HKO,香港天文台總部,1997,8,12,29.9,
HKO,香港天文台總部,1997,8,13,28.5,
HKO,香港天文台總部,1997,8,14,29.6,
HKO,香港天文台總部,1997,8,15,32.2,
HKO,香港天文台總部,1997,8,16,30.9,
HKO,香港天文台總部,1997,8,17,31.4,
HKO,香港天文台總部,1997,8,18,33.2,
HKO,香港天文台總部,1997,8,19,32.4,
HKO,香港天文台總部,1997,8,20,32.8,
HKO,香港天文台總部,1997,8,21,29.3,
HKO,香港天文台總部,1997,8,22,27.6,
HKO,香港天文台總部,1997,8,23,29.9,
HKO,香港天文台總部,1997,8,24,28.9,
HKO,香港天文台總部,1997,8,25,30.9,
HKO,香港天文台總部,1997,8,26,30.2,
HKO,香港天文台總部,1997,8,27,30.2,
HKO,香港天文台總部,1997,8,28,32.0,
HKO,香港天文台總部,1997,8,29,33.0,
HKO,香港天文台總部,1997,8,30,33.1,
HKO,香港天文台總部,1997,8,31,32.1,
HKO,香港天文台總部,1997,9,1,31.5,
HKO,香港天文台總部,1997,9,2,30.4,
HKO,香港天文台總部,1997,9,3,29.3,
HKO,香港天文台總部,1997,9,4,29.1,
HKO,香港天文台總部,1997,9,5,30.9,
HKO,香港天文台總部,1997,9,6,31.4,
HKO,香港天文台總部,1997,9,7,28.0,
HKO,香港天文台總部,1997,9,8,28.8,
HKO,香港天文台總部,1997,9,9,30.6,
HKO,香港天文台總部,1997,9,10,30.9,
HKO,香港天文台總部,1997,9,11,31.3,
HKO,香港天文台總部,1997,9,12,31.5,
HKO,香港天文台總部,1997,9,13,30.9,
HKO,香港天文台總部,1997,9,14,30.1,
HKO,香港天文台總部,1997,9,15,30.1,
HKO,香港天文台總部,1997,9,16,29.6,
HKO,香港天文台總部,1997,9,17,29.5,
HKO,香港天文台總部,1997,9,18,28.9,
HKO,香港天文台總部,1997,9,19,28.5,
HKO,香港天文台總部,1997,9,20,28.2,
HKO,香港天文台總部,1997,9,21,24.6,
HKO,香港天文台總部,1997,9,22,25.8,
HKO,香港天文台總部,1997,9,23,26.5,
HKO,香港天文台總部,1997,9,24,27.4,
HKO,香港天文台總部,1997,9,25,29.2,
HKO,香港天文台總部,1997,9,26,27.7,
HKO,香港天文台總部,1997,9,27,26.5,
HKO,香港天文台總部,1997,9,28,23.1,
HKO,香港天文台總部,1997,9,29,22.4,
HKO,香港天文台總部,1997,9,30,23.7,
HKO,香港天文台總部,1998,6,1,30.5,
HKO,香港天文台總部,1998,6,2,29.9,
HKO,香港天文台總部,1998,6,3,29.8,
HKO,香港天文台總部,1998,6,4,28.1,
HKO,香港天文台總部,1998,6,5,28.5,
HKO,香港天文台總部,1998,6,6,24.6,
HKO,香港天文台總部,1998,6,7,25.1,
HKO,香港天文台總部,1998,6,8,28.4,
HKO,香港天文台總部,1998,6,9,28.9,
HKO,香港天文台總部,1998,6,10,28.9,
HKO,香港天文台總部,1998,6,11,29.1,
HKO,香港天文台總部,1998,6,12,31.4,
HKO,香港天文台總部,1998,6,13,31.9,
HKO,香港天文台總部,1998,6,14,31.9,
HKO,香港天文台總部,1998,6,15,32.4,
HKO,香港天文台總部,1998,6,16,32.7,
HKO,香港天文台總部,1998,6,17,32.1,
HKO,香港天文台總部,1998,6,18,31.9,
HKO,香港天文台總部,1998,6,19,30.9,
HKO,香港天文台總部,1998,6,20,31.8,
HKO,香港天文台總部,1998,6,21,31.7,
HKO,香港天文台總部,1998,6,22,31.0,
HKO,香港天文台總部,1998,6,23,30.3,
HKO,香港天文台總部,1998,6,24,30.6,
HKO,香港天文台總部,1998,6,25,30.6,
HKO,香港天文台總部,1998,6,26,30.8,
HKO,香港天文台總部,1998,6,27,28.2,
HKO,香港天文台總部,1998,6,28,31.6,
HKO,香港天文台總部,1998,6,29,32.1,
HKO,香港天文台總部,1998,6,30,32.7,
HKO,香港天文台總部,1998,7,1,32.3,
HKO,香港天文台總部,1998,7,2,29.4,
HKO,香港天文台總部,1998,7,3,27.9,
HKO,香港天文台總部,1998,7,4,29.1,
HKO,香港天文台總部,1998,7,5,29.6,
HKO,香港天文台總部,1998,7,6,28.8,
HKO,香港天文台總部,1998,7,7,30.3,
HKO,香港天文台總部,1998,7,8,30.8,
HKO,香港天文台總部,1998,7,9,30.5,
HKO,香港天文台總部,1998,7,10,32.5,
HKO,香港天文台總部,1998,7,11,31.2,
HKO,香港天文台總部,1998,7,12,30.2,
HKO,香港天文台總部,1998,7,13,29.4,
HKO,香港天文台總部,1998,7,14,32.0,
HKO,香港天文台總部,1998,7,15,32.4,
HKO,香港天文台總部,1998,7,16,32.3,
HKO,香港天文台總部,1998,7,17,32.0,
HKO,香港天文台總部,1998,7,18,31.9,
HKO,香港天文台總部,1998,7,19,32.2,
HKO,香港天文台總部,1998,7,20,32.6,
HKO,香港天文台總部,1998,7,21,32.2,
HKO,香港天文台總部,1998,7,22,32.6,
HKO,香港天文台總部,1998,7,23,31.8,
HKO,香港天文台總部,1998,7,24,32.1,
HKO,香港天文台總部,1998,7,25,32.7,
HKO,香港天文台總部,1998,7,26,32.7,
HKO,香港天文台總部,1998,7,27,33.2,
HKO,香港天文台總部,1998,7,28,33.3,
HKO,香港天文台總部,1998,7,29,32.4,
HKO,香港天文台總部,1998,7,30,32.6,
HKO,香港天文台總部,1998,7,31,32.9,
HKO,香港天文台總部,1998,8,1,33.2,
HKO,香港天文台總部,1998,8,2,33.9,
HKO,香港天文台總部,1998,8,3,34.4,
HKO,香港天文台總部,1998,8,4,33.3,
HKO,香港天文台總部,1998,8,5,32.5,
HKO,香港天文台總部,1998,8,6,32.3,
HKO,香港天文台總部,1998,8,7,30.4,
HKO,香港天文台總部,1998,8,8,32.7,
HKO,香港天文台總部,1998,8,9,33.1,
HKO,香港天文台總部,1998,8,10,29.6,
HKO,香港天文台總部,1998,8,11,28.5,
HKO,香港天文台總部,1998,8,12,31.9,
HKO,香港天文台總部,1998,8,13,32.2,
HKO,香港天文台總部,1998,8,14,32.5,
HKO,香港天文台總部,1998,8,15,32.8,
HKO,香港天文台總部,1998,8,16,33.4,
HKO,香港天文台總部,1998,8,17,32.3,
HKO,香港天文台總部,1998,8,18,33.7,
HKO,香港天文台總部,1998,8,19,32.9,
HKO,香港天文台總部,1998,8,20,33.6,
HKO,香港天文台總部,1998,8,21,32.7,
HKO,香港天文台總部,1998,8,22,30.3,
HKO,香港天文台總部,1998,8,23,30.8,
HKO,香港天文台總部,1998,8,24,32.3,
HKO,香港天文台總部,1998,8,25,32.7,
HKO,香港天文台總部,1998,8,26,32.7,
HKO,香港天文台總部,1998,8,27,31.2,
HKO,香港天文台總部,1998,8,28,30.7,
HKO,香港天文台總部,1998,8,29,32.5,
HKO,香港天文台總部,1998,8,30,31.9,
HKO,香港天文台總部,1998,8,31,29.6,
HKO,香港天文台總部,1998,9,1,27.6,
HKO,香港天文台總部,1998,9,2,28.9,
HKO,香港天文台總部,1998,9,3,30.0,
HKO,香港天文台總部,1998,9,4,29.6,
HKO,香港天文台總部,1998,9,5,31.1,
HKO,香港天文台總部,1998,9,6,30.1,
HKO,香港天文台總部,1998,9,7,29.3,
HKO,香港天文台總部,1998,9,8,30.7,
HKO,香港天文台總部,1998,9,9,29.4,
HKO,香港天文台總部,1998,9,10,27.7,
HKO,香港天文台總部,1998,9,11,31.0,
HKO,香港天文台總部,1998,9,12,27.5,
HKO,香港天文台總部,1998,9,13,27.6,
HKO,香港天文台總部,1998,9,14,29.9,
HKO,香港天文台總部,1998,9,15,31.1,
HKO,香港天文台總部,1998,9,16,30.9,
HKO,香港天文台總部,1998,9,17,30.4,
HKO,香港天文台總部,1998,9,18,29.3,
HKO,香港天文台總部,1998,9,19,30.5,
HKO,香港天文台總部,1998,9,20,32.1,
HKO,香港天文台總部,1998,9,21,31.1,
HKO,香港天文台總部,1998,9,22,31.1,
HKO,香港天文台總部,1998,9,23,30.4,
HKO,香港天文台總部,1998,9,24,30.4,
HKO,香港天文台總部,1998,9,25,30.0,
HKO,香港天文台總部,1998,9,26,30.7,
HKO,香港天文台總部,1998,9,27,31.9,
HKO,香港天文台總部,1998,9,28,31.8,
HKO,香港天文台總部,1998,9,29,29.4,
HKO,香港天文台總部,1998,9,30,30.4,
HKO,香港天文台總部,1999,6,1,30.7,
HKO,香港天文台總部,1999,6,2,32.9,
HKO,香港天文台總部,1999,6,3,32.6,
HKO,香港天文台總部,1999,6,4,32.3,
HKO,香港天文台總部,1999,6,5,30.7,
HKO,香港天文台總部,1999,6,6,33.4,
HKO,香港天文台總部,1999,6,7,30.9,
HKO,香港天文台總部,1999,6,8,29.6,
HKO,香港天文台總部,1999,6,9,31.6,
HKO,香港天文台總部,1999,6,10,32.0,
HKO,香港天文台總部,1999,6,11,32.1,
HKO,香港天文台總部,1999,6,12,32.1,
HKO,香港天文台總部,1999,6,13,32.8,
HKO,香港天文台總部,1999,6,14,32.4,
HKO,香港天文台總部,1999,6,15,31.6,
HKO,香港天文台總部,1999,6,16,31.9,
HKO,香港天文台總部,1999,6,17,29.6,
HKO,香港天文台總部,1999,6,18,30.6,
HKO,香港天文台總部,1999,6,19,32.2,
HKO,香港天文台總部,1999,6,20,29.2,
HKO,香港天文台總部,1999,6,21,30.2,
HKO,香港天文台總部,1999,6,22,30.7,
HKO,香港天文台總部,1999,6,23,30.2,
HKO,香港天文台總部,1999,6,24,31.5,
HKO,香港天文台總部,1999,6,25,31.8,
HKO,香港天文台總部,1999,6,26,30.6,
HKO,香港天文台總部,1999,6,27,32.5,
HKO,香港天文台總部,1999,6,28,32.2,
HKO,香港天文台總部,1999,6,29,32.1,
HKO,香港天文台總部,1999,6,30,31.1,
HKO,香港天文台總部,1999,7,1,31.6,
HKO,香港天文台總部,1999,7,2,32.3,
HKO,香港天文台總部,1999,7,3,30.9,
HKO,香港天文台總部,1999,7,4,28.9,
HKO,香港天文台總部,1999,7,5,30.4,
HKO,香港天文台總部,1999,7,6,29.3,
HKO,香港天文台總部,1999,7,7,29.7,
HKO,香港天文台總部,1999,7,8,29.7,
HKO,香港天文台總部,1999,7,9,29.2,
HKO,香港天文台總部,1999,7,10,30.9,
HKO,香港天文台總部,1999,7,11,32.0,
HKO,香港天文台總部,1999,7,12,32.2,
HKO,香港天文台總部,1999,7,13,32.1,
HKO,香港天文台總部,1999,7,14,32.9,
HKO,香港天文台總部,1999,7,15,32.2,
HKO,香港天文台總部,1999,7,16,32.2,
HKO,香港天文台總部,1999,7,17,31.5,
HKO,香港天文台總部,1999,7,18,30.6,
HKO,香港天文台總部,1999,7,19,32.6,
HKO,香港天文台總部,1999,7,20,33.0,
HKO,香港天文台總部,1999,7,21,32.7,
HKO,香港天文台總部,1999,7,22,32.3,
HKO,香港天文台總部,1999,7,23,32.8,
HKO,香港天文台總部,1999,7,24,33.7,
HKO,香港天文台總部,1999,7,25,32.4,
HKO,香港天文台總部,1999,7,26,30.9,
HKO,香港天文台總部,1999,7,27,30.3,
HKO,香港天文台總部,1999,7,28,33.0,
HKO,香港天文台總部,1999,7,29,32.4,
HKO,香港天文台總部,1999,7,30,32.7,
HKO,香港天文台總部,1999,7,31,31.9,
HKO,香港天文台總部,1999,8,1,32.6,
HKO,香港天文台總部,1999,8,2,32.6,
HKO,香港天文台總部,1999,8,3,31.4,
HKO,香港天文台總部,1999,8,4,30.3,
HKO,香港天文台總部,1999,8,5,32.6,
HKO,香港天文台總部,1999,8,6,31.4,
HKO,香港天文台總部,1999,8,7,32.2,
HKO,香港天文台總部,1999,8,8,32.6,
HKO,香港天文台總部,1999,8,9,30.4,
HKO,香港天文台總部,1999,8,10,31.0,
HKO,香港天文台總部,1999,8,11,29.6,
HKO,香港天文台總部,1999,8,12,28.7,
HKO,香港天文台總部,1999,8,13,28.4,
HKO,香港天文台總部,1999,8,14,30.2,
HKO,香港天文台總部,1999,8,15,32.0,
HKO,香港天文台總部,1999,8,16,32.0,
HKO,香港天文台總部,1999,8,17,32.4,
HKO,香港天文台總部,1999,8,18,32.3,
HKO,香港天文台總部,1999,8,19,32.7,
HKO,香港天文台總部,1999,8,20,33.2,
HKO,香港天文台總部,1999,8,21,35.1,
HKO,香港天文台總部,1999,8,22,28.8,
HKO,香港天文台總部,1999,8,23,26.1,
HKO,香港天文台總部,1999,8,24,27.3,
HKO,香港天文台總部,1999,8,25,27.3,
HKO,香港天文台總部,1999,8,26,30.8,
HKO,香港天文台總部,1999,8,27,30.6,
HKO,香港天文台總部,1999,8,28,29.7,
HKO,香港天文台總部,1999,8,29,29.1,
HKO,香港天文台總部,1999,8,30,30.9,
HKO,香港天文台總部,1999,8,31,31.0,
HKO,香港天文台總部,1999,9,1,31.2,
HKO,香港天文台總部,1999,9,2,32.1,
HKO,香港天文台總部,1999,9,3,32.8,
HKO,香港天文台總部,1999,9,4,30.9,
HKO,香港天文台總部,1999,9,5,29.5,
HKO,香港天文台總部,1999,9,6,31.8,
HKO,香港天文台總部,1999,9,7,31.1,
HKO,香港天文台總部,1999,9,8,30.3,
HKO,香港天文台總部,1999,9,9,30.3,
HKO,香港天文台總部,1999,9,10,32.1,
HKO,香港天文台總部,1999,9,11,32.6,
HKO,香港天文台總部,1999,9,12,32.5,
HKO,香港天文台總部,1999,9,13,32.5,
HKO,香港天文台總部,1999,9,14,32.8,
HKO,香港天文台總部,1999,9,15,31.1,
HKO,香港天文台總部,1999,9,16,27.4,
HKO,香港天文台總部,1999,9,17,28.4,
HKO,香港天文台總部,1999,9,18,31.6,
HKO,香港天文台總部,1999,9,19,29.8,
HKO,香港天文台總部,1999,9,20,29.5,
HKO,香港天文台總部,1999,9,21,29.9,
HKO,香港天文台總部,1999,9,22,29.3,
HKO,香港天文台總部,1999,9,23,29.3,
HKO,香港天文台總部,1999,9,24,29.7,
HKO,香港天文台總部,1999,9,25,27.2,
HKO,香港天文台總部,1999,9,26,25.9,
HKO,香港天文台總部,1999,9,27,30.4,
HKO,香港天文台總部,1999,9,28,28.5,
HKO,香港天文台總部,1999,9,29,30.4,
HKO,香港天文台總部,1999,9,30,29.9,
HKO,香港天文台總部,2000,6,1,32.1,
HKO,香港天文台總部,2000,6,2,32.3,
HKO,香港天文台總部,2000,6,3,32.2,
HKO,香港天文台總部,2000,6,4,32.8,
HKO,香港天文台總部,2000,6,5,34.2,
HKO,香港天文台總部,2000,6,6,32.7,
HKO,香港天文台總部,2000,6,7,32.5,
HKO,香港天文台總部,2000,6,8,31.8,
HKO,香港天文台總部,2000,6,9,30.5,
HKO,香港天文台總部,2000,6,10,32.4,
HKO,香港天文台總部,2000,6,11,31.5,
HKO,香港天文台總部,2000,6,12,29.5,
HKO,香港天文台總部,2000,6,13,23.2,
HKO,香港天文台總部,2000,6,14,27.6,
HKO,香港天文台總部,2000,6,15,29.5,
HKO,香港天文台總部,2000,6,16,30.7,
HKO,香港天文台總部,2000,6,17,27.2,
HKO,香港天文台總部,2000,6,18,26.7,
HKO,香港天文台總部,2000,6,19,29.6,
HKO,香港天文台總部,2000,6,20,28.0,
HKO,香港天文台總部,2000,6,21,30.9,
HKO,香港天文台總部,2000,6,22,31.1,
HKO,香港天文台總部,2000,6,23,29.7,
HKO,香港天文台總部,2000,6,24,31.6,
HKO,香港天文台總部,2000,6,25,31.8,
HKO,香港天文台總部,2000,6,26,32.0,
HKO,香港天文台總部,2000,6,27,32.0,
HKO,香港天文台總部,2000,6,28,32.3,
HKO,香港天文台總部,2000,6,29,33.0,
HKO,香港天文台總部,2000,6,30,33.5,
HKO,香港天文台總部,2000,7,1,33.1,
HKO,香港天文台總部,2000,7,2,31.7,
HKO,香港天文台總部,2000,7,3,31.4,
HKO,香港天文台總部,2000,7,4,33.0,
HKO,香港天文台總部,2000,7,5,30.5,
HKO,香港天文台總部,2000,7,6,30.3,
HKO,香港天文台總部,2000,7,7,29.9,
HKO,香港天文台總部,2000,7,8,30.9,
HKO,香港天文台總部,2000,7,9,32.2,
HKO,香港天文台總部,2000,7,10,32.0,
HKO,香港天文台總部,2000,7,11,29.9,
HKO,香港天文台總部,2000,7,12,30.9,
HKO,香港天文台總部,2000,7,13,31.8,
HKO,香港天文台總部,2000,7,14,31.9,
HKO,香港天文台總部,2000,7,15,31.9,
HKO,香港天文台總部,2000,7,16,30.3,
HKO,香港天文台總部,2000,7,17,28.7,
HKO,香港天文台總部,2000,7,18,28.4,
HKO,香港天文台總部,2000,7,19,28.9,
HKO,香港天文台總部,2000,7,20,28.3,
HKO,香港天文台總部,2000,7,21,28.6,
HKO,香港天文台總部,2000,7,22,31.4,
HKO,香港天文台總部,2000,7,23,31.9,
HKO,香港天文台總部,2000,7,24,32.6,
HKO,香港天文台總部,2000,7,25,32.6,
HKO,香港天文台總部,2000,7,26,32.7,
HKO,香港天文台總部,2000,7,27,32.1,
HKO,香港天文台總部,2000,7,28,33.2,
HKO,香港天文台總部,2000,7,29,33.0,
HKO,香港天文台總部,2000,7,30,32.6,
HKO,香港天文台總部,2000,7,31,32.1,
HKO,香港天文台總部,2000,8,1,27.8,
HKO,香港天文台總部,2000,8,2,27.7,
HKO,香港天文台總部,2000,8,3,28.2,
HKO,香港天文台總部,2000,8,4,26.4,
HKO,香港天文台總部,2000,8,5,27.9,
HKO,香港天文台總部,2000,8,6,29.9,
HKO,香港天文台總部,2000,8,7,30.5,
HKO,香港天文台總部,2000,8,8,31.4,
HKO,香港天文台總部,2000,8,9,32.1,
HKO,香港天文台總部,2000,8,10,32.8,
HKO,香港天文台總部,2000,8,11,33.3,
HKO,香港天文台總部,2000,8,12,32.7,
HKO,香港天文台總部,2000,8,13,32.4,
HKO,香港天文台總部,2000,8,14,33.2,
HKO,香港天文台總部,2000,8,15,31.1,
HKO,香港天文台總部,2000,8,16,31.3,
HKO,香港天文台總部,2000,8,17,32.1,
HKO,香港天文台總部,2000,8,18,32.1,
HKO,香港天文台總部,2000,8,19,32.7,
HKO,香港天文台總部,2000,8,20,32.7,
HKO,香港天文台總部,2000,8,21,31.9,
HKO,香港天文台總部,2000,8,22,32.3,
HKO,香港天文台總部,2000,8,23,31.4,
HKO,香港天文台總部,2000,8,24,29.3,
HKO,香港天文台總部,2000,8,25,29.9,
HKO,香港天文台總部,2000,8,26,28.7,
HKO,香港天文台總部,2000,8,27,28.4,
HKO,香港天文台總部,2000,8,28,30.0,
HKO,香港天文台總部,2000,8,29,33.0,
HKO,香港天文台總部,2000,8,30,32.3,
HKO,香港天文台總部,2000,8,31,30.8,
HKO,香港天文台總部,2000,9,1,30.3,
HKO,香港天文台總部,2000,9,2,29.2,
HKO,香港天文台總部,2000,9,3,29.2,
HKO,香港天文台總部,2000,9,4,31.2,
HKO,香港天文台總部,2000,9,5,32.2,
HKO,香港天文台總部,2000,9,6,30.9,
HKO,香港天文台總部,2000,9,7,30.8,
HKO,香港天文台總部,2000,9,8,28.6,
HKO,香港天文台總部,2000,9,9,29.1,
HKO,香港天文台總部,2000,9,10,29.9,
HKO,香港天文台總部,2000,9,11,30.4,
HKO,香港天文台總部,2000,9,12,30.3,
HKO,香港天文台總部,2000,9,13,30.5,
HKO,香港天文台總部,2000,9,14,30.7,
HKO,香港天文台總部,2000,9,15,30.1,
HKO,香港天文台總部,2000,9,16,29.9,
HKO,香港天文台總部,2000,9,17,29.6,
HKO,香港天文台總部,2000,9,18,29.3,
HKO,香港天文台總部,2000,9,19,28.9,
HKO,香港天文台總部,2000,9,20,27.2,
HKO,香港天文台總部,2000,9,21,29.0,
HKO,香港天文台總部,2000,9,22,29.6,
HKO,香港天文台總部,2000,9,23,30.2,
HKO,香港天文台總部,2000,9,24,29.3,
HKO,香港天文台總部,2000,9,25,30.0,
HKO,香港天文台總部,2000,9,26,29.9,
HKO,香港天文台總部,2000,9,27,29.2,
HKO,香港天文台總部,2000,9,28,29.7,
HKO,香港天文台總部,2000,9,29,30.9,
HKO,香港天文台總部,2000,9,30,30.6,
HKO,香港天文台總部,2001,6,1,27.9,
HKO,香港天文台總部,2001,6,2,26.8,
HKO,香港天文台總部,2001,6,3,31.4,
HKO,香港天文台總部,2001,6,4,30.5,
HKO,香港天文台總部,2001,6,5,29.5,
HKO,香港天文台總部,2001,6,6,27.9,
HKO,香港天文台總部,2001,6,7,27.8,
HKO,香港天文台總部,2001,6,8,26.8,
HKO,香港天文台總部,2001,6,9,27.7,
HKO,香港天文台總部,2001,6,10,29.7,
HKO,香港天文台總部,2001,6,11,28.2,
HKO,香港天文台總部,2001,6,12,29.3,
HKO,香港天文台總部,2001,6,13,30.2,
HKO,香港天文台總部,2001,6,14,28.9,
HKO,香港天文台總部,2001,6,15,29.4,
HKO,香港天文台總部,2001,6,16,30.2,
HKO,香港天文台總部,2001,6,17,32.2,
HKO,香港天文台總部,2001,6,18,32.5,
HKO,香港天文台總部,2001,6,19,32.3,
HKO,香港天文台總部,2001,6,20,30.6,
HKO,香港天文台總部,2001,6,21,32.2,
HKO,香港天文台總部,2001,6,22,33.2,
HKO,香港天文台總部,2001,6,23,33.2,
HKO,香港天文台總部,2001,6,24,30.4,
HKO,香港天文台總部,2001,6,25,28.0,
HKO,香港天文台總部,2001,6,26,29.0,
HKO,香港天文台總部,2001,6,27,27.5,
HKO,香港天文台總部,2001,6,28,30.6,
HKO,香港天文台總部,2001,6,29,30.9,
HKO,香港天文台總部,2001,6,30,29.2,
HKO,香港天文台總部,2001,7,1,28.3,
HKO,香港天文台總部,2001,7,2,28.7,
HKO,香港天文台總部,2001,7,3,29.6,
HKO,香港天文台總部,2001,7,4,33.2,
HKO,香港天文台總部,2001,7,5,33.0,
HKO,香港天文台總部,2001,7,6,28.3,
HKO,香港天文台總部,2001,7,7,30.1,
HKO,香港天文台總部,2001,7,8,29.9,
HKO,香港天文台總部,2001,7,9,32.2,
HKO,香港天文台總部,2001,7,10,32.1,
HKO,香港天文台總部,2001,7,11,32.1,
HKO,香港天文台總部,2001,7,12,30.9,
HKO,香港天文台總部,2001,7,13,29.5,
HKO,香港天文台總部,2001,7,14,31.5,
HKO,香港天文台總部,2001,7,15,29.1,
HKO,香港天文台總部,2001,7,16,29.9,
HKO,香港天文台總部,2001,7,17,29.4,
HKO,香港天文台總部,2001,7,18,29.6,
HKO,香港天文台總部,2001,7,19,28.7,
HKO,香港天文台總部,2001,7,20,30.0,
HKO,香港天文台總部,2001,7,21,28.9,
HKO,香港天文台總部,2001,7,22,30.8,
HKO,香港天文台總部,2001,7,23,31.7,
HKO,香港天文台總部,2001,7,24,31.3,
HKO,香港天文台總部,2001,7,25,28.1,
HKO,香港天文台總部,2001,7,26,28.9,
HKO,香港天文台總部,2001,7,27,30.2,
HKO,香港天文台總部,2001,7,28,31.5,
HKO,香港天文台總部,2001,7,29,32.0,
HKO,香港天文台總部,2001,7,30,32.4,
HKO,香港天文台總部,2001,7,31,32.7,
HKO,香港天文台總部,2001,8,1,31.3,
HKO,香港天文台總部,2001,8,2,30.2,
HKO,香港天文台總部,2001,8,3,29.6,
HKO,香港天文台總部,2001,8,4,31.8,
HKO,香港天文台總部,2001,8,5,31.2,
HKO,香港天文台總部,2001,8,6,32.2,
HKO,香港天文台總部,2001,8,7,32.9,
HKO,香港天文台總部,2001,8,8,33.4,
HKO,香港天文台總部,2001,8,9,32.2,
HKO,香港天文台總部,2001,8,10,31.1,
HKO,香港天文台總部,2001,8,11,30.6,
HKO,香港天文台總部,2001,8,12,31.8,
HKO,香港天文台總部,2001,8,13,32.6,
HKO,香港天文台總部,2001,8,14,31.8,
HKO,香港天文台總部,2001,8,15,31.9,
HKO,香港天文台總部,2001,8,16,30.4,
HKO,香港天文台總部,2001,8,17,32.2,
HKO,香港天文台總部,2001,8,18,32.5,
HKO,香港天文台總部,2001,8,19,30.4,
HKO,香港天文台總部,2001,8,20,33.2,
HKO,香港天文台總部,2001,8,21,32.9,
HKO,香港天文台總部,2001,8,22,32.9,
HKO,香港天文台總部,2001,8,23,34.0,
HKO,香港天文台總部,2001,8,24,33.4,
HKO,香港天文台總部,2001,8,25,32.2,
HKO,香港天文台總部,2001,8,26,32.6,
HKO,香港天文台總部,2001,8,27,32.1,
HKO,香港天文台總部,2001,8,28,28.5,
HKO,香港天文台總部,2001,8,29,28.3,
HKO,香港天文台總部,2001,8,30,28.5,
HKO,香港天文台總部,2001,8,31,30.6,
HKO,香港天文台總部,2001,9,1,29.2,
HKO,香港天文台總部,2001,9,2,27.4,
HKO,香港天文台總部,2001,9,3,27.0,
HKO,香港天文台總部,2001,9,4,28.3,
HKO,香港天文台總部,2001,9,5,26.6,
HKO,香港天文台總部,2001,9,6,30.3,
HKO,香港天文台總部,2001,9,7,28.8,
HKO,香港天文台總部,2001,9,8,29.1,
HKO,香港天文台總部,2001,9,9,28.5,
HKO,香港天文台總部,2001,9,10,28.1,
HKO,香港天文台總部,2001,9,11,29.7,
HKO,香港天文台總部,2001,9,12,31.0,
HKO,香港天文台總部,2001,9,13,30.5,
HKO,香港天文台總部,2001,9,14,29.8,
HKO,香港天文台總部,2001,9,15,32.5,
HKO,香港天文台總部,2001,9,16,32.4,
HKO,香港天文台總部,2001,9,17,32.6,
HKO,香港天文台總部,2001,9,18,32.9,
HKO,香港天文台總部,2001,9,19,33.8,
HKO,香港天文台總部,2001,9,20,30.9,
HKO,香港天文台總部,2001,9,21,28.0,
HKO,香港天文台總部,2001,9,22,29.0,
HKO,香港天文台總部,2001,9,23,30.2,
HKO,香港天文台總部,2001,9,24,31.9,
HKO,香港天文台總部,2001,9,25,32.4,
HKO,香港天文台總部,2001,9,26,30.9,
HKO,香港天文台總部,2001,9,27,32.1,
HKO,香港天文台總部,2001,9,28,32.3,
HKO,香港天文台總部,2001,9,29,31.8,
HKO,香港天文台總部,2001,9,30,31.6,
HKO,香港天文台總部,2002,6,1,30.9,
HKO,香港天文台總部,2002,6,2,27.9,
HKO,香港天文台總部,2002,6,3,27.8,
HKO,香港天文台總部,2002,6,4,29.5,
HKO,香港天文台總部,2002,6,5,28.4,
HKO,香港天文台總部,2002,6,6,29.9,
HKO,香港天文台總部,2002,6,7,31.2,
HKO,香港天文台總部,2002,6,8,31.4,
HKO,香港天文台總部,2002,6,9,28.5,
HKO,香港天文台總部,2002,6,10,30.2,
HKO,香港天文台總部,2002,6,11,29.0,
HKO,香港天文台總部,2002,6,12,30.2,
HKO,香港天文台總部,2002,6,13,31.3,
HKO,香港天文台總部,2002,6,14,31.8,
HKO,香港天文台總部,2002,6,15,31.2,
HKO,香港天文台總部,2002,6,16,31.1,
HKO,香港天文台總部,2002,6,17,31.5,
HKO,香港天文台總部,2002,6,18,30.9,
HKO,香港天文台總部,2002,6,19,31.3,
HKO,香港天文台總部,2002,6,20,30.0,
HKO,香港天文台總部,2002,6,21,32.6,
HKO,香港天文台總部,2002,6,22,31.2,
HKO,香港天文台總部,2002,6,23,32.4,
HKO,香港天文台總部,2002,6,24,33.1,
HKO,香港天文台總部,2002,6,25,33.5,
HKO,香港天文台總部,2002,6,26,33.4,
HKO,香港天文台總部,2002,6,27,33.1,
HKO,香港天文台總部,2002,6,28,32.5,
HKO,香港天文台總部,2002,6,29,32.2,
HKO,香港天文台總部,2002,6,30,32.2,
HKO,香港天文台總部,2002,7,1,31.5,
HKO,香港天文台總部,2002,7,2,31.7,
HKO,香港天文台總部,2002,7,3,32.5,
HKO,香港天文台總部,2002,7,4,32.5,
HKO,香港天文台總部,2002,7,5,33.6,
HKO,香港天文台總部,2002,7,6,30.7,
HKO,香港天文台總部,2002,7,7,30.3,
HKO,香港天文台總部,2002,7,8,32.2,
HKO,香港天文台總部,2002,7,9,32.7,
HKO,香港天文台總部,2002,7,10,32.0,
HKO,香港天文台總部,2002,7,11,32.8,
HKO,香港天文台總部,2002,7,12,33.3,
HKO,香港天文台總部,2002,7,13,33.3,
HKO,香港天文台總部,2002,7,14,33.1,
HKO,香港天文台總部,2002,7,15,32.7,
HKO,香港天文台總部,2002,7,16,30.3,
HKO,香港天文台總部,2002,7,17,32.1,
HKO,香港天文台總部,2002,7,18,30.9,
HKO,香港天文台總部,2002,7,19,30.3,
HKO,香港天文台總部,2002,7,20,30.4,
HKO,香港天文台總部,2002,7,21,32.3,
HKO,香港天文台總部,2002,7,22,31.9,
HKO,香港天文台總部,2002,7,23,30.5,
HKO,香港天文台總部,2002,7,24,31.8,
HKO,香港天文台總部,2002,7,25,32.1,
HKO,香港天文台總部,2002,7,26,31.4,
HKO,香港天文台總部,2002,7,27,28.1,
HKO,香港天文台總部,2002,7,28,28.7,
HKO,香港天文台總部,2002,7,29,28.6,
HKO,香港天文台總部,2002,7,30,28.6,
HKO,香港天文台總部,2002,7,31,28.4,
HKO,香港天文台總部,2002,8,1,31.5,
HKO,香港天文台總部,2002,8,2,31.6,
HKO,香港天文台總部,2002,8,3,30.0,
HKO,香港天文台總部,2002,8,4,28.4,
HKO,香港天文台總部,2002,8,5,29.8,
HKO,香港天文台總部,2002,8,6,29.0,
HKO,香港天文台總部,2002,8,7,30.0,
HKO,香港天文台總部,2002,8,8,30.6,
HKO,香港天文台總部,2002,8,9,28.9,
HKO,香港天文台總部,2002,8,10,28.2,
HKO,香港天文台總部,2002,8,11,30.1,
HKO,香港天文台總部,2002,8,12,30.9,
HKO,香港天文台總部,2002,8,13,31.1,
HKO,香港天文台總部,2002,8,14,31.1,
HKO,香港天文台總部,2002,8,15,31.5,
HKO,香港天文台總部,2002,8,16,30.4,
HKO,香港天文台總部,2002,8,17,30.5,
HKO,香港天文台總部,2002,8,18,28.5,
HKO,香港天文台總部,2002,8,19,28.3,
HKO,香港天文台總部,2002,8,20,29.4,
HKO,香港天文台總部,2002,8,21,30.1,
HKO,香港天文台總部,2002,8,22,31.5,
HKO,香港天文台總部,2002,8,23,31.4,
HKO,香港天文台總部,2002,8,24,32.1,
HKO,香港天文台總部,2002,8,25,32.1,
HKO,香港天文台總部,2002,8,26,31.6,
HKO,香港天文台總部,2002,8,27,32.4,
HKO,香港天文台總部,2002,8,28,33.0,
HKO,香港天文台總部,2002,8,29,32.8,
HKO,香港天文台總部,2002,8,30,32.9,
HKO,香港天文台總部,2002,8,31,31.8,
HKO,香港天文台總部,2002,9,1,32.9,
HKO,香港天文台總部,2002,9,2,32.1,
HKO,香港天文台總部,2002,9,3,30.6,
HKO,香港天文台總部,2002,9,4,30.9,
HKO,香港天文台總部,2002,9,5,31.9,
HKO,香港天文台總部,2002,9,6,33.4,
HKO,香港天文台總部,2002,9,7,31.7,
HKO,香港天文台總部,2002,9,8,31.7,
HKO,香港天文台總部,2002,9,9,31.6,
HKO,香港天文台總部,2002,9,10,31.7,
HKO,香港天文台總部,2002,9,11,28.0,
HKO,香港天文台總部,2002,9,12,27.7,
HKO,香港天文台總部,2002,9,13,28.0,
HKO,香港天文台總部,2002,9,14,27.2,
HKO,香港天文台總部,2002,9,15,26.1,
HKO,香港天文台總部,2002,9,16,27.8,
HKO,香港天文台總部,2002,9,17,25.9,
HKO,香港天文台總部,2002,9,18,29.4,
HKO,香港天文台總部,2002,9,19,29.7,
HKO,香港天文台總部,2002,9,20,28.9,
HKO,香港天文台總部,2002,9,21,29.2,
HKO,香港天文台總部,2002,9,22,27.4,
HKO,香港天文台總部,2002,9,23,27.8,
HKO,香港天文台總部,2002,9,24,26.5,
HKO,香港天文台總部,2002,9,25,26.2,
HKO,香港天文台總部,2002,9,26,27.5,
HKO,香港天文台總部,2002,9,27,29.4,
HKO,香港天文台總部,2002,9,28,28.7,
HKO,香港天文台總部,2002,9,29,27.2,
HKO,香港天文台總部,2002,9,30,27.2,
HKO,香港天文台總部,2003,6,1,30.0,
HKO,香港天文台總部,2003,6,2,30.7,
HKO,香港天文台總部,2003,6,3,30.1,
HKO,香港天文台總部,2003,6,4,29.4,
HKO,香港天文台總部,2003,6,5,29.8,
HKO,香港天文台總部,2003,6,6,30.3,
HKO,香港天文台總部,2003,6,7,29.0,
HKO,香港天文台總部,2003,6,8,28.5,
HKO,香港天文台總部,2003,6,9,27.0,
HKO,香港天文台總部,2003,6,10,27.9,
HKO,香港天文台總部,2003,6,11,28.2,
HKO,香港天文台總部,2003,6,12,29.2,
HKO,香港天文台總部,2003,6,13,27.3,
HKO,香港天文台總部,2003,6,14,28.4,
HKO,香港天文台總部,2003,6,15,27.6,
HKO,香港天文台總部,2003,6,16,25.8,
HKO,香港天文台總部,2003,6,17,30.3,
HKO,香港天文台總部,2003,6,18,31.8,
HKO,香港天文台總部,2003,6,19,33.3,
HKO,香港天文台總部,2003,6,20,29.2,
HKO,香港天文台總部,2003,6,21,28.4,
HKO,香港天文台總部,2003,6,22,30.1,
HKO,香港天文台總部,2003,6,23,31.1,
HKO,香港天文台總部,2003,6,24,31.9,
HKO,香港天文台總部,2003,6,25,30.9,
HKO,香港天文台總部,2003,6,26,30.9,
HKO,香港天文台總部,2003,6,27,30.4,
HKO,香港天文台總部,2003,6,28,31.2,
HKO,香港天文台總部,2003,6,29,31.9,
HKO,香港天文台總部,2003,6,30,32.7,
HKO,香港天文台總部,2003,7,1,32.1,
HKO,香港天文台總部,2003,7,2,32.7,
HKO,香港天文台總部,2003,7,3,33.6,
HKO,香港天文台總部,2003,7,4,33.3,
HKO,香港天文台總部,2003,7,5,33.1,
HKO,香港天文台總部,2003,7,6,32.4,
HKO,香港天文台總部,2003,7,7,33.4,
HKO,香港天文台總部,2003,7,8,33.1,
HKO,香港天文台總部,2003,7,9,33.3,
HKO,香港天文台總部,2003,7,10,32.8,
HKO,香港天文台總部,2003,7,11,32.1,
HKO,香港天文台總部,2003,7,12,32.9,
HKO,香港天文台總部,2003,7,13,33.2,
HKO,香港天文台總部,2003,7,14,32.9,
HKO,香港天文台總部,2003,7,15,33.4,
HKO,香港天文台總部,2003,7,16,33.0,
HKO,香港天文台總部,2003,7,17,32.9,
HKO,香港天文台總部,2003,7,18,32.7,
HKO,香港天文台總部,2003,7,19,33.3,
HKO,香港天文台總部,2003,7,20,30.7,
HKO,香港天文台總部,2003,7,21,30.1,
HKO,香港天文台總部,2003,7,22,32.7,
HKO,香港天文台總部,2003,7,23,32.9,
HKO,香港天文台總部,2003,7,24,29.1,
HKO,香港天文台總部,2003,7,25,31.3,
HKO,香港天文台總部,2003,7,26,30.8,
HKO,香港天文台總部,2003,7,27,31.6,
HKO,香港天文台總部,2003,7,28,32.7,
HKO,香港天文台總部,2003,7,29,31.9,
HKO,香港天文台總部,2003,7,30,31.4,
HKO,香港天文台總部,2003,7,31,32.7,
HKO,香港天文台總部,2003,8,1,32.6,
HKO,香港天文台總部,2003,8,2,32.8,
HKO,香港天文台總部,2003,8,3,33.7,
HKO,香港天文台總部,2003,8,4,32.6,
HKO,香港天文台總部,2003,8,5,30.7,
HKO,香港天文台總部,2003,8,6,29.0,
HKO,香港天文台總部,2003,8,7,32.7,
HKO,香港天文台總部,2003,8,8,32.1,
HKO,香港天文台總部,2003,8,9,33.0,
HKO,香港天文台總部,2003,8,10,33.0,
HKO,香港天文台總部,2003,8,11,31.7,
HKO,香港天文台總部,2003,8,12,29.3,
HKO,香港天文台總部,2003,8,13,31.3,
HKO,香港天文台總部,2003,8,14,31.7,
HKO,香港天文台總部,2003,8,15,32.1,
HKO,香港天文台總部,2003,8,16,29.5,
HKO,香港天文台總部,2003,8,17,30.2,
HKO,香港天文台總部,2003,8,18,31.8,
HKO,香港天文台總部,2003,8,19,32.1,
HKO,香港天文台總部,2003,8,20,32.4,
HKO,香港天文台總部,2003,8,21,28.1,
HKO,香港天文台總部,2003,8,22,29.8,
HKO,香港天文台總部,2003,8,23,31.3,
HKO,香港天文台總部,2003,8,24,29.3,
HKO,香港天文台總部,2003,8,25,28.3,
HKO,香港天文台總部,2003,8,26,30.5,
HKO,香港天文台總部,2003,8,27,31.1,
HKO,香港天文台總部,2003,8,28,31.3,
HKO,香港天文台總部,2003,8,29,31.2,
HKO,香港天文台總部,2003,8,30,31.4,
HKO,香港天文台總部,2003,8,31,32.1,
HKO,香港天文台總部,2003,9,1,31.8,
HKO,香港天文台總部,2003,9,2,29.9,
HKO,香港天文台總部,2003,9,3,27.6,
HKO,香港天文台總部,2003,9,4,26.9,
HKO,香港天文台總部,2003,9,5,29.1,
HKO,香港天文台總部,2003,9,6,27.7,
HKO,香港天文台總部,2003,9,7,28.0,
HKO,香港天文台總部,2003,9,8,29.3,
HKO,香港天文台總部,2003,9,9,30.4,
HKO,香港天文台總部,2003,9,10,31.4,
HKO,香港天文台總部,2003,9,11,31.1,
HKO,香港天文台總部,2003,9,12,31.3,
HKO,香港天文台總部,2003,9,13,31.1,
HKO,香港天文台總部,2003,9,14,28.5,
HKO,香港天文台總部,2003,9,15,26.6,
HKO,香港天文台總部,2003,9,16,29.2,
HKO,香港天文台總部,2003,9,17,29.7,
HKO,香港天文台總部,2003,9,18,31.7,
HKO,香港天文台總部,2003,9,19,32.1,
HKO,香港天文台總部,2003,9,20,32.6,
HKO,香港天文台總部,2003,9,21,30.6,
HKO,香港天文台總部,2003,9,22,26.5,
HKO,香港天文台總部,2003,9,23,27.5,
HKO,香港天文台總部,2003,9,24,28.6,
HKO,香港天文台總部,2003,9,25,29.2,
HKO,香港天文台總部,2003,9,26,29.9,
HKO,香港天文台總部,2003,9,27,29.8,
HKO,香港天文台總部,2003,9,28,30.3,
HKO,香港天文台總部,2003,9,29,29.9,
HKO,香港天文台總部,2003,9,30,29.2,
HKO,香港天文台總部,2004,6,1,30.9,
HKO,香港天文台總部,2004,6,2,30.1,
HKO,香港天文台總部,2004,6,3,29.9,
HKO,香港天文台總部,2004,6,4,29.7,
HKO,香港天文台總部,2004,6,5,28.4,
HKO,香港天文台總部,2004,6,6,27.8,
HKO,香港天文台總部,2004,6,7,27.6,
HKO,香港天文台總部,2004,6,8,29.4,
HKO,香港天文台總部,2004,6,9,30.4,
HKO,香港天文台總部,2004,6,10,29.1,
HKO,香港天文台總部,2004,6,11,29.1,
HKO,香港天文台總部,2004,6,12,29.6,
HKO,香港天文台總部,2004,6,13,30.1,
HKO,香港天文台總部,2004,6,14,30.2,
HKO,香港天文台總部,2004,6,15,28.3,
HKO,香港天文台總部,2004,6,16,30.0,
HKO,香港天文台總部,2004,6,17,31.2,
HKO,香港天文台總部,2004,6,18,31.3,
HKO,香港天文台總部,2004,6,19,32.3,
HKO,香港天文台總部,2004,6,20,33.2,
HKO,香港天文台總部,2004,6,21,31.8,
HKO,香港天文台總部,2004,6,22,32.2,
HKO,香港天文台總部,2004,6,23,31.3,
HKO,香港天文台總部,2004,6,24,32.6,
HKO,香港天文台總部,2004,6,25,32.6,
HKO,香港天文台總部,2004,6,26,32.6,
HKO,香港天文台總部,2004,6,27,31.5,
HKO,香港天文台總部,2004,6,28,32.7,
HKO,香港天文台總部,2004,6,29,34.2,
HKO,香港天文台總部,2004,6,30,32.9,
HKO,香港天文台總部,2004,7,1,34.6,
HKO,香港天文台總部,2004,7,2,33.8,
HKO,香港天文台總部,2004,7,3,30.5,
HKO,香港天文台總部,2004,7,4,30.9,
HKO,香港天文台總部,2004,7,5,31.5,
HKO,香港天文台總部,2004,7,6,30.9,
HKO,香港天文台總部,2004,7,7,31.9,
HKO,香港天文台總部,2004,7,8,32.3,
HKO,香港天文台總部,2004,7,9,31.7,
HKO,香港天文台總部,2004,7,10,31.2,
HKO,香港天文台總部,2004,7,11,31.0,
HKO,香港天文台總部,2004,7,12,30.8,
HKO,香港天文台總部,2004,7,13,30.5,
HKO,香港天文台總部,2004,7,14,32.1,
HKO,香港天文台總部,2004,7,15,32.8,
HKO,香港天文台總部,2004,7,16,28.1,
HKO,香港天文台總部,2004,7,17,26.7,
HKO,香港天文台總部,2004,7,18,31.3,
HKO,香港天文台總部,2004,7,19,29.5,
HKO,香港天文台總部,2004,7,20,29.1,
HKO,香港天文台總部,2004,7,21,27.5,
HKO,香港天文台總部,2004,7,22,29.7,
HKO,香港天文台總部,2004,7,23,30.1,
HKO,香港天文台總部,2004,7,24,30.9,
HKO,香港天文台總部,2004,7,25,30.5,
HKO,香港天文台總部,2004,7,26,29.6,
HKO,香港天文台總部,2004,7,27,31.0,
HKO,香港天文台總部,2004,7,28,29.3,
HKO,香港天文台總部,2004,7,29,27.7,
HKO,香港天文台總部,2004,7,30,27.8,
HKO,香港天文台總部,2004,7,31,30.5,
HKO,香港天文台總部,2004,8,1,31.9,
HKO,香港天文台總部,2004,8,2,32.0,
HKO,香港天文台總部,2004,8,3,31.9,
HKO,香港天文台總部,2004,8,4,31.8,
HKO,香港天文台總部,2004,8,5,29.1,
HKO,香港天文台總部,2004,8,6,27.4,
HKO,香港天文台總部,2004,8,7,30.6,
HKO,香港天文台總部,2004,8,8,31.7,
HKO,香港天文台總部,2004,8,9,32.9,
HKO,香港天文台總部,2004,8,10,33.9,
HKO,香港天文台總部,2004,8,11,31.1,
HKO,香港天文台總部,2004,8,12,29.9,
HKO,香港天文台總部,2004,8,13,32.0,
HKO,香港天文台總部,2004,8,14,32.1,
HKO,香港天文台總部,2004,8,15,30.3,
HKO,香港天文台總部,2004,8,16,31.9,
HKO,香港天文台總部,2004,8,17,33.4,
HKO,香港天文台總部,2004,8,18,32.7,
HKO,香港天文台總部,2004,8,19,32.4,
HKO,香港天文台總部,2004,8,20,30.1,
HKO,香港天文台總部,2004,8,21,27.3,
HKO,香港天文台總部,2004,8,22,27.4,
HKO,香港天文台總部,2004,8,23,31.4,
HKO,香港天文台總部,2004,8,24,31.4,
HKO,香港天文台總部,2004,8,25,32.7,
HKO,香港天文台總部,2004,8,26,29.6,
HKO,香港天文台總部,2004,8,27,27.1,
HKO,香港天文台總部,2004,8,28,29.0,
HKO,香港天文台總部,2004,8,29,28.6,
HKO,香港天文台總部,2004,8,30,29.6,
HKO,香港天文台總部,2004,8,31,29.9,
HKO,香港天文台總部,2004,9,1,30.2,
HKO,香港天文台總部,2004,9,2,31.0,
HKO,香港天文台總部,2004,9,3,30.0,
HKO,香港天文台總部,2004,9,4,30.9,
HKO,香港天文台總部,2004,9,5,32.4,
HKO,香港天文台總部,2004,9,6,32.6,
HKO,香港天文台總部,2004,9,7,31.9,
HKO,香港天文台總部,2004,9,8,28.7,
HKO,香港天文台總部,2004,9,9,26.0,
HKO,香港天文台總部,2004,9,10,27.2,
HKO,香港天文台總部,2004,9,11,27.5,
HKO,香港天文台總部,2004,9,12,28.5,
HKO,香港天文台總部,2004,9,13,30.4,
HKO,香港天文台總部,2004,9,14,30.0,
HKO,香港天文台總部,2004,9,15,30.4,
HKO,香港天文台總部,2004,9,16,30.1,
HKO,香港天文台總部,2004,9,17,30.3,
HKO,香港天文台總部,2004,9,18,30.1,
HKO,香港天文台總部,2004,9,19,27.6,
HKO,香港天文台總部,2004,9,20,30.0,
HKO,香港天文台總部,2004,9,21,30.9,
HKO,香港天文台總部,2004,9,22,29.4,
HKO,香港天文台總部,2004,9,23,30.5,
HKO,香港天文台總部,2004,9,24,28.7,
HKO,香港天文台總部,2004,9,25,28.6,
HKO,香港天文台總部,2004,9,26,30.1,
HKO,香港天文台總部,2004,9,27,31.0,
HKO,香港天文台總部,2004,9,28,30.5,
HKO,香港天文台總部,2004,9,29,31.6,
HKO,香港天文台總部,2004,9,30,29.1,
HKO,香港天文台總部,2005,6,1,31.0,
HKO,香港天文台總部,2005,6,2,30.8,
HKO,香港天文台總部,2005,6,3,33.4,
HKO,香港天文台總部,2005,6,4,29.4,
HKO,香港天文台總部,2005,6,5,26.6,
HKO,香港天文台總部,2005,6,6,26.1,
HKO,香港天文台總部,2005,6,7,25.8,
HKO,香港天文台總部,2005,6,8,28.2,
HKO,香港天文台總部,2005,6,9,27.9,
HKO,香港天文台總部,2005,6,10,31.4,
HKO,香港天文台總部,2005,6,11,32.7,
HKO,香港天文台總部,2005,6,12,30.9,
HKO,香港天文台總部,2005,6,13,28.7,
HKO,香港天文台總部,2005,6,14,31.2,
HKO,香港天文台總部,2005,6,15,29.3,
HKO,香港天文台總部,2005,6,16,27.5,
HKO,香港天文台總部,2005,6,17,29.4,
HKO,香港天文台總部,2005,6,18,30.9,
HKO,香港天文台總部,2005,6,19,30.9,
HKO,香港天文台總部,2005,6,20,30.5,
HKO,香港天文台總部,2005,6,21,29.6,
HKO,香港天文台總部,2005,6,22,29.3,
HKO,香港天文台總部,2005,6,23,28.5,
HKO,香港天文台總部,2005,6,24,28.7,
HKO,香港天文台總部,2005,6,25,30.9,
HKO,香港天文台總部,2005,6,26,30.7,
HKO,香港天文台總部,2005,6,27,31.4,
HKO,香港天文台總部,2005,6,28,31.6,
HKO,香港天文台總部,2005,6,29,30.3,
HKO,香港天文台總部,2005,6,30,28.1,
HKO,香港天文台總部,2005,7,1,29.8,
HKO,香港天文台總部,2005,7,2,31.0,
HKO,香港天文台總部,2005,7,3,32.1,
HKO,香港天文台總部,2005,7,4,33.2,
HKO,香港天文台總部,2005,7,5,33.3,
HKO,香港天文台總部,2005,7,6,33.0,
HKO,香港天文台總部,2005,7,7,29.4,
HKO,香港天文台總部,2005,7,8,31.0,
HKO,香港天文台總部,2005,7,9,29.1,
HKO,香港天文台總部,2005,7,10,31.8,
HKO,香港天文台總部,2005,7,11,32.5,
HKO,香港天文台總部,2005,7,12,32.5,
HKO,香港天文台總部,2005,7,13,32.5,
HKO,香港天文台總部,2005,7,14,32.6,
HKO,香港天文台總部,2005,7,15,33.3,
HKO,香港天文台總部,2005,7,16,33.0,
HKO,香港天文台總部,2005,7,17,33.1,
HKO,香港天文台總部,2005,7,18,34.4,
HKO,香港天文台總部,2005,7,19,35.4,
HKO,香港天文台總部,2005,7,20,34.4,
HKO,香港天文台總部,2005,7,21,32.9,
HKO,香港天文台總部,2005,7,22,29.0,
HKO,香港天文台總部,2005,7,23,30.2,
HKO,香港天文台總部,2005,7,24,31.4,
HKO,香港天文台總部,2005,7,25,32.7,
HKO,香港天文台總部,2005,7,26,32.5,
HKO,香港天文台總部,2005,7,27,31.8,
HKO,香港天文台總部,2005,7,28,31.8,
HKO,香港天文台總部,2005,7,29,28.7,
HKO,香港天文台總部,2005,7,30,28.8,
HKO,香港天文台總部,2005,7,31,28.3,
HKO,香港天文台總部,2005,8,1,30.3,
HKO,香港天文台總部,2005,8,2,31.8,
HKO,香港天文台總部,2005,8,3,32.3,
HKO,香港天文台總部,2005,8,4,32.6,
HKO,香港天文台總部,2005,8,5,32.5,
HKO,香港天文台總部,2005,8,6,33.5,
HKO,香港天文台總部,2005,8,7,32.9,
HKO,香港天文台總部,2005,8,8,32.3,
HKO,香港天文台總部,2005,8,9,30.7,
HKO,香港天文台總部,2005,8,10,29.3,
HKO,香港天文台總部,2005,8,11,30.6,
HKO,香港天文台總部,2005,8,12,32.6,
HKO,香港天文台總部,2005,8,13,29.5,
HKO,香港天文台總部,2005,8,14,30.9,
HKO,香港天文台總部,2005,8,15,29.1,
HKO,香港天文台總部,2005,8,16,27.6,
HKO,香港天文台總部,2005,8,17,26.6,
HKO,香港天文台總部,2005,8,18,28.1,
HKO,香港天文台總部,2005,8,19,26.9,
HKO,香港天文台總部,2005,8,20,26.5,
HKO,香港天文台總部,2005,8,21,27.8,
HKO,香港天文台總部,2005,8,22,30.5,
HKO,香港天文台總部,2005,8,23,31.6,
HKO,香港天文台總部,2005,8,24,30.1,
HKO,香港天文台總部,2005,8,25,29.6,
HKO,香港天文台總部,2005,8,26,28.4,
HKO,香港天文台總部,2005,8,27,28.0,
HKO,香港天文台總部,2005,8,28,29.8,
HKO,香港天文台總部,2005,8,29,30.2,
HKO,香港天文台總部,2005,8,30,30.9,
HKO,香港天文台總部,2005,8,31,32.3,
HKO,香港天文台總部,2005,9,1,32.1,
HKO,香港天文台總部,2005,9,2,31.7,
HKO,香港天文台總部,2005,9,3,29.9,
HKO,香港天文台總部,2005,9,4,27.4,
HKO,香港天文台總部,2005,9,5,30.7,
HKO,香港天文台總部,2005,9,6,30.5,
HKO,香港天文台總部,2005,9,7,31.4,
HKO,香港天文台總部,2005,9,8,30.3,
HKO,香港天文台總部,2005,9,9,30.5,
HKO,香港天文台總部,2005,9,10,30.5,
HKO,香港天文台總部,2005,9,11,31.3,
HKO,香港天文台總部,2005,9,12,31.0,
HKO,香港天文台總部,2005,9,13,30.6,
HKO,香港天文台總部,2005,9,14,31.9,
HKO,香港天文台總部,2005,9,15,31.6,
HKO,香港天文台總部,2005,9,16,31.8,
HKO,香港天文台總部,2005,9,17,30.9,
HKO,香港天文台總部,2005,9,18,29.6,
HKO,香港天文台總部,2005,9,19,30.9,
HKO,香港天文台總部,2005,9,20,30.8,
HKO,香港天文台總部,2005,9,21,31.7,
HKO,香港天文台總部,2005,9,22,34.3,
HKO,香港天文台總部,2005,9,23,31.7,
HKO,香港天文台總部,2005,9,24,27.8,
HKO,香港天文台總部,2005,9,25,27.4,
HKO,香港天文台總部,2005,9,26,26.8,
HKO,香港天文台總部,2005,9,27,26.9,
HKO,香港天文台總部,2005,9,28,29.0,
HKO,香港天文台總部,2005,9,29,29.4,
HKO,香港天文台總部,2005,9,30,30.1,
HKO,香港天文台總部,2006,6,1,27.8,
HKO,香港天文台總部,2006,6,2,27.6,
HKO,香港天文台總部,2006,6,3,28.3,
HKO,香港天文台總部,2006,6,4,29.4,
HKO,香港天文台總部,2006,6,5,29.3,
HKO,香港天文台總部,2006,6,6,30.7,
HKO,香港天文台總部,2006,6,7,29.9,
HKO,香港天文台總部,2006,6,8,29.4,
HKO,香港天文台總部,2006,6,9,28.2,
HKO,香港天文台總部,2006,6,10,25.4,
HKO,香港天文台總部,2006,6,11,26.6,
HKO,香港天文台總部,2006,6,12,26.2,
HKO,香港天文台總部,2006,6,13,30.5,
HKO,香港天文台總部,2006,6,14,30.1,
HKO,香港天文台總部,2006,6,15,29.4,
HKO,香港天文台總部,2006,6,16,30.8,
HKO,香港天文台總部,2006,6,17,31.7,
HKO,香港天文台總部,2006,6,18,30.9,
HKO,香港天文台總部,2006,6,19,28.5,
HKO,香港天文台總部,2006,6,20,31.6,
HKO,香港天文台總部,2006,6,21,31.4,
HKO,香港天文台總部,2006,6,22,28.7,
HKO,香港天文台總部,2006,6,23,32.9,
HKO,香港天文台總部,2006,6,24,32.7,
HKO,香港天文台總部,2006,6,25,32.8,
HKO,香港天文台總部,2006,6,26,32.5,
HKO,香港天文台總部,2006,6,27,31.9,
HKO,香港天文台總部,2006,6,28,29.3,
HKO,香港天文台總部,2006,6,29,30.7,
HKO,香港天文台總部,2006,6,30,31.1,
HKO,香港天文台總部,2006,7,1,31.1,
HKO,香港天文台總部,2006,7,2,31.4,
HKO,香港天文台總部,2006,7,3,31.4,
HKO,香港天文台總部,2006,7,4,31.8,
HKO,香港天文台總部,2006,7,5,32.0,
HKO,香港天文台總部,2006,7,6,32.3,
HKO,香港天文台總部,2006,7,7,32.7,
HKO,香港天文台總部,2006,7,8,31.9,
HKO,香港天文台總部,2006,7,9,30.8,
HKO,香港天文台總部,2006,7,10,30.6,
HKO,香港天文台總部,2006,7,11,31.1,
HKO,香港天文台總部,2006,7,12,32.2,
HKO,香港天文台總部,2006,7,13,34.0,
HKO,香港天文台總部,2006,7,14,32.2,
HKO,香港天文台總部,2006,7,15,29.9,
HKO,香港天文台總部,2006,7,16,29.0,
HKO,香港天文台總部,2006,7,17,31.4,
HKO,香港天文台總部,2006,7,18,32.4,
HKO,香港天文台總部,2006,7,19,31.7,
HKO,香港天文台總部,2006,7,20,31.9,
HKO,香港天文台總部,2006,7,21,32.6,
HKO,香港天文台總部,2006,7,22,31.7,
HKO,香港天文台總部,2006,7,23,32.2,
HKO,香港天文台總部,2006,7,24,33.9,
HKO,香港天文台總部,2006,7,25,33.9,
HKO,香港天文台總部,2006,7,26,30.0,
HKO,香港天文台總部,2006,7,27,27.0,
HKO,香港天文台總部,2006,7,28,28.3,
HKO,香港天文台總部,2006,7,29,25.3,
HKO,香港天文台總部,2006,7,30,28.4,
HKO,香港天文台總部,2006,7,31,30.9,
HKO,香港天文台總部,2006,8,1,32.4,
HKO,香港天文台總部,2006,8,2,28.6,
HKO,香港天文台總部,2006,8,3,27.1,
HKO,香港天文台總部,2006,8,4,30.0,
HKO,香港天文台總部,2006,8,5,29.7,
HKO,香港天文台總部,2006,8,6,28.6,
HKO,香港天文台總部,2006,8,7,30.4,
HKO,香港天文台總部,2006,8,8,31.1,
HKO,香港天文台總部,2006,8,9,31.7,
HKO,香港天文台總部,2006,8,10,28.8,
HKO,香港天文台總部,2006,8,11,29.3,
HKO,香港天文台總部,2006,8,12,31.1,
HKO,香港天文台總部,2006,8,13,32.1,
HKO,香港天文台總部,2006,8,14,31.6,
HKO,香港天文台總部,2006,8,15,31.6,
HKO,香港天文台總部,2006,8,16,32.1,
HKO,香港天文台總部,2006,8,17,32.5,
HKO,香港天文台總部,2006,8,18,32.5,
HKO,香港天文台總部,2006,8,19,29.8,
HKO,香港天文台總部,2006,8,20,30.8,
HKO,香港天文台總部,2006,8,21,32.1,
HKO,香港天文台總部,2006,8,22,32.0,
HKO,香港天文台總部,2006,8,23,32.1,
HKO,香港天文台總部,2006,8,24,29.5,
HKO,香港天文台總部,2006,8,25,29.9,
HKO,香港天文台總部,2006,8,26,30.9,
HKO,香港天文台總部,2006,8,27,30.5,
HKO,香港天文台總部,2006,8,28,29.9,
HKO,香港天文台總部,2006,8,29,31.9,
HKO,香港天文台總部,2006,8,30,31.5,
HKO,香港天文台總部,2006,8,31,31.6,
HKO,香港天文台總部,2006,9,1,32.8,
HKO,香港天文台總部,2006,9,2,32.5,
HKO,香港天文台總部,2006,9,3,30.3,
HKO,香港天文台總部,2006,9,4,30.4,
HKO,香港天文台總部,2006,9,5,31.0,
HKO,香港天文台總部,2006,9,6,30.3,
HKO,香港天文台總部,2006,9,7,27.7,
HKO,香港天文台總部,2006,9,8,29.3,
HKO,香港天文台總部,2006,9,9,28.2,
HKO,香港天文台總部,2006,9,10,26.6,
HKO,香港天文台總部,2006,9,11,26.2,
HKO,香港天文台總部,2006,9,12,23.5,
HKO,香港天文台總部,2006,9,13,25.4,
HKO,香港天文台總部,2006,9,14,27.8,
HKO,香港天文台總部,2006,9,15,29.3,
HKO,香港天文台總部,2006,9,16,28.0,
HKO,香港天文台總部,2006,9,17,30.1,
HKO,香港天文台總部,2006,9,18,29.4,
HKO,香港天文台總部,2006,9,19,29.3,
HKO,香港天文台總部,2006,9,20,29.9,
HKO,香港天文台總部,2006,9,21,29.6,
HKO,香港天文台總部,2006,9,22,29.3,
HKO,香港天文台總部,2006,9,23,30.4,
HKO,香港天文台總部,2006,9,24,26.7,
HKO,香港天文台總部,2006,9,25,29.5,
HKO,香港天文台總部,2006,9,26,29.4,
HKO,香港天文台總部,2006,9,27,29.0,
HKO,香港天文台總部,2006,9,28,29.2,
HKO,香港天文台總部,2006,9,29,31.8,
HKO,香港天文台總部,2006,9,30,28.6,
HKO,香港天文台總部,2007,6,1,33.0,
HKO,香港天文台總部,2007,6,2,32.3,
HKO,香港天文台總部,2007,6,3,31.9,
HKO,香港天文台總部,2007,6,4,33.2,
HKO,香港天文台總部,2007,6,5,32.6,
HKO,香港天文台總部,2007,6,6,31.8,
HKO,香港天文台總部,2007,6,7,30.1,
HKO,香港天文台總部,2007,6,8,29.6,
HKO,香港天文台總部,2007,6,9,30.8,
HKO,香港天文台總部,2007,6,10,29.0,
HKO,香港天文台總部,2007,6,11,30.8,
HKO,香港天文台總部,2007,6,12,29.0,
HKO,香港天文台總部,2007,6,13,30.2,
HKO,香港天文台總部,2007,6,14,27.8,
HKO,香港天文台總部,2007,6,15,29.1,
HKO,香港天文台總部,2007,6,16,32.1,
HKO,香港天文台總部,2007,6,17,29.1,
HKO,香港天文台總部,2007,6,18,31.4,
HKO,香港天文台總部,2007,6,19,32.9,
HKO,香港天文台總部,2007,6,20,33.3,
HKO,香港天文台總部,2007,6,21,32.5,
HKO,香港天文台總部,2007,6,22,33.5,
HKO,香港天文台總部,2007,6,23,33.0,
HKO,香港天文台總部,2007,6,24,33.2,
HKO,香港天文台總部,2007,6,25,32.0,
HKO,香港天文台總部,2007,6,26,33.5,
HKO,香港天文台總部,2007,6,27,29.1,
HKO,香港天文台總部,2007,6,28,28.1,
HKO,香港天文台總部,2007,6,29,30.0,
HKO,香港天文台總部,2007,6,30,29.8,
HKO,香港天文台總部,2007,7,1,29.1,
HKO,香港天文台總部,2007,7,2,32.4,
HKO,香港天文台總部,2007,7,3,31.6,
HKO,香港天文台總部,2007,7,4,31.6,
HKO,香港天文台總部,2007,7,5,31.3,
HKO,香港天文台總部,2007,7,6,32.4,
HKO,香港天文台總部,2007,7,7,33.7,
HKO,香港天文台總部,2007,7,8,33.1,
HKO,香港天文台總部,2007,7,9,33.4,
HKO,香港天文台總部,2007,7,10,32.5,
HKO,香港天文台總部,2007,7,11,32.7,
HKO,香港天文台總部,2007,7,12,32.8,
HKO,香港天文台總部,2007,7,13,32.1,
HKO,香港天文台總部,2007,7,14,34.4,
HKO,香港天文台總部,2007,7,15,34.1,
HKO,香港天文台總部,2007,7,16,32.8,
HKO,香港天文台總部,2007,7,17,32.5,
HKO,香港天文台總部,2007,7,18,32.4,
HKO,香港天文台總部,2007,7,19,32.0,
HKO,香港天文台總部,2007,7,20,32.4,
HKO,香港天文台總部,2007,7,21,32.5,
HKO,香港天文台總部,2007,7,22,33.1,
HKO,香港天文台總部,2007,7,23,32.8,
HKO,香港天文台總部,2007,7,24,33.8,
HKO,香港天文台總部,2007,7,25,33.9,
HKO,香港天文台總部,2007,7,26,33.9,
HKO,香港天文台總部,2007,7,27,34.5,
HKO,香港天文台總部,2007,7,28,34.8,
HKO,香港天文台總部,2007,7,29,34.6,
HKO,香港天文台總部,2007,7,30,33.1,
HKO,香港天文台總部,2007,7,31,34.1,
HKO,香港天文台總部,2007,8,1,33.0,
HKO,香港天文台總部,2007,8,2,33.3,
HKO,香港天文台總部,2007,8,3,35.3,
HKO,香港天文台總部,2007,8,4,34.9,
HKO,香港天文台總部,2007,8,5,31.8,
HKO,香港天文台總部,2007,8,6,29.6,
HKO,香港天文台總部,2007,8,7,32.4,
HKO,香港天文台總部,2007,8,8,32.2,
HKO,香港天文台總部,2007,8,9,28.9,
HKO,香港天文台總部,2007,8,10,26.6,
HKO,香港天文台總部,2007,8,11,26.9,
HKO,香港天文台總部,2007,8,12,27.3,
HKO,香港天文台總部,2007,8,13,30.4,
HKO,香港天文台總部,2007,8,14,28.5,
HKO,香港天文台總部,2007,8,15,28.6,
HKO,香港天文台總部,2007,8,16,26.8,
HKO,香港天文台總部,2007,8,17,30.8,
HKO,香港天文台總部,2007,8,18,32.8,
HKO,香港天文台總部,2007,8,19,32.7,
HKO,香港天文台總部,2007,8,20,29.8,
HKO,香港天文台總部,2007,8,21,29.5,
HKO,香港天文台總部,2007,8,22,28.6,
HKO,香港天文台總部,2007,8,23,29.9,
HKO,香港天文台總部,2007,8,24,31.4,
HKO,香港天文台總部,2007,8,25,30.6,
HKO,香港天文台總部,2007,8,26,30.9,
HKO,香港天文台總部,2007,8,27,30.1,
HKO,香港天文台總部,2007,8,28,31.3,
HKO,香港天文台總部,2007,8,29,31.7,
HKO,香港天文台總部,2007,8,30,30.8,
HKO,香港天文台總部,2007,8,31,32.9,
HKO,香港天文台總部,2007,9,1,31.6,
HKO,香港天文台總部,2007,9,2,29.9,
HKO,香港天文台總部,2007,9,3,30.6,
HKO,香港天文台總部,2007,9,4,29.8,
HKO,香港天文台總部,2007,9,5,28.8,
HKO,香港天文台總部,2007,9,6,28.5,
HKO,香港天文台總部,2007,9,7,28.5,
HKO,香港天文台總部,2007,9,8,30.0,
HKO,香港天文台總部,2007,9,9,29.9,
HKO,香港天文台總部,2007,9,10,28.9,
HKO,香港天文台總部,2007,9,11,30.8,
HKO,香港天文台總部,2007,9,12,30.6,
HKO,香港天文台總部,2007,9,13,31.0,
HKO,香港天文台總部,2007,9,14,31.5,
HKO,香港天文台總部,2007,9,15,32.6,
HKO,香港天文台總部,2007,9,16,30.9,
HKO,香港天文台總部,2007,9,17,30.7,
HKO,香港天文台總部,2007,9,18,32.0,
HKO,香港天文台總部,2007,9,19,30.8,
HKO,香港天文台總部,2007,9,20,30.8,
HKO,香港天文台總部,2007,9,21,32.5,
HKO,香港天文台總部,2007,9,22,32.6,
HKO,香港天文台總部,2007,9,23,28.0,
HKO,香港天文台總部,2007,9,24,26.4,
HKO,香港天文台總部,2007,9,25,28.6,
HKO,香港天文台總部,2007,9,26,30.3,
HKO,香港天文台總部,2007,9,27,31.0,
HKO,香港天文台總部,2007,9,28,31.6,
HKO,香港天文台總部,2007,9,29,32.2,
HKO,香港天文台總部,2007,9,30,32.3,
HKO,香港天文台總部,2008,6,1,27.9,
HKO,香港天文台總部,2008,6,2,27.9,
HKO,香港天文台總部,2008,6,3,28.3,
HKO,香港天文台總部,2008,6,4,26.1,
HKO,香港天文台總部,2008,6,5,28.3,
HKO,香港天文台總部,2008,6,6,25.1,
HKO,香港天文台總部,2008,6,7,27.5,
HKO,香港天文台總部,2008,6,8,29.2,
HKO,香港天文台總部,2008,6,9,30.6,
HKO,香港天文台總部,2008,6,10,30.3,
HKO,香港天文台總部,2008,6,11,30.6,
HKO,香港天文台總部,2008,6,12,30.3,
HKO,香港天文台總部,2008,6,13,28.6,
HKO,香港天文台總部,2008,6,14,26.8,
HKO,香港天文台總部,2008,6,15,29.5,
HKO,香港天文台總部,2008,6,16,27.8,
HKO,香港天文台總部,2008,6,17,25.7,
HKO,香港天文台總部,2008,6,18,27.7,
HKO,香港天文台總部,2008,6,19,30.3,
HKO,香港天文台總部,2008,6,20,32.6,
HKO,香港天文台總部,2008,6,21,32.9,
HKO,香港天文台總部,2008,6,22,32.4,
HKO,香港天文台總部,2008,6,23,31.6,
HKO,香港天文台總部,2008,6,24,30.5,
HKO,香港天文台總部,2008,6,25,27.5,
HKO,香港天文台總部,2008,6,26,27.7,
HKO,香港天文台總部,2008,6,27,27.2,
HKO,香港天文台總部,2008,6,28,28.4,
HKO,香港天文台總部,2008,6,29,28.8,
HKO,香港天文台總部,2008,6,30,29.4,
HKO,香港天文台總部,2008,7,1,31.7,
HKO,香港天文台總部,2008,7,2,32.2,
HKO,香港天文台總部,2008,7,3,32.3,
HKO,香港天文台總部,2008,7,4,32.7,
HKO,香港天文台總部,2008,7,5,32.7,
HKO,香港天文台總部,2008,7,6,28.9,
HKO,香港天文台總部,2008,7,7,26.6,
HKO,香港天文台總部,2008,7,8,28.5,
HKO,香港天文台總部,2008,7,9,27.7,
HKO,香港天文台總部,2008,7,10,27.9,
HKO,香港天文台總部,2008,7,11,27.8,
HKO,香港天文台總部,2008,7,12,27.2,
HKO,香港天文台總部,2008,7,13,28.6,
HKO,香港天文台總部,2008,7,14,31.4,
HKO,香港天文台總部,2008,7,15,30.8,
HKO,香港天文台總部,2008,7,16,31.5,
HKO,香港天文台總部,2008,7,17,31.7,
HKO,香港天文台總部,2008,7,18,31.0,
HKO,香港天文台總部,2008,7,19,30.8,
HKO,香港天文台總部,2008,7,20,32.8,
HKO,香港天文台總部,2008,7,21,33.2,
HKO,香港天文台總部,2008,7,22,31.4,
HKO,香港天文台總部,2008,7,23,31.8,
HKO,香港天文台總部,2008,7,24,32.5,
HKO,香港天文台總部,2008,7,25,32.3,
HKO,香港天文台總部,2008,7,26,32.6,
HKO,香港天文台總部,2008,7,27,33.3,
HKO,香港天文台總部,2008,7,28,34.6,
HKO,香港天文台總部,2008,7,29,32.5,
HKO,香港天文台總部,2008,7,30,30.4,
HKO,香港天文台總部,2008,7,31,31.1,
HKO,香港天文台總部,2008,8,1,31.1,
HKO,香港天文台總部,2008,8,2,32.4,
HKO,香港天文台總部,2008,8,3,34.2,
HKO,香港天文台總部,2008,8,4,33.1,
HKO,香港天文台總部,2008,8,5,29.2,
HKO,香港天文台總部,2008,8,6,27.0,
HKO,香港天文台總部,2008,8,7,28.8,
HKO,香港天文台總部,2008,8,8,26.9,
HKO,香港天文台總部,2008,8,9,31.5,
HKO,香港天文台總部,2008,8,10,30.0,
HKO,香港天文台總部,2008,8,11,27.1,
HKO,香港天文台總部,2008,8,12,31.2,
HKO,香港天文台總部,2008,8,13,31.8,
HKO,香港天文台總部,2008,8,14,31.5,
HKO,香港天文台總部,2008,8,15,31.9,
HKO,香港天文台總部,2008,8,16,31.7,
HKO,香港天文台總部,2008,8,17,32.9,
HKO,香港天文台總部,2008,8,18,33.5,
HKO,香港天文台總部,2008,8,19,33.7,
HKO,香港天文台總部,2008,8,20,32.3,
HKO,香港天文台總部,2008,8,21,34.3,
HKO,香港天文台總部,2008,8,22,30.4,
HKO,香港天文台總部,2008,8,23,27.9,
HKO,香港天文台總部,2008,8,24,31.8,
HKO,香港天文台總部,2008,8,25,32.4,
HKO,香港天文台總部,2008,8,26,31.6,
HKO,香港天文台總部,2008,8,27,32.0,
HKO,香港天文台總部,2008,8,28,31.7,
HKO,香港天文台總部,2008,8,29,32.6,
HKO,香港天文台總部,2008,8,30,32.4,
HKO,香港天文台總部,2008,8,31,31.9,
HKO,香港天文台總部,2008,9,1,32.1,
HKO,香港天文台總部,2008,9,2,30.1,
HKO,香港天文台總部,2008,9,3,31.6,
HKO,香港天文台總部,2008,9,4,31.1,
HKO,香港天文台總部,2008,9,5,29.9,
HKO,香港天文台總部,2008,9,6,31.5,
HKO,香港天文台總部,2008,9,7,32.4,
HKO,香港天文台總部,2008,9,8,31.5,
HKO,香港天文台總部,2008,9,9,32.5,
HKO,香港天文台總部,2008,9,10,33.3,
HKO,香港天文台總部,2008,9,11,31.5,
HKO,香港天文台總部,2008,9,12,32.7,
HKO,香港天文台總部,2008,9,13,34.2,
HKO,香港天文台總部,2008,9,14,31.8,
HKO,香港天文台總部,2008,9,15,33.8,
HKO,香港天文台總部,2008,9,16,33.0,
HKO,香港天文台總部,2008,9,17,33.4,
HKO,香港天文台總部,2008,9,18,32.2,
HKO,香港天文台總部,2008,9,19,30.2,
HKO,香港天文台總部,2008,9,20,32.8,
HKO,香港天文台總部,2008,9,21,32.4,
HKO,香港天文台總部,2008,9,22,34.3,
HKO,香港天文台總部,2008,9,23,33.0,
HKO,香港天文台總部,2008,9,24,28.7,
HKO,香港天文台總部,2008,9,25,31.3,
HKO,香港天文台總部,2008,9,26,32.7,
HKO,香港天文台總部,2008,9,27,31.7,
HKO,香港天文台總部,2008,9,28,31.7,
HKO,香港天文台總部,2008,9,29,31.8,
HKO,香港天文台總部,2008,9,30,30.9,
HKO,香港天文台總部,2009,6,1,30.9,
HKO,香港天文台總部,2009,6,2,29.3,
HKO,香港天文台總部,2009,6,3,29.8,
HKO,香港天文台總部,2009,6,4,30.4,
HKO,香港天文台總部,2009,6,5,30.7,
HKO,香港天文台總部,2009,6,6,32.9,
HKO,香港天文台總部,2009,6,7,30.7,
HKO,香港天文台總部,2009,6,8,30.7,
HKO,香港天文台總部,2009,6,9,29.5,
HKO,香港天文台總部,2009,6,10,31.5,
HKO,香港天文台總部,2009,6,11,28.1,
HKO,香港天文台總部,2009,6,12,29.3,
HKO,香港天文台總部,2009,6,13,30.7,
HKO,香港天文台總部,2009,6,14,30.2,
HKO,香港天文台總部,2009,6,15,30.0,
HKO,香港天文台總部,2009,6,16,29.9,
HKO,香港天文台總部,2009,6,17,32.5,
HKO,香港天文台總部,2009,6,18,31.4,
HKO,香港天文台總部,2009,6,19,32.6,
HKO,香港天文台總部,2009,6,20,32.2,
HKO,香港天文台總部,2009,6,21,32.3,
HKO,香港天文台總部,2009,6,22,30.5,
HKO,香港天文台總部,2009,6,23,32.3,
HKO,香港天文台總部,2009,6,24,32.0,
HKO,香港天文台總部,2009,6,25,30.5,
HKO,香港天文台總部,2009,6,26,30.1,
HKO,香港天文台總部,2009,6,27,28.4,
HKO,香港天文台總部,2009,6,28,28.5,
HKO,香港天文台總部,2009,6,29,31.0,
HKO,香港天文台總部,2009,6,30,31.7,
HKO,香港天文台總部,2009,7,1,32.6,
HKO,香港天文台總部,2009,7,2,31.5,
HKO,香港天文台總部,2009,7,3,30.8,
HKO,香港天文台總部,2009,7,4,29.3,
HKO,香港天文台總部,2009,7,5,27.9,
HKO,香港天文台總部,2009,7,6,32.0,
HKO,香港天文台總部,2009,7,7,32.0,
HKO,香港天文台總部,2009,7,8,32.5,
HKO,香港天文台總部,2009,7,9,32.7,
HKO,香港天文台總部,2009,7,10,33.1,
HKO,香港天文台總部,2009,7,11,31.9,
HKO,香港天文台總部,2009,7,12,33.0,
HKO,香港天文台總部,2009,7,13,33.0,
HKO,香港天文台總部,2009,7,14,31.0,
HKO,香港天文台總部,2009,7,15,32.8,
HKO,香港天文台總部,2009,7,16,32.5,
HKO,香港天文台總部,2009,7,17,32.5,
HKO,香港天文台總部,2009,7,18,34.3,
HKO,香港天文台總部,2009,7,19,28.7,
HKO,香港天文台總部,2009,7,20,31.5,
HKO,香港天文台總部,2009,7,21,32.5,
HKO,香港天文台總部,2009,7,22,32.4,
HKO,香港天文台總部,2009,7,23,32.1,
HKO,香港天文台總部,2009,7,24,31.0,
HKO,香港天文台總部,2009,7,25,31.5,
HKO,香港天文台總部,2009,7,26,33.1,
HKO,香港天文台總部,2009,7,27,30.8,
HKO,香港天文台總部,2009,7,28,32.6,
HKO,香港天文台總部,2009,7,29,33.3,
HKO,香港天文台總部,2009,7,30,31.5,
HKO,香港天文台總部,2009,7,31,32.5,
HKO,香港天文台總部,2009,8,1,32.5,
HKO,香港天文台總部,2009,8,2,34.6,
HKO,香港天文台總部,2009,8,3,34.9,
HKO,香港天文台總部,2009,8,4,29.8,
HKO,香港天文台總部,2009,8,5,29.4,
HKO,香港天文台總部,2009,8,6,30.9,
HKO,香港天文台總部,2009,8,7,32.6,
HKO,香港天文台總部,2009,8,8,34.2,
HKO,香港天文台總部,2009,8,9,32.4,
HKO,香港天文台總部,2009,8,10,32.4,
HKO,香港天文台總部,2009,8,11,29.6,
HKO,香港天文台總部,2009,8,12,27.9,
HKO,香港天文台總部,2009,8,13,27.6,
HKO,香港天文台總部,2009,8,14,30.8,
HKO,香港天文台總部,2009,8,15,31.8,
HKO,香港天文台總部,2009,8,16,33.1,
HKO,香港天文台總部,2009,8,17,30.9,
HKO,香港天文台總部,2009,8,18,32.0,
HKO,香港天文台總部,2009,8,19,32.1,
HKO,香港天文台總部,2009,8,20,33.1,
HKO,香港天文台總部,2009,8,21,32.9,
HKO,香港天文台總部,2009,8,22,32.4,
HKO,香港天文台總部,2009,8,23,34.2,
HKO,香港天文台總部,2009,8,24,33.2,
HKO,香港天文台總部,2009,8,25,33.3,
HKO,香港天文台總部,2009,8,26,33.3,
HKO,香港天文台總部,2009,8,27,33.4,
HKO,香港天文台總部,2009,8,28,33.5,
HKO,香港天文台總部,2009,8,29,33.1,
HKO,香港天文台總部,2009,8,30,33.8,
HKO,香港天文台總部,2009,8,31,33.9,
HKO,香港天文台總部,2009,9,1,33.4,
HKO,香港天文台總部,2009,9,2,33.9,
HKO,香港天文台總部,2009,9,3,34.3,
HKO,香港天文台總部,2009,9,4,33.7,
HKO,香港天文台總部,2009,9,5,33.9,
HKO,香港天文台總部,2009,9,6,33.9,
HKO,香港天文台總部,2009,9,7,34.6,
HKO,香港天文台總部,2009,9,8,34.3,
HKO,香港天文台總部,2009,9,9,32.1,
HKO,香港天文台總部,2009,9,10,31.6,
HKO,香港天文台總部,2009,9,11,28.5,
HKO,香港天文台總部,2009,9,12,32.2,
HKO,香港天文台總部,2009,9,13,32.7,
HKO,香港天文台總部,2009,9,14,30.0,
HKO,香港天文台總部,2009,9,15,30.0,
HKO,香港天文台總部,2009,9,16,29.6,
HKO,香港天文台總部,2009,9,17,32.1,
HKO,香港天文台總部,2009,9,18,32.5,
HKO,香港天文台總部,2009,9,19,33.2,
HKO,香港天文台總部,2009,9,20,32.9,
HKO,香港天文台總部,2009,9,21,31.8,
HKO,香港天文台總部,2009,9,22,30.9,
HKO,香港天文台總部,2009,9,23,32.4,
HKO,香港天文台總部,2009,9,24,32.1,
HKO,香港天文台總部,2009,9,25,32.4,
HKO,香港天文台總部,2009,9,26,33.8,
HKO,香港天文台總部,2009,9,27,30.7,
HKO,香港天文台總部,2009,9,28,29.3,
HKO,香港天文台總部,2009,9,29,25.8,
HKO,香港天文台總部,2009,9,30,28.3,
HKO,香港天文台總部,2010,6,1,26.8,
HKO,香港天文台總部,2010,6,2,23.4,
HKO,香港天文台總部,2010,6,3,25.3,
HKO,香港天文台總部,2010,6,4,26.8,
HKO,香港天文台總部,2010,6,5,28.0,
HKO,香港天文台總部,2010,6,6,28.2,
HKO,香港天文台總部,2010,6,7,28.5,
HKO,香港天文台總部,2010,6,8,28.7,
HKO,香港天文台總部,2010,6,9,27.1,
HKO,香港天文台總部,2010,6,10,26.5,
HKO,香港天文台總部,2010,6,11,30.1,
HKO,香港天文台總部,2010,6,12,30.7,
HKO,香港天文台總部,2010,6,13,29.6,
HKO,香港天文台總部,2010,6,14,31.2,
HKO,香港天文台總部,2010,6,15,30.1,
HKO,香港天文台總部,2010,6,16,30.6,
HKO,香港天文台總部,2010,6,17,31.4,
HKO,香港天文台總部,2010,6,18,31.4,
HKO,香港天文台總部,2010,6,19,31.5,
HKO,香港天文台總部,2010,6,20,31.5,
HKO,香港天文台總部,2010,6,21,32.0,
HKO,香港天文台總部,2010,6,22,31.5,
HKO,香港天文台總部,2010,6,23,30.1,
HKO,香港天文台總部,2010,6,24,30.2,
HKO,香港天文台總部,2010,6,25,29.8,
HKO,香港天文台總部,2010,6,26,27.8,
HKO,香港天文台總部,2010,6,27,26.6,
HKO,香港天文台總部,2010,6,28,28.6,
HKO,香港天文台總部,2010,6,29,30.3,
HKO,香港天文台總部,2010,6,30,32.7,
HKO,香港天文台總部,2010,7,1,32.4,
HKO,香港天文台總部,2010,7,2,32.8,
HKO,香港天文台總部,2010,7,3,32.7,
HKO,香港天文台總部,2010,7,4,32.7,
HKO,香港天文台總部,2010,7,5,33.0,
HKO,香港天文台總部,2010,7,6,31.7,
HKO,香港天文台總部,2010,7,7,32.1,
HKO,香港天文台總部,2010,7,8,33.6,
HKO,香港天文台總部,2010,7,9,31.1,
HKO,香港天文台總部,2010,7,10,33.0,
HKO,香港天文台總部,2010,7,11,32.8,
HKO,香港天文台總部,2010,7,12,33.5,
HKO,香港天文台總部,2010,7,13,32.7,
HKO,香港天文台總部,2010,7,14,33.9,
HKO,香港天文台總部,2010,7,15,32.5,
HKO,香港天文台總部,2010,7,16,31.7,
HKO,香港天文台總部,2010,7,17,31.9,
HKO,香港天文台總部,2010,7,18,32.1,
HKO,香港天文台總部,2010,7,19,33.6,
HKO,香港天文台總部,2010,7,20,33.0,
HKO,香港天文台總部,2010,7,21,30.0,
HKO,香港天文台總部,2010,7,22,29.5,
HKO,香港天文台總部,2010,7,23,30.1,
HKO,香港天文台總部,2010,7,24,31.9,
HKO,香港天文台總部,2010,7,25,32.3,
HKO,香港天文台總部,2010,7,26,32.3,
HKO,香港天文台總部,2010,7,27,30.1,
HKO,香港天文台總部,2010,7,28,29.4,
HKO,香港天文台總部,2010,7,29,31.8,
HKO,香港天文台總部,2010,7,30,32.4,
HKO,香港天文台總部,2010,7,31,33.4,
HKO,香港天文台總部,2010,8,1,32.7,
HKO,香港天文台總部,2010,8,2,32.7,
HKO,香港天文台總部,2010,8,3,32.2,
HKO,香港天文台總部,2010,8,4,33.1,
HKO,香港天文台總部,2010,8,5,33.7,
HKO,香港天文台總部,2010,8,6,32.2,
HKO,香港天文台總部,2010,8,7,32.2,
HKO,香港天文台總部,2010,8,8,32.2,
HKO,香港天文台總部,2010,8,9,32.6,
HKO,香港天文台總部,2010,8,10,33.7,
HKO,香港天文台總部,2010,8,11,30.1,
HKO,香港天文台總部,2010,8,12,32.6,
HKO,香港天文台總部,2010,8,13,32.7,
HKO,香港天文台總部,2010,8,14,31.7,
HKO,香港天文台總部,2010,8,15,29.6,
HKO,香港天文台總部,2010,8,16,30.1,
HKO,香港天文台總部,2010,8,17,32.6,
HKO,香港天文台總部,2010,8,18,30.9,
HKO,香港天文台總部,2010,8,19,30.1,
HKO,香港天文台總部,2010,8,20,32.1,
HKO,香港天文台總部,2010,8,21,32.8,
HKO,香港天文台總部,2010,8,22,31.9,
HKO,香港天文台總部,2010,8,23,31.8,
HKO,香港天文台總部,2010,8,24,29.3,
HKO,香港天文台總部,2010,8,25,30.5,
HKO,香港天文台總部,2010,8,26,31.5,
HKO,香港天文台總部,2010,8,27,32.0,
HKO,香港天文台總部,2010,8,28,30.8,
HKO,香港天文台總部,2010,8,29,32.9,
HKO,香港天文台總部,2010,8,30,32.6,
HKO,香港天文台總部,2010,8,31,33.0,
HKO,香港天文台總部,2010,9,1,34.1,
HKO,香港天文台總部,2010,9,2,31.3,
HKO,香港天文台總部,2010,9,3,27.8,
HKO,香港天文台總部,2010,9,4,28.0,
HKO,香港天文台總部,2010,9,5,30.8,
HKO,香港天文台總部,2010,9,6,32.1,
HKO,香港天文台總部,2010,9,7,31.7,
HKO,香港天文台總部,2010,9,8,32.4,
HKO,香港天文台總部,2010,9,9,31.3,
HKO,香港天文台總部,2010,9,10,31.2,
HKO,香港天文台總部,2010,9,11,26.4,
HKO,香港天文台總部,2010,9,12,28.8,
HKO,香港天文台總部,2010,9,13,30.1,
HKO,香港天文台總部,2010,9,14,29.9,
HKO,香港天文台總部,2010,9,15,31.4,
HKO,香港天文台總部,2010,9,16,32.3,
HKO,香港天文台總部,2010,9,17,31.8,
HKO,香港天文台總部,2010,9,18,32.7,
HKO,香港天文台總部,2010,9,19,32.8,
HKO,香港天文台總部,2010,9,20,30.8,
HKO,香港天文台總部,2010,9,21,26.1,
HKO,香港天文台總部,2010,9,22,26.5,
HKO,香港天文台總部,2010,9,23,28.8,
HKO,香港天文台總部,2010,9,24,31.0,
HKO,香港天文台總部,2010,9,25,30.3,
HKO,香港天文台總部,2010,9,26,30.6,
HKO,香港天文台總部,2010,9,27,31.5,
HKO,香港天文台總部,2010,9,28,31.9,
HKO,香港天文台總部,2010,9,29,31.0,
HKO,香港天文台總部,2010,9,30,30.7,
HKO,香港天文台總部,2011,6,1,31.3,
HKO,香港天文台總部,2011,6,2,31.5,
HKO,香港天文台總部,2011,6,3,31.0,
HKO,香港天文台總部,2011,6,4,31.6,
HKO,香港天文台總部,2011,6,5,32.6,
HKO,香港天文台總部,2011,6,6,31.3,
HKO,香港天文台總部,2011,6,7,31.8,
HKO,香港天文台總部,2011,6,8,32.2,
HKO,香港天文台總部,2011,6,9,34.5,
HKO,香港天文台總部,2011,6,10,33.4,
HKO,香港天文台總部,2011,6,11,32.2,
HKO,香港天文台總部,2011,6,12,29.5,
HKO,香港天文台總部,2011,6,13,31.7,
HKO,香港天文台總部,2011,6,14,31.7,
HKO,香港天文台總部,2011,6,15,32.2,
HKO,香港天文台總部,2011,6,16,28.4,
HKO,香港天文台總部,2011,6,17,29.9,
HKO,香港天文台總部,2011,6,18,32.5,
HKO,香港天文台總部,2011,6,19,32.4,
HKO,香港天文台總部,2011,6,20,33.5,
HKO,香港天文台總部,2011,6,21,33.2,
HKO,香港天文台總部,2011,6,22,28.6,
HKO,香港天文台總部,2011,6,23,29.5,
HKO,香港天文台總部,2011,6,24,31.1,
HKO,香港天文台總部,2011,6,25,32.2,
HKO,香港天文台總部,2011,6,26,29.5,
HKO,香港天文台總部,2011,6,27,31.7,
HKO,香港天文台總部,2011,6,28,29.0,
HKO,香港天文台總部,2011,6,29,28.9,
HKO,香港天文台總部,2011,6,30,30.5,
HKO,香港天文台總部,2011,7,1,29.8,
HKO,香港天文台總部,2011,7,2,31.6,
HKO,香港天文台總部,2011,7,3,32.4,
HKO,香港天文台總部,2011,7,4,32.8,
HKO,香港天文台總部,2011,7,5,32.7,
HKO,香港天文台總部,2011,7,6,32.9,
HKO,香港天文台總部,2011,7,7,32.7,
HKO,香港天文台總部,2011,7,8,32.9,
HKO,香港天文台總部,2011,7,9,32.1,
HKO,香港天文台總部,2011,7,10,32.9,
HKO,香港天文台總部,2011,7,11,31.1,
HKO,香港天文台總部,2011,7,12,28.9,
HKO,香港天文台總部,2011,7,13,30.0,
HKO,香港天文台總部,2011,7,14,28.7,
HKO,香港天文台總部,2011,7,15,28.3,
HKO,香港天文台總部,2011,7,16,28.0,
HKO,香港天文台總部,2011,7,17,29.9,
HKO,香港天文台總部,2011,7,18,30.9,
HKO,香港天文台總部,2011,7,19,30.0,
HKO,香港天文台總部,2011,7,20,28.6,
HKO,香港天文台總部,2011,7,21,31.2,
HKO,香港天文台總部,2011,7,22,32.9,
HKO,香港天文台總部,2011,7,23,32.5,
HKO,香港天文台總部,2011,7,24,32.2,
HKO,香港天文台總部,2011,7,25,33.4,
HKO,香港天文台總部,2011,7,26,33.1,
HKO,香港天文台總部,2011,7,27,33.9,
HKO,香港天文台總部,2011,7,28,33.7,
HKO,香港天文台總部,2011,7,29,30.1,
HKO,香港天文台總部,2011,7,30,31.7,
HKO,香港天文台總部,2011,7,31,32.5,
HKO,香港天文台總部,2011,8,1,33.7,
HKO,香港天文台總部,2011,8,2,32.9,
HKO,香港天文台總部,2011,8,3,32.6,
HKO,香港天文台總部,2011,8,4,34.2,
HKO,香港天文台總部,2011,8,5,33.5,
HKO,香港天文台總部,2011,8,6,33.2,
HKO,香港天文台總部,2011,8,7,35.0,
HKO,香港天文台總部,2011,8,8,31.1,
HKO,香港天文台總部,2011,8,9,31.5,
HKO,香港天文台總部,2011,8,10,28.3,
HKO,香港天文台總部,2011,8,11,32.2,
HKO,香港天文台總部,2011,8,12,32.0,
HKO,香港天文台總部,2011,8,13,32.9,
HKO,香港天文台總部,2011,8,14,32.8,
HKO,香港天文台總部,2011,8,15,31.9,
HKO,香港天文台總部,2011,8,16,32.3,
HKO,香港天文台總部,2011,8,17,30.5,
HKO,香港天文台總部,2011,8,18,32.5,
HKO,香港天文台總部,2011,8,19,33.0,
HKO,香港天文台總部,2011,8,20,33.0,
HKO,香港天文台總部,2011,8,21,32.5,
HKO,香港天文台總部,2011,8,22,30.4,
HKO,香港天文台總部,2011,8,23,32.4,
HKO,香港天文台總部,2011,8,24,32.4,
HKO,香港天文台總部,2011,8,25,30.9,
HKO,香港天文台總部,2011,8,26,31.8,
HKO,香港天文台總部,2011,8,27,32.9,
HKO,香港天文台總部,2011,8,28,32.0,
HKO,香港天文台總部,2011,8,29,33.7,
HKO,香港天文台總部,2011,8,30,33.3,
HKO,香港天文台總部,2011,8,31,33.4,
HKO,香港天文台總部,2011,9,1,30.1,
HKO,香港天文台總部,2011,9,2,31.2,
HKO,香港天文台總部,2011,9,3,30.7,
HKO,香港天文台總部,2011,9,4,31.5,
HKO,香港天文台總部,2011,9,5,32.2,
HKO,香港天文台總部,2011,9,6,31.9,
HKO,香港天文台總部,2011,9,7,32.0,
HKO,香港天文台總部,2011,9,8,32.2,
HKO,香港天文台總部,2011,9,9,32.8,
HKO,香港天文台總部,2011,9,10,31.7,
HKO,香港天文台總部,2011,9,11,30.8,
HKO,香港天文台總部,2011,9,12,32.4,
HKO,香港天文台總部,2011,9,13,32.6,
HKO,香港天文台總部,2011,9,14,32.7,
HKO,香港天文台總部,2011,9,15,32.0,
HKO,香港天文台總部,2011,9,16,32.3,
HKO,香港天文台總部,2011,9,17,32.8,
HKO,香港天文台總部,2011,9,18,29.9,
HKO,香港天文台總部,2011,9,19,31.7,
HKO,香港天文台總部,2011,9,20,27.6,
HKO,香港天文台總部,2011,9,21,27.7,
HKO,香港天文台總部,2011,9,22,26.9,
HKO,香港天文台總部,2011,9,23,27.5,
HKO,香港天文台總部,2011,9,24,27.4,
HKO,香港天文台總部,2011,9,25,26.2,
HKO,香港天文台總部,2011,9,26,30.8,
HKO,香港天文台總部,2011,9,27,30.8,
HKO,香港天文台總部,2011,9,28,31.3,
HKO,香港天文台總部,2011,9,29,28.2,
HKO,香港天文台總部,2011,9,30,28.9,
HKO,香港天文台總部,2012,6,1,28.3,
HKO,香港天文台總部,2012,6,2,30.2,
HKO,香港天文台總部,2012,6,3,28.4,
HKO,香港天文台總部,2012,6,4,29.7,
HKO,香港天文台總部,2012,6,5,31.6,
HKO,香港天文台總部,2012,6,6,31.2,
HKO,香港天文台總部,2012,6,7,31.2,
HKO,香港天文台總部,2012,6,8,32.9,
HKO,香港天文台總部,2012,6,9,31.9,
HKO,香港天文台總部,2012,6,10,30.4,
HKO,香港天文台總部,2012,6,11,30.4,
HKO,香港天文台總部,2012,6,12,31.7,
HKO,香港天文台總部,2012,6,13,28.1,
HKO,香港天文台總部,2012,6,14,30.3,
HKO,香港天文台總部,2012,6,15,29.8,
HKO,香港天文台總部,2012,6,16,27.9,
HKO,香港天文台總部,2012,6,17,28.2,
HKO,香港天文台總部,2012,6,18,30.0,
HKO,香港天文台總部,2012,6,19,32.1,
HKO,香港天文台總部,2012,6,20,33.0,
HKO,香港天文台總部,2012,6,21,29.6,
HKO,香港天文台總部,2012,6,22,30.5,
HKO,香港天文台總部,2012,6,23,30.3,
HKO,香港天文台總部,2012,6,24,30.4,
HKO,香港天文台總部,2012,6,25,30.7,
HKO,香港天文台總部,2012,6,26,30.0,
HKO,香港天文台總部,2012,6,27,31.5,
HKO,香港天文台總部,2012,6,28,32.8,
HKO,香港天文台總部,2012,6,29,33.3,
HKO,香港天文台總部,2012,6,30,29.9,
HKO,香港天文台總部,2012,7,1,31.0,
HKO,香港天文台總部,2012,7,2,31.4,
HKO,香港天文台總部,2012,7,3,33.2,
HKO,香港天文台總部,2012,7,4,33.8,
HKO,香港天文台總部,2012,7,5,28.8,
HKO,香港天文台總部,2012,7,6,31.5,
HKO,香港天文台總部,2012,7,7,32.6,
HKO,香港天文台總部,2012,7,8,32.3,
HKO,香港天文台總部,2012,7,9,32.9,
HKO,香港天文台總部,2012,7,10,32.3,
HKO,香港天文台總部,2012,7,11,32.6,
HKO,香港天文台總部,2012,7,12,32.6,
HKO,香港天文台總部,2012,7,13,31.7,
HKO,香港天文台總部,2012,7,14,32.3,
HKO,香港天文台總部,2012,7,15,33.0,
HKO,香港天文台總部,2012,7,16,31.9,
HKO,香港天文台總部,2012,7,17,32.1,
HKO,香港天文台總部,2012,7,18,32.4,
HKO,香港天文台總部,2012,7,19,33.6,
HKO,香港天文台總部,2012,7,20,33.0,
HKO,香港天文台總部,2012,7,21,33.7,
HKO,香港天文台總部,2012,7,22,32.4,
HKO,香港天文台總部,2012,7,23,27.9,
HKO,香港天文台總部,2012,7,24,29.2,
HKO,香港天文台總部,2012,7,25,28.3,
HKO,香港天文台總部,2012,7,26,26.2,
HKO,香港天文台總部,2012,7,27,27.0,
HKO,香港天文台總部,2012,7,28,32.1,
HKO,香港天文台總部,2012,7,29,33.4,
HKO,香港天文台總部,2012,7,30,32.9,
HKO,香港天文台總部,2012,7,31,32.5,
HKO,香港天文台總部,2012,8,1,33.6,
HKO,香港天文台總部,2012,8,2,34.1,
HKO,香港天文台總部,2012,8,3,33.0,
HKO,香港天文台總部,2012,8,4,30.5,
HKO,香港天文台總部,2012,8,5,31.3,
HKO,香港天文台總部,2012,8,6,32.5,
HKO,香港天文台總部,2012,8,7,32.9,
HKO,香港天文台總部,2012,8,8,33.4,
HKO,香港天文台總部,2012,8,9,34.3,
HKO,香港天文台總部,2012,8,10,32.0,
HKO,香港天文台總部,2012,8,11,29.5,
HKO,香港天文台總部,2012,8,12,29.6,
HKO,香港天文台總部,2012,8,13,30.1,
HKO,香港天文台總部,2012,8,14,31.9,
HKO,香港天文台總部,2012,8,15,33.7,
HKO,香港天文台總部,2012,8,16,32.6,
HKO,香港天文台總部,2012,8,17,29.7,
HKO,香港天文台總部,2012,8,18,32.6,
HKO,香港天文台總部,2012,8,19,32.0,
HKO,香港天文台總部,2012,8,20,32.9,
HKO,香港天文台總部,2012,8,21,31.6,
HKO,香港天文台總部,2012,8,22,28.9,
HKO,香港天文台總部,2012,8,23,31.8,
HKO,香港天文台總部,2012,8,24,32.8,
HKO,香港天文台總部,2012,8,25,33.4,
HKO,香港天文台總部,2012,8,26,32.8,
HKO,香港天文台總部,2012,8,27,33.4,
HKO,香港天文台總部,2012,8,28,34.5,
HKO,香港天文台總部,2012,8,29,31.8,
HKO,香港天文台總部,2012,8,30,33.3,
HKO,香港天文台總部,2012,8,31,30.9,
HKO,香港天文台總部,2012,9,1,31.4,
HKO,香港天文台總部,2012,9,2,32.0,
HKO,香港天文台總部,2012,9,3,32.8,
HKO,香港天文台總部,2012,9,4,31.9,
HKO,香港天文台總部,2012,9,5,31.6,
HKO,香港天文台總部,2012,9,6,32.2,
HKO,香港天文台總部,2012,9,7,30.4,
HKO,香港天文台總部,2012,9,8,31.2,
HKO,香港天文台總部,2012,9,9,32.7,
HKO,香港天文台總部,2012,9,10,31.8,
HKO,香港天文台總部,2012,9,11,33.6,
HKO,香港天文台總部,2012,9,12,33.2,
HKO,香港天文台總部,2012,9,13,32.8,
HKO,香港天文台總部,2012,9,14,30.5,
HKO,香港天文台總部,2012,9,15,28.9,
HKO,香港天文台總部,2012,9,16,29.5,
HKO,香港天文台總部,2012,9,17,30.8,
HKO,香港天文台總部,2012,9,18,30.4,
HKO,香港天文台總部,2012,9,19,27.7,
HKO,香港天文台總部,2012,9,20,29.4,
HKO,香港天文台總部,2012,9,21,29.4,
HKO,香港天文台總部,2012,9,22,30.5,
HKO,香港天文台總部,2012,9,23,30.5,
HKO,香港天文台總部,2012,9,24,32.0,
HKO,香港天文台總部,2012,9,25,29.4,
HKO,香港天文台總部,2012,9,26,29.4,
HKO,香港天文台總部,2012,9,27,31.8,
HKO,香港天文台總部,2012,9,28,31.4,
HKO,香港天文台總部,2012,9,29,31.2,
HKO,香港天文台總部,2012,9,30,27.7,
HKO,香港天文台總部,2013,6,1,32.4,
HKO,香港天文台總部,2013,6,2,32.6,
HKO,香港天文台總部,2013,6,3,33.7,
HKO,香港天文台總部,2013,6,4,32.1,
HKO,香港天文台總部,2013,6,5,28.8,
HKO,香港天文台總部,2013,6,6,29.7,
HKO,香港天文台總部,2013,6,7,32.3,
HKO,香港天文台總部,2013,6,8,31.7,
HKO,香港天文台總部,2013,6,9,31.3,
HKO,香港天文台總部,2013,6,10,31.2,
HKO,香港天文台總部,2013,6,11,28.1,
HKO,香港天文台總部,2013,6,12,26.5,
HKO,香港天文台總部,2013,6,13,26.9,
HKO,香港天文台總部,2013,6,14,26.2,
HKO,香港天文台總部,2013,6,15,26.2,
HKO,香港天文台總部,2013,6,16,27.8,
HKO,香港天文台總部,2013,6,17,29.9,
HKO,香港天文台總部,2013,6,18,32.5,
HKO,香港天文台總部,2013,6,19,33.0,
HKO,香港天文台總部,2013,6,20,34.2,
HKO,香港天文台總部,2013,6,21,33.7,
HKO,香港天文台總部,2013,6,22,29.3,
HKO,香港天文台總部,2013,6,23,30.8,
HKO,香港天文台總部,2013,6,24,29.5,
HKO,香港天文台總部,2013,6,25,30.7,
HKO,香港天文台總部,2013,6,26,31.9,
HKO,香港天文台總部,2013,6,27,32.3,
HKO,香港天文台總部,2013,6,28,32.4,
HKO,香港天文台總部,2013,6,29,31.6,
HKO,香港天文台總部,2013,6,30,33.0,
HKO,香港天文台總部,2013,7,1,31.4,
HKO,香港天文台總部,2013,7,2,32.9,
HKO,香港天文台總部,2013,7,3,33.2,
HKO,香港天文台總部,2013,7,4,32.7,
HKO,香港天文台總部,2013,7,5,33.0,
HKO,香港天文台總部,2013,7,6,30.4,
HKO,香港天文台總部,2013,7,7,31.2,
HKO,香港天文台總部,2013,7,8,32.0,
HKO,香港天文台總部,2013,7,9,33.2,
HKO,香港天文台總部,2013,7,10,30.7,
HKO,香港天文台總部,2013,7,11,32.4,
HKO,香港天文台總部,2013,7,12,32.6,
HKO,香港天文台總部,2013,7,13,33.5,
HKO,香港天文台總部,2013,7,14,32.1,
HKO,香港天文台總部,2013,7,15,28.1,
HKO,香港天文台總部,2013,7,16,27.4,
HKO,香港天文台總部,2013,7,17,29.9,
HKO,香港天文台總部,2013,7,18,30.4,
HKO,香港天文台總部,2013,7,19,29.4,
HKO,香港天文台總部,2013,7,20,29.7,
HKO,香港天文台總部,2013,7,21,29.9,
HKO,香港天文台總部,2013,7,22,30.4,
HKO,香港天文台總部,2013,7,23,30.3,
HKO,香港天文台總部,2013,7,24,27.4,
HKO,香港天文台總部,2013,7,25,26.9,
HKO,香港天文台總部,2013,7,26,27.9,
HKO,香港天文台總部,2013,7,27,31.1,
HKO,香港天文台總部,2013,7,28,31.8,
HKO,香港天文台總部,2013,7,29,31.7,
HKO,香港天文台總部,2013,7,30,33.1,
HKO,香港天文台總部,2013,7,31,32.4,
HKO,香港天文台總部,2013,8,1,30.7,
HKO,香港天文台總部,2013,8,2,27.9,
HKO,香港天文台總部,2013,8,3,31.5,
HKO,香港天文台總部,2013,8,4,32.9,
HKO,香港天文台總部,2013,8,5,32.9,
HKO,香港天文台總部,2013,8,6,33.1,
HKO,香港天文台總部,2013,8,7,31.7,
HKO,香港天文台總部,2013,8,8,32.7,
HKO,香港天文台總部,2013,8,9,32.5,
HKO,香港天文台總部,2013,8,10,33.2,
HKO,香港天文台總部,2013,8,11,33.1,
HKO,香港天文台總部,2013,8,12,34.9,
HKO,香港天文台總部,2013,8,13,29.9,
HKO,香港天文台總部,2013,8,14,27.6,
HKO,香港天文台總部,2013,8,15,28.9,
HKO,香港天文台總部,2013,8,16,28.7,
HKO,香港天文台總部,2013,8,17,29.6,
HKO,香港天文台總部,2013,8,18,30.2,
HKO,香港天文台總部,2013,8,19,29.8,
HKO,香港天文台總部,2013,8,20,31.6,
HKO,香港天文台總部,2013,8,21,31.0,
HKO,香港天文台總部,2013,8,22,31.0,
HKO,香港天文台總部,2013,8,23,29.5,
HKO,香港天文台總部,2013,8,24,29.8,
HKO,香港天文台總部,2013,8,25,30.2,
HKO,香港天文台總部,2013,8,26,32.8,
HKO,香港天文台總部,2013,8,27,32.9,
HKO,香港天文台總部,2013,8,28,33.3,
HKO,香港天文台總部,2013,8,29,32.0,
HKO,香港天文台總部,2013,8,30,29.7,
HKO,香港天文台總部,2013,8,31,29.5,
HKO,香港天文台總部,2013,9,1,29.8,
HKO,香港天文台總部,2013,9,2,30.4,
HKO,香港天文台總部,2013,9,3,28.0,
HKO,香港天文台總部,2013,9,4,26.4,
HKO,香港天文台總部,2013,9,5,25.1,
HKO,香港天文台總部,2013,9,6,29.5,
HKO,香港天文台總部,2013,9,7,30.7,
HKO,香港天文台總部,2013,9,8,31.1,
HKO,香港天文台總部,2013,9,9,31.1,
HKO,香港天文台總部,2013,9,10,31.8,
HKO,香港天文台總部,2013,9,11,30.9,
HKO,香港天文台總部,2013,9,12,31.7,
HKO,香港天文台總部,2013,9,13,30.7,
HKO,香港天文台總部,2013,9,14,31.5,
HKO,香港天文台總部,2013,9,15,32.4,
HKO,香港天文台總部,2013,9,16,30.8,
HKO,香港天文台總部,2013,9,17,30.3,
HKO,香港天文台總部,2013,9,18,30.2,
HKO,香港天文台總部,2013,9,19,31.4,
HKO,香港天文台總部,2013,9,20,32.5,
HKO,香港天文台總部,2013,9,21,34.7,
HKO,香港天文台總部,2013,9,22,31.8,
HKO,香港天文台總部,2013,9,23,30.9,
HKO,香港天文台總部,2013,9,24,30.6,
HKO,香港天文台總部,2013,9,25,31.2,
HKO,香港天文台總部,2013,9,26,30.0,
HKO,香港天文台總部,2013,9,27,29.7,
HKO,香港天文台總部,2013,9,28,28.6,
HKO,香港天文台總部,2013,9,29,27.1,
HKO,香港天文台總部,2013,9,30,26.7,
HKO,香港天文台總部,2014,6,1,33.2,
HKO,香港天文台總部,2014,6,2,32.7,
HKO,香港天文台總部,2014,6,3,31.3,
HKO,香港天文台總部,2014,6,4,32.5,
HKO,香港天文台總部,2014,6,5,32.0,
HKO,香港天文台總部,2014,6,6,30.1,
HKO,香港天文台總部,2014,6,7,30.0,
HKO,香港天文台總部,2014,6,8,31.5,
HKO,香港天文台總部,2014,6,9,30.5,
HKO,香港天文台總部,2014,6,10,30.7,
HKO,香港天文台總部,2014,6,11,29.4,
HKO,香港天文台總部,2014,6,12,32.3,
HKO,香港天文台總部,2014,6,13,31.9,
HKO,香港天文台總部,2014,6,14,33.5,
HKO,香港天文台總部,2014,6,15,30.8,
HKO,香港天文台總部,2014,6,16,31.9,
HKO,香港天文台總部,2014,6,17,31.9,
HKO,香港天文台總部,2014,6,18,32.5,
HKO,香港天文台總部,2014,6,19,32.6,
HKO,香港天文台總部,2014,6,20,30.5,
HKO,香港天文台總部,2014,6,21,30.2,
HKO,香港天文台總部,2014,6,22,28.1,
HKO,香港天文台總部,2014,6,23,29.5,
HKO,香港天文台總部,2014,6,24,30.3,
HKO,香港天文台總部,2014,6,25,29.9,
HKO,香港天文台總部,2014,6,26,33.2,
HKO,香港天文台總部,2014,6,27,33.7,
HKO,香港天文台總部,2014,6,28,33.1,
HKO,香港天文台總部,2014,6,29,32.2,
HKO,香港天文台總部,2014,6,30,32.5,
HKO,香港天文台總部,2014,7,1,31.6,
HKO,香港天文台總部,2014,7,2,32.9,
HKO,香港天文台總部,2014,7,3,33.1,
HKO,香港天文台總部,2014,7,4,33.8,
HKO,香港天文台總部,2014,7,5,33.8,
HKO,香港天文台總部,2014,7,6,32.9,
HKO,香港天文台總部,2014,7,7,30.3,
HKO,香港天文台總部,2014,7,8,33.5,
HKO,香港天文台總部,2014,7,9,33.4,
HKO,香港天文台總部,2014,7,10,32.7,
HKO,香港天文台總部,2014,7,11,32.2,
HKO,香港天文台總部,2014,7,12,33.6,
HKO,香港天文台總部,2014,7,13,33.1,
HKO,香港天文台總部,2014,7,14,32.3,
HKO,香港天文台總部,2014,7,15,33.8,
HKO,香港天文台總部,2014,7,16,33.5,
HKO,香港天文台總部,2014,7,17,32.1,
HKO,香港天文台總部,2014,7,18,29.0,
HKO,香港天文台總部,2014,7,19,31.7,
HKO,香港天文台總部,2014,7,20,32.2,
HKO,香港天文台總部,2014,7,21,32.7,
HKO,香港天文台總部,2014,7,22,33.2,
HKO,香港天文台總部,2014,7,23,32.9,
HKO,香港天文台總部,2014,7,24,31.0,
HKO,香港天文台總部,2014,7,25,33.5,
HKO,香港天文台總部,2014,7,26,30.3,
HKO,香港天文台總部,2014,7,27,30.6,
HKO,香港天文台總部,2014,7,28,33.2,
HKO,香港天文台總部,2014,7,29,34.2,
HKO,香港天文台總部,2014,7,30,33.6,
HKO,香港天文台總部,2014,7,31,33.6,
HKO,香港天文台總部,2014,8,1,34.6,
HKO,香港天文台總部,2014,8,2,32.8,
HKO,香港天文台總部,2014,8,3,32.3,
HKO,香港天文台總部,2014,8,4,32.7,
HKO,香港天文台總部,2014,8,5,30.7,
HKO,香港天文台總部,2014,8,6,31.1,
HKO,香港天文台總部,2014,8,7,31.0,
HKO,香港天文台總部,2014,8,8,32.3,
HKO,香港天文台總部,2014,8,9,32.0,
HKO,香港天文台總部,2014,8,10,32.4,
HKO,香港天文台總部,2014,8,11,32.1,
HKO,香港天文台總部,2014,8,12,31.9,
HKO,香港天文台總部,2014,8,13,28.8,
HKO,香港天文台總部,2014,8,14,30.7,
HKO,香港天文台總部,2014,8,15,32.4,
HKO,香港天文台總部,2014,8,16,31.9,
HKO,香港天文台總部,2014,8,17,31.9,
HKO,香港天文台總部,2014,8,18,32.4,
HKO,香港天文台總部,2014,8,19,31.3,
HKO,香港天文台總部,2014,8,20,26.5,
HKO,香港天文台總部,2014,8,21,30.7,
HKO,香港天文台總部,2014,8,22,31.9,
HKO,香港天文台總部,2014,8,23,32.2,
HKO,香港天文台總部,2014,8,24,33.2,
HKO,香港天文台總部,2014,8,25,34.1,
HKO,香港天文台總部,2014,8,26,34.2,
HKO,香港天文台總部,2014,8,27,31.7,
HKO,香港天文台總部,2014,8,28,32.1,
HKO,香港天文台總部,2014,8,29,34.1,
HKO,香港天文台總部,2014,8,30,34.0,
HKO,香港天文台總部,2014,8,31,31.2,
HKO,香港天文台總部,2014,9,1,32.7,
HKO,香港天文台總部,2014,9,2,32.2,
HKO,香港天文台總部,2014,9,3,32.8,
HKO,香港天文台總部,2014,9,4,31.6,
HKO,香港天文台總部,2014,9,5,32.7,
HKO,香港天文台總部,2014,9,6,33.6,
HKO,香港天文台總部,2014,9,7,32.9,
HKO,香港天文台總部,2014,9,8,31.0,
HKO,香港天文台總部,2014,9,9,32.5,
HKO,香港天文台總部,2014,9,10,33.9,
HKO,香港天文台總部,2014,9,11,34.1,
HKO,香港天文台總部,2014,9,12,31.6,
HKO,香港天文台總部,2014,9,13,32.1,
HKO,香港天文台總部,2014,9,14,33.4,
HKO,香港天文台總部,2014,9,15,33.2,
HKO,香港天文台總部,2014,9,16,28.8,
HKO,香港天文台總部,2014,9,17,30.5,
HKO,香港天文台總部,2014,9,18,32.5,
HKO,香港天文台總部,2014,9,19,32.2,
HKO,香港天文台總部,2014,9,20,33.0,
HKO,香港天文台總部,2014,9,21,29.9,
HKO,香港天文台總部,2014,9,22,29.6,
HKO,香港天文台總部,2014,9,23,30.1,
HKO,香港天文台總部,2014,9,24,29.9,
HKO,香港天文台總部,2014,9,25,31.2,
HKO,香港天文台總部,2014,9,26,31.4,
HKO,香港天文台總部,2014,9,27,31.7,
HKO,香港天文台總部,2014,9,28,32.8,
HKO,香港天文台總部,2014,9,29,32.4,
HKO,香港天文台總部,2014,9,30,33.6,
HKO,香港天文台總部,2015,6,1,31.2,
HKO,香港天文台總部,2015,6,2,32.5,
HKO,香港天文台總部,2015,6,3,33.2,
HKO,香港天文台總部,2015,6,4,32.8,
HKO,香港天文台總部,2015,6,5,31.4,
HKO,香港天文台總部,2015,6,6,32.4,
HKO,香港天文台總部,2015,6,7,32.1,
HKO,香港天文台總部,2015,6,8,32.2,
HKO,香港天文台總部,2015,6,9,31.5,
HKO,香港天文台總部,2015,6,10,32.0,
HKO,香港天文台總部,2015,6,11,32.7,
HKO,香港天文台總部,2015,6,12,31.7,
HKO,香港天文台總部,2015,6,13,32.3,
HKO,香港天文台總部,2015,6,14,33.0,
HKO,香港天文台總部,2015,6,15,34.0,
HKO,香港天文台總部,2015,6,16,33.4,
HKO,香港天文台總部,2015,6,17,33.0,
HKO,香港天文台總部,2015,6,18,34.2,
HKO,香港天文台總部,2015,6,19,34.2,
HKO,香港天文台總部,2015,6,20,34.1,
HKO,香港天文台總部,2015,6,21,31.9,
HKO,香港天文台總部,2015,6,22,30.0,
HKO,香港天文台總部,2015,6,23,29.1,
HKO,香港天文台總部,2015,6,24,30.7,
HKO,香港天文台總部,2015,6,25,29.7,
HKO,香港天文台總部,2015,6,26,32.3,
HKO,香港天文台總部,2015,6,27,32.5,
HKO,香港天文台總部,2015,6,28,33.6,
HKO,香港天文台總部,2015,6,29,33.3,
HKO,香港天文台總部,2015,6,30,32.5,
HKO,香港天文台總部,2015,7,1,32.7,
HKO,香港天文台總部,2015,7,2,32.6,
HKO,香港天文台總部,2015,7,3,32.4,
HKO,香港天文台總部,2015,7,4,33.8,
HKO,香港天文台總部,2015,7,5,32.7,
HKO,香港天文台總部,2015,7,6,30.7,
HKO,香港天文台總部,2015,7,7,32.7,
HKO,香港天文台總部,2015,7,8,31.8,
HKO,香港天文台總部,2015,7,9,30.2,
HKO,香港天文台總部,2015,7,10,32.7,
HKO,香港天文台總部,2015,7,11,32.9,
HKO,香港天文台總部,2015,7,12,33.9,
HKO,香港天文台總部,2015,7,13,34.4,
HKO,香港天文台總部,2015,7,14,34.1,
HKO,香港天文台總部,2015,7,15,33.5,
HKO,香港天文台總部,2015,7,16,32.8,
HKO,香港天文台總部,2015,7,17,32.9,
HKO,香港天文台總部,2015,7,18,32.4,
HKO,香港天文台總部,2015,7,19,33.5,
HKO,香港天文台總部,2015,7,20,29.0,
HKO,香港天文台總部,2015,7,21,27.9,
HKO,香港天文台總部,2015,7,22,28.9,
HKO,香港天文台總部,2015,7,23,29.0,
HKO,香港天文台總部,2015,7,24,30.1,
HKO,香港天文台總部,2015,7,25,29.8,
HKO,香港天文台總部,2015,7,26,30.4,
HKO,香港天文台總部,2015,7,27,31.6,
HKO,香港天文台總部,2015,7,28,32.9,
HKO,香港天文台總部,2015,7,29,31.6,
HKO,香港天文台總部,2015,7,30,30.9,
HKO,香港天文台總部,2015,7,31,31.8,
HKO,香港天文台總部,2015,8,1,32.2,
HKO,香港天文台總部,2015,8,2,32.3,
HKO,香港天文台總部,2015,8,3,33.3,
HKO,香港天文台總部,2015,8,4,33.3,
HKO,香港天文台總部,2015,8,5,33.3,
HKO,香港天文台總部,2015,8,6,33.1,
HKO,香港天文台總部,2015,8,7,33.3,
HKO,香港天文台總部,2015,8,8,36.3,
HKO,香港天文台總部,2015,8,9,34.7,
HKO,香港天文台總部,2015,8,10,30.6,
HKO,香港天文台總部,2015,8,11,32.8,
HKO,香港天文台總部,2015,8,12,33.7,
HKO,香港天文台總部,2015,8,13,29.6,
HKO,香港天文台總部,2015,8,14,28.8,
HKO,香港天文台總部,2015,8,15,28.6,
HKO,香港天文台總部,2015,8,16,31.2,
HKO,香港天文台總部,2015,8,17,32.4,
HKO,香港天文台總部,2015,8,18,33.8,
HKO,香港天文台總部,2015,8,19,32.8,
HKO,香港天文台總部,2015,8,20,31.2,
HKO,香港天文台總部,2015,8,21,33.4,
HKO,香港天文台總部,2015,8,22,32.0,
HKO,香港天文台總部,2015,8,23,32.9,
HKO,香港天文台總部,2015,8,24,33.2,
HKO,香港天文台總部,2015,8,25,34.4,
HKO,香港天文台總部,2015,8,26,31.7,
HKO,香港天文台總部,2015,8,27,32.4,
HKO,香港天文台總部,2015,8,28,31.2,
HKO,香港天文台總部,2015,8,29,29.6,
HKO,香港天文台總部,2015,8,30,27.9,
HKO,香港天文台總部,2015,8,31,29.0,
HKO,香港天文台總部,2015,9,1,28.9,
HKO,香港天文台總部,2015,9,2,27.7,
HKO,香港天文台總部,2015,9,3,29.0,
HKO,香港天文台總部,2015,9,4,32.9,
HKO,香港天文台總部,2015,9,5,31.9,
HKO,香港天文台總部,2015,9,6,32.3,
HKO,香港天文台總部,2015,9,7,29.6,
HKO,香港天文台總部,2015,9,8,30.7,
HKO,香港天文台總部,2015,9,9,31.2,
HKO,香港天文台總部,2015,9,10,31.3,
HKO,香港天文台總部,2015,9,11,31.0,
HKO,香港天文台總部,2015,9,12,30.5,
HKO,香港天文台總部,2015,9,13,31.2,
HKO,香港天文台總部,2015,9,14,31.4,
HKO,香港天文台總部,2015,9,15,31.9,
HKO,香港天文台總部,2015,9,16,31.0,
HKO,香港天文台總部,2015,9,17,30.6,
HKO,香港天文台總部,2015,9,18,31.8,
HKO,香港天文台總部,2015,9,19,30.6,
HKO,香港天文台總部,2015,9,20,31.1,
HKO,香港天文台總部,2015,9,21,28.7,
HKO,香港天文台總部,2015,9,22,31.0,
HKO,香港天文台總部,2015,9,23,32.0,
HKO,香港天文台總部,2015,9,24,32.0,
HKO,香港天文台總部,2015,9,25,32.2,
HKO,香港天文台總部,2015,9,26,32.2,
HKO,香港天文台總部,2015,9,27,30.2,
HKO,香港天文台總部,2015,9,28,32.8,
HKO,香港天文台總部,2015,9,29,31.3,
HKO,香港天文台總部,2015,9,30,32.7,
HKO,香港天文台總部,2016,6,1,32.8,
HKO,香港天文台總部,2016,6,2,33.0,
HKO,香港天文台總部,2016,6,3,32.4,
HKO,香港天文台總部,2016,6,4,33.8,
HKO,香港天文台總部,2016,6,5,30.4,
HKO,香港天文台總部,2016,6,6,29.1,
HKO,香港天文台總部,2016,6,7,30.7,
HKO,香港天文台總部,2016,6,8,30.0,
HKO,香港天文台總部,2016,6,9,31.7,
HKO,香港天文台總部,2016,6,10,31.1,
HKO,香港天文台總部,2016,6,11,27.8,
HKO,香港天文台總部,2016,6,12,29.2,
HKO,香港天文台總部,2016,6,13,31.5,
HKO,香港天文台總部,2016,6,14,31.7,
HKO,香港天文台總部,2016,6,15,32.0,
HKO,香港天文台總部,2016,6,16,31.4,
HKO,香港天文台總部,2016,6,17,32.1,
HKO,香港天文台總部,2016,6,18,30.8,
HKO,香港天文台總部,2016,6,19,34.2,
HKO,香港天文台總部,2016,6,20,34.4,
HKO,香港天文台總部,2016,6,21,33.7,
HKO,香港天文台總部,2016,6,22,33.7,
HKO,香港天文台總部,2016,6,23,34.1,
HKO,香港天文台總部,2016,6,24,35.2,
HKO,香港天文台總部,2016,6,25,35.5,
HKO,香港天文台總部,2016,6,26,35.1,
HKO,香港天文台總部,2016,6,27,35.1,
HKO,香港天文台總部,2016,6,28,32.3,
HKO,香港天文台總部,2016,6,29,33.3,
HKO,香港天文台總部,2016,6,30,33.1,
HKO,香港天文台總部,2016,7,1,33.0,
HKO,香港天文台總部,2016,7,2,32.0,
HKO,香港天文台總部,2016,7,3,31.5,
HKO,香港天文台總部,2016,7,4,33.0,
HKO,香港天文台總部,2016,7,5,32.6,
HKO,香港天文台總部,2016,7,6,28.8,
HKO,香港天文台總部,2016,7,7,34.0,
HKO,香港天文台總部,2016,7,8,34.2,
HKO,香港天文台總部,2016,7,9,35.6,
HKO,香港天文台總部,2016,7,10,31.3,
HKO,香港天文台總部,2016,7,11,31.1,
HKO,香港天文台總部,2016,7,12,29.0,
HKO,香港天文台總部,2016,7,13,31.7,
HKO,香港天文台總部,2016,7,14,30.3,
HKO,香港天文台總部,2016,7,15,33.0,
HKO,香港天文台總部,2016,7,16,33.2,
HKO,香港天文台總部,2016,7,17,33.2,
HKO,香港天文台總部,2016,7,18,32.4,
HKO,香港天文台總部,2016,7,19,32.3,
HKO,香港天文台總部,2016,7,20,31.9,
HKO,香港天文台總部,2016,7,21,33.3,
HKO,香港天文台總部,2016,7,22,32.9,
HKO,香港天文台總部,2016,7,23,32.8,
HKO,香港天文台總部,2016,7,24,34.0,
HKO,香港天文台總部,2016,7,25,35.0,
HKO,香港天文台總部,2016,7,26,32.0,
HKO,香港天文台總部,2016,7,27,33.4,
HKO,香港天文台總部,2016,7,28,32.9,
HKO,香港天文台總部,2016,7,29,33.7,
HKO,香港天文台總部,2016,7,30,33.5,
HKO,香港天文台總部,2016,7,31,33.9,
HKO,香港天文台總部,2016,8,1,31.6,
HKO,香港天文台總部,2016,8,2,29.5,
HKO,香港天文台總部,2016,8,3,27.8,
HKO,香港天文台總部,2016,8,4,28.6,
HKO,香港天文台總部,2016,8,5,32.3,
HKO,香港天文台總部,2016,8,6,33.2,
HKO,香港天文台總部,2016,8,7,33.4,
HKO,香港天文台總部,2016,8,8,33.4,
HKO,香港天文台總部,2016,8,9,32.7,
HKO,香港天文台總部,2016,8,10,29.3,
HKO,香港天文台總部,2016,8,11,29.9,
HKO,香港天文台總部,2016,8,12,29.4,
HKO,香港天文台總部,2016,8,13,32.3,
HKO,香港天文台總部,2016,8,14,29.4,
HKO,香港天文台總部,2016,8,15,28.4,
HKO,香港天文台總部,2016,8,16,26.9,
HKO,香港天文台總部,2016,8,17,28.0,
HKO,香港天文台總部,2016,8,18,28.7,
HKO,香港天文台總部,2016,8,19,31.3,
HKO,香港天文台總部,2016,8,20,32.4,
HKO,香港天文台總部,2016,8,21,31.2,
HKO,香港天文台總部,2016,8,22,33.0,
HKO,香港天文台總部,2016,8,23,33.4,
HKO,香港天文台總部,2016,8,24,33.5,
HKO,香港天文台總部,2016,8,25,34.4,
HKO,香港天文台總部,2016,8,26,33.6,
HKO,香港天文台總部,2016,8,27,33.2,
HKO,香港天文台總部,2016,8,28,31.0,
HKO,香港天文台總部,2016,8,29,28.0,
HKO,香港天文台總部,2016,8,30,31.2,
HKO,香港天文台總部,2016,8,31,31.5,
HKO,香港天文台總部,2016,9,1,30.0,
HKO,香港天文台總部,2016,9,2,31.0,
HKO,香港天文台總部,2016,9,3,31.2,
HKO,香港天文台總部,2016,9,4,30.1,
HKO,香港天文台總部,2016,9,5,29.2,
HKO,香港天文台總部,2016,9,6,27.7,
HKO,香港天文台總部,2016,9,7,28.0,
HKO,香港天文台總部,2016,9,8,28.4,
HKO,香港天文台總部,2016,9,9,29.4,
HKO,香港天文台總部,2016,9,10,27.7,
HKO,香港天文台總部,2016,9,11,31.6,
HKO,香港天文台總部,2016,9,12,32.7,
HKO,香港天文台總部,2016,9,13,30.9,
HKO,香港天文台總部,2016,9,14,32.6,
HKO,香港天文台總部,2016,9,15,31.9,
HKO,香港天文台總部,2016,9,16,31.3,
HKO,香港天文台總部,2016,9,17,31.6,
HKO,香港天文台總部,2016,9,18,31.5,
HKO,香港天文台總部,2016,9,19,32.6,
HKO,香港天文台總部,2016,9,20,29.5,
HKO,香港天文台總部,2016,9,21,30.6,
HKO,香港天文台總部,2016,9,22,28.9,
HKO,香港天文台總部,2016,9,23,29.9,
HKO,香港天文台總部,2016,9,24,30.5,
HKO,香港天文台總部,2016,9,25,30.5,
HKO,香港天文台總部,2016,9,26,31.1,
HKO,香港天文台總部,2016,9,27,34.9,
HKO,香港天文台總部,2016,9,28,32.2,
HKO,香港天文台總部,2016,9,29,28.9,
HKO,香港天文台總部,2016,9,30,26.4,
HKO,香港天文台總部,2017,6,1,30.6,
HKO,香港天文台總部,2017,6,2,30.6,
HKO,香港天文台總部,2017,6,3,32.5,
HKO,香港天文台總部,2017,6,4,31.2,
HKO,香港天文台總部,2017,6,5,33.5,
HKO,香港天文台總部,2017,6,6,33.8,
HKO,香港天文台總部,2017,6,7,34.0,
HKO,香港天文台總部,2017,6,8,32.5,
HKO,香港天文台總部,2017,6,9,31.9,
HKO,香港天文台總部,2017,6,10,33.8,
HKO,香港天文台總部,2017,6,11,34.1,
HKO,香港天文台總部,2017,6,12,30.0,
HKO,香港天文台總部,2017,6,13,28.9,
HKO,香港天文台總部,2017,6,14,29.5,
HKO,香港天文台總部,2017,6,15,31.1,
HKO,香港天文台總部,2017,6,16,29.6,
HKO,香港天文台總部,2017,6,17,28.4,
HKO,香港天文台總部,2017,6,18,27.3,
HKO,香港天文台總部,2017,6,19,28.3,
HKO,香港天文台總部,2017,6,20,28.2,
HKO,香港天文台總部,2017,6,21,29.2,
HKO,香港天文台總部,2017,6,22,32.4,
HKO,香港天文台總部,2017,6,23,31.6,
HKO,香港天文台總部,2017,6,24,30.8,
HKO,香港天文台總部,2017,6,25,31.5,
HKO,香港天文台總部,2017,6,26,32.0,
HKO,香港天文台總部,2017,6,27,31.5,
HKO,香港天文台總部,2017,6,28,32.3,
HKO,香港天文台總部,2017,6,29,32.8,
HKO,香港天文台總部,2017,6,30,33.7,
HKO,香港天文台總部,2017,7,1,31.7,
HKO,香港天文台總部,2017,7,2,30.3,
HKO,香港天文台總部,2017,7,3,30.7,
HKO,香港天文台總部,2017,7,4,28.6,
HKO,香港天文台總部,2017,7,5,31.0,
HKO,香港天文台總部,2017,7,6,28.7,
HKO,香港天文台總部,2017,7,7,29.8,
HKO,香港天文台總部,2017,7,8,28.9,
HKO,香港天文台總部,2017,7,9,32.3,
HKO,香港天文台總部,2017,7,10,32.1,
HKO,香港天文台總部,2017,7,11,32.7,
HKO,香港天文台總部,2017,7,12,32.9,
HKO,香港天文台總部,2017,7,13,33.5,
HKO,香港天文台總部,2017,7,14,32.8,
HKO,香港天文台總部,2017,7,15,32.1,
HKO,香港天文台總部,2017,7,16,28.5,
HKO,香港天文台總部,2017,7,17,28.8,
HKO,香港天文台總部,2017,7,18,27.8,
HKO,香港天文台總部,2017,7,19,30.8,
HKO,香港天文台總部,2017,7,20,30.8,
HKO,香港天文台總部,2017,7,21,32.2,
HKO,香港天文台總部,2017,7,22,33.1,
HKO,香港天文台總部,2017,7,23,28.8,
HKO,香港天文台總部,2017,7,24,31.2,
HKO,香港天文台總部,2017,7,25,33.1,
HKO,香港天文台總部,2017,7,26,34.4,
HKO,香港天文台總部,2017,7,27,30.6,
HKO,香港天文台總部,2017,7,28,34.4,
HKO,香港天文台總部,2017,7,29,33.8,
HKO,香港天文台總部,2017,7,30,34.8,
HKO,香港天文台總部,2017,7,31,32.4,
HKO,香港天文台總部,2017,8,1,33.2,
HKO,香港天文台總部,2017,8,2,31.0,
HKO,香港天文台總部,2017,8,3,29.8,
HKO,香港天文台總部,2017,8,4,29.3,
HKO,香港天文台總部,2017,8,5,34.0,
HKO,香港天文台總部,2017,8,6,32.9,
HKO,香港天文台總部,2017,8,7,33.0,
HKO,香港天文台總部,2017,8,8,32.8,
HKO,香港天文台總部,2017,8,9,31.0,
HKO,香港天文台總部,2017,8,10,31.4,
HKO,香港天文台總部,2017,8,11,31.6,
HKO,香港天文台總部,2017,8,12,32.5,
HKO,香港天文台總部,2017,8,13,32.4,
HKO,香港天文台總部,2017,8,14,32.5,
HKO,香港天文台總部,2017,8,15,32.9,
HKO,香港天文台總部,2017,8,16,31.2,
HKO,香港天文台總部,2017,8,17,33.0,
HKO,香港天文台總部,2017,8,18,34.3,
HKO,香港天文台總部,2017,8,19,34.0,
HKO,香港天文台總部,2017,8,20,33.4,
HKO,香港天文台總部,2017,8,21,34.5,
HKO,香港天文台總部,2017,8,22,36.6,
HKO,香港天文台總部,2017,8,23,29.5,
HKO,香港天文台總部,2017,8,24,31.5,
HKO,香港天文台總部,2017,8,25,32.7,
HKO,香港天文台總部,2017,8,26,34.3,
HKO,香港天文台總部,2017,8,27,26.9,
HKO,香港天文台總部,2017,8,28,26.3,
HKO,香港天文台總部,2017,8,29,31.4,
HKO,香港天文台總部,2017,8,30,31.6,
HKO,香港天文台總部,2017,8,31,32.8,
HKO,香港天文台總部,2017,9,1,31.7,
HKO,香港天文台總部,2017,9,2,30.4,
HKO,香港天文台總部,2017,9,3,29.9,
HKO,香港天文台總部,2017,9,4,27.6,
HKO,香港天文台總部,2017,9,5,30.7,
HKO,香港天文台總部,2017,9,6,32.3,
HKO,香港天文台總部,2017,9,7,30.7,
HKO,香港天文台總部,2017,9,8,30.9,
HKO,香港天文台總部,2017,9,9,32.0,
HKO,香港天文台總部,2017,9,10,32.2,
HKO,香港天文台總部,2017,9,11,32.4,
HKO,香港天文台總部,2017,9,12,32.8,
HKO,香港天文台總部,2017,9,13,34.0,
HKO,香港天文台總部,2017,9,14,31.5,
HKO,香港天文台總部,2017,9,15,33.2,
HKO,香港天文台總部,2017,9,16,32.6,
HKO,香港天文台總部,2017,9,17,32.6,
HKO,香港天文台總部,2017,9,18,32.9,
HKO,香港天文台總部,2017,9,19,32.2,
HKO,香港天文台總部,2017,9,20,32.0,
HKO,香港天文台總部,2017,9,21,32.0,
HKO,香港天文台總部,2017,9,22,32.0,
HKO,香港天文台總部,2017,9,23,31.4,
HKO,香港天文台總部,2017,9,24,30.5,
HKO,香港天文台總部,2017,9,25,31.9,
HKO,香港天文台總部,2017,9,26,32.9,
HKO,香港天文台總部,2017,9,27,33.0,
HKO,香港天文台總部,2017,9,28,34.1,
HKO,香港天文台總部,2017,9,29,33.1,
HKO,香港天文台總部,2017,9,30,30.3,
HKO,香港天文台總部,2018,6,1,35.1,
HKO,香港天文台總部,2018,6,2,32.8,
HKO,香港天文台總部,2018,6,3,32.6,
HKO,香港天文台總部,2018,6,4,31.2,
HKO,香港天文台總部,2018,6,5,29.5,
HKO,香港天文台總部,2018,6,6,28.4,
HKO,香港天文台總部,2018,6,7,28.6,
HKO,香港天文台總部,2018,6,8,30.2,
HKO,香港天文台總部,2018,6,9,30.4,
HKO,香港天文台總部,2018,6,10,33.4,
HKO,香港天文台總部,2018,6,11,34.3,
HKO,香港天文台總部,2018,6,12,30.1,
HKO,香港天文台總部,2018,6,13,28.5,
HKO,香港天文台總部,2018,6,14,28.6,
HKO,香港天文台總部,2018,6,15,29.1,
HKO,香港天文台總部,2018,6,16,31.5,
HKO,香港天文台總部,2018,6,17,30.8,
HKO,香港天文台總部,2018,6,18,31.9,
HKO,香港天文台總部,2018,6,19,31.5,
HKO,香港天文台總部,2018,6,20,32.4,
HKO,香港天文台總部,2018,6,21,31.6,
HKO,香港天文台總部,2018,6,22,30.4,
HKO,香港天文台總部,2018,6,23,29.7,
HKO,香港天文台總部,2018,6,24,32.5,
HKO,香港天文台總部,2018,6,25,31.3,
HKO,香港天文台總部,2018,6,26,33.4,
HKO,香港天文台總部,2018,6,27,31.9,
HKO,香港天文台總部,2018,6,28,32.6,
HKO,香港天文台總部,2018,6,29,32.5,
HKO,香港天文台總部,2018,6,30,32.8,
HKO,香港天文台總部,2018,7,1,32.9,
HKO,香港天文台總部,2018,7,2,30.6,
HKO,香港天文台總部,2018,7,3,30.5,
HKO,香港天文台總部,2018,7,4,32.6,
HKO,香港天文台總部,2018,7,5,31.6,
HKO,香港天文台總部,2018,7,6,32.1,
HKO,香港天文台總部,2018,7,7,30.0,
HKO,香港天文台總部,2018,7,8,30.6,
HKO,香港天文台總部,2018,7,9,31.8,
HKO,香港天文台總部,2018,7,10,32.6,
HKO,香港天文台總部,2018,7,11,32.8,
HKO,香港天文台總部,2018,7,12,33.4,
HKO,香港天文台總部,2018,7,13,28.7,
HKO,香港天文台總部,2018,7,14,29.5,
HKO,香港天文台總部,2018,7,15,28.3,
HKO,香港天文台總部,2018,7,16,31.4,
HKO,香港天文台總部,2018,7,17,34.3,
HKO,香港天文台總部,2018,7,18,29.5,
HKO,香港天文台總部,2018,7,19,29.7,
HKO,香港天文台總部,2018,7,20,31.6,
HKO,香港天文台總部,2018,7,21,33.1,
HKO,香港天文台總部,2018,7,22,32.4,
HKO,香港天文台總部,2018,7,23,31.2,
HKO,香港天文台總部,2018,7,24,32.0,
HKO,香港天文台總部,2018,7,25,31.7,
HKO,香港天文台總部,2018,7,26,32.3,
HKO,香港天文台總部,2018,7,27,33.0,
HKO,香港天文台總部,2018,7,28,33.7,
HKO,香港天文台總部,2018,7,29,34.3,
HKO,香港天文台總部,2018,7,30,33.7,
HKO,香港天文台總部,2018,7,31,33.2,
HKO,香港天文台總部,2018,8,1,32.4,
HKO,香港天文台總部,2018,8,2,32.9,
HKO,香港天文台總部,2018,8,3,31.8,
HKO,香港天文台總部,2018,8,4,32.5,
HKO,香港天文台總部,2018,8,5,33.1,
HKO,香港天文台總部,2018,8,6,33.8,
HKO,香港天文台總部,2018,8,7,34.2,
HKO,香港天文台總部,2018,8,8,33.9,
HKO,香港天文台總部,2018,8,9,33.6,
HKO,香港天文台總部,2018,8,10,29.5,
HKO,香港天文台總部,2018,8,11,28.2,
HKO,香港天文台總部,2018,8,12,28.1,
HKO,香港天文台總部,2018,8,13,32.6,
HKO,香港天文台總部,2018,8,14,29.9,
HKO,香港天文台總部,2018,8,15,30.9,
HKO,香港天文台總部,2018,8,16,29.0,
HKO,香港天文台總部,2018,8,17,28.3,
HKO,香港天文台總部,2018,8,18,30.9,
HKO,香港天文台總部,2018,8,19,30.4,
HKO,香港天文台總部,2018,8,20,30.5,
HKO,香港天文台總部,2018,8,21,30.2,
HKO,香港天文台總部,2018,8,22,31.8,
HKO,香港天文台總部,2018,8,23,30.9,
HKO,香港天文台總部,2018,8,24,31.9,
HKO,香港天文台總部,2018,8,25,32.9,
HKO,香港天文台總部,2018,8,26,31.4,
HKO,香港天文台總部,2018,8,27,29.9,
HKO,香港天文台總部,2018,8,28,29.2,
HKO,香港天文台總部,2018,8,29,29.3,
HKO,香港天文台總部,2018,8,30,28.9,
HKO,香港天文台總部,2018,8,31,29.0,
HKO,香港天文台總部,2018,9,1,27.9,
HKO,香港天文台總部,2018,9,2,29.9,
HKO,香港天文台總部,2018,9,3,30.5,
HKO,香港天文台總部,2018,9,4,32.0,
HKO,香港天文台總部,2018,9,5,33.1,
HKO,香港天文台總部,2018,9,6,31.8,
HKO,香港天文台總部,2018,9,7,31.2,
HKO,香港天文台總部,2018,9,8,29.6,
HKO,香港天文台總部,2018,9,9,30.5,
HKO,香港天文台總部,2018,9,10,28.3,
HKO,香港天文台總部,2018,9,11,32.7,
HKO,香港天文台總部,2018,9,12,28.7,
HKO,香港天文台總部,2018,9,13,30.3,
HKO,香港天文台總部,2018,9,14,31.7,
HKO,香港天文台總部,2018,9,15,35.1,
HKO,香港天文台總部,2018,9,16,31.8,
HKO,香港天文台總部,2018,9,17,30.4,
HKO,香港天文台總部,2018,9,18,31.8,
HKO,香港天文台總部,2018,9,19,31.4,
HKO,香港天文台總部,2018,9,20,31.9,
HKO,香港天文台總部,2018,9,21,31.9,
HKO,香港天文台總部,2018,9,22,33.2,
HKO,香港天文台總部,2018,9,23,32.4,
HKO,香港天文台總部,2018,9,24,29.6,
HKO,香港天文台總部,2018,9,25,30.2,
HKO,香港天文台總部,2018,9,26,28.6,
HKO,香港天文台總部,2018,9,27,30.2,
HKO,香港天文台總部,2018,9,28,31.3,
HKO,香港天文台總部,2018,9,29,31.3,
HKO,香港天文台總部,2018,9,30,30.6,
HKO,香港天文台總部,2019,6,1,30.6,
HKO,香港天文台總部,2019,6,2,31.2,
HKO,香港天文台總部,2019,6,3,30.2,
HKO,香港天文台總部,2019,6,4,31.1,
HKO,香港天文台總部,2019,6,5,32.6,
HKO,香港天文台總部,2019,6,6,33.0,
HKO,香港天文台總部,2019,6,7,33.2,
HKO,香港天文台總部,2019,6,8,32.4,
HKO,香港天文台總部,2019,6,9,32.3,
HKO,香港天文台總部,2019,6,10,31.7,
HKO,香港天文台總部,2019,6,11,29.4,
HKO,香港天文台總部,2019,6,12,29.6,
HKO,香港天文台總部,2019,6,13,30.7,
HKO,香港天文台總部,2019,6,14,31.6,
HKO,香港天文台總部,2019,6,15,31.4,
HKO,香港天文台總部,2019,6,16,30.1,
HKO,香港天文台總部,2019,6,17,28.7,
HKO,香港天文台總部,2019,6,18,30.0,
HKO,香港天文台總部,2019,6,19,31.7,
HKO,香港天文台總部,2019,6,20,32.5,
HKO,香港天文台總部,2019,6,21,32.8,
HKO,香港天文台總部,2019,6,22,33.0,
HKO,香港天文台總部,2019,6,23,32.2,
HKO,香港天文台總部,2019,6,24,30.6,
HKO,香港天文台總部,2019,6,25,29.7,
HKO,香港天文台總部,2019,6,26,31.4,
HKO,香港天文台總部,2019,6,27,32.5,
HKO,香港天文台總部,2019,6,28,32.7,
HKO,香港天文台總部,2019,6,29,33.3,
HKO,香港天文台總部,2019,6,30,33.0,
HKO,香港天文台總部,2019,7,1,33.2,
HKO,香港天文台總部,2019,7,2,31.1,
HKO,香港天文台總部,2019,7,3,28.7,
HKO,香港天文台總部,2019,7,4,32.3,
HKO,香港天文台總部,2019,7,5,32.0,
HKO,香港天文台總部,2019,7,6,31.6,
HKO,香港天文台總部,2019,7,7,31.4,
HKO,香港天文台總部,2019,7,8,32.3,
HKO,香港天文台總部,2019,7,9,31.7,
HKO,香港天文台總部,2019,7,10,30.2,
HKO,香港天文台總部,2019,7,11,30.9,
HKO,香港天文台總部,2019,7,12,32.3,
HKO,香港天文台總部,2019,7,13,32.2,
HKO,香港天文台總部,2019,7,14,32.3,
HKO,香港天文台總部,2019,7,15,33.7,
HKO,香港天文台總部,2019,7,16,33.4,
HKO,香港天文台總部,2019,7,17,33.1,
HKO,香港天文台總部,2019,7,18,35.0,
HKO,香港天文台總部,2019,7,19,32.8,
HKO,香港天文台總部,2019,7,20,31.9,
HKO,香港天文台總部,2019,7,21,31.5,
HKO,香港天文台總部,2019,7,22,31.5,
HKO,香港天文台總部,2019,7,23,32.7,
HKO,香港天文台總部,2019,7,24,33.1,
HKO,香港天文台總部,2019,7,25,32.6,
HKO,香港天文台總部,2019,7,26,33.5,
HKO,香港天文台總部,2019,7,27,33.3,
HKO,香港天文台總部,2019,7,28,32.3,
HKO,香港天文台總部,2019,7,29,31.4,
HKO,香港天文台總部,2019,7,30,31.5,
HKO,香港天文台總部,2019,7,31,28.1,
HKO,香港天文台總部,2019,8,1,27.6,
HKO,香港天文台總部,2019,8,2,28.5,
HKO,香港天文台總部,2019,8,3,27.5,
HKO,香港天文台總部,2019,8,4,30.2,
HKO,香港天文台總部,2019,8,5,34.5,
HKO,香港天文台總部,2019,8,6,32.2,
HKO,香港天文台總部,2019,8,7,33.6,
HKO,香港天文台總部,2019,8,8,33.5,
HKO,香港天文台總部,2019,8,9,35.1,
HKO,香港天文台總部,2019,8,10,33.2,
HKO,香港天文台總部,2019,8,11,32.7,
HKO,香港天文台總部,2019,8,12,34.0,
HKO,香港天文台總部,2019,8,13,33.3,
HKO,香港天文台總部,2019,8,14,33.4,
HKO,香港天文台總部,2019,8,15,32.4,
HKO,香港天文台總部,2019,8,16,32.0,
HKO,香港天文台總部,2019,8,17,30.1,
HKO,香港天文台總部,2019,8,18,31.6,
HKO,香港天文台總部,2019,8,19,31.8,
HKO,香港天文台總部,2019,8,20,31.7,
HKO,香港天文台總部,2019,8,21,32.8,
HKO,香港天文台總部,2019,8,22,33.0,
HKO,香港天文台總部,2019,8,23,31.4,
HKO,香港天文台總部,2019,8,24,33.9,
HKO,香港天文台總部,2019,8,25,32.6,
HKO,香港天文台總部,2019,8,26,28.7,
HKO,香港天文台總部,2019,8,27,31.4,
HKO,香港天文台總部,2019,8,28,33.8,
HKO,香港天文台總部,2019,8,29,30.7,
HKO,香港天文台總部,2019,8,30,30.1,
HKO,香港天文台總部,2019,8,31,30.3,
HKO,香港天文台總部,2019,9,1,31.0,
HKO,香港天文台總部,2019,9,2,28.1,
HKO,香港天文台總部,2019,9,3,30.9,
HKO,香港天文台總部,2019,9,4,28.3,
HKO,香港天文台總部,2019,9,5,29.3,
HKO,香港天文台總部,2019,9,6,32.4,
HKO,香港天文台總部,2019,9,7,33.3,
HKO,香港天文台總部,2019,9,8,33.0,
HKO,香港天文台總部,2019,9,9,33.3,
HKO,香港天文台總部,2019,9,10,33.3,
HKO,香港天文台總部,2019,9,11,33.3,
HKO,香港天文台總部,2019,9,12,33.5,
HKO,香港天文台總部,2019,9,13,33.0,
HKO,香港天文台總部,2019,9,14,32.3,
HKO,香港天文台總部,2019,9,15,32.2,
HKO,香港天文台總部,2019,9,16,32.3,
HKO,香港天文台總部,2019,9,17,31.8,
HKO,香港天文台總部,2019,9,18,32.0,
HKO,香港天文台總部,2019,9,19,32.4,
HKO,香港天文台總部,2019,9,20,32.6,
HKO,香港天文台總部,2019,9,21,32.5,
HKO,香港天文台總部,2019,9,22,31.3,
HKO,香港天文台總部,2019,9,23,30.7,
HKO,香港天文台總部,2019,9,24,30.3,
HKO,香港天文台總部,2019,9,25,30.8,
HKO,香港天文台總部,2019,9,26,30.8,
HKO,香港天文台總部,2019,9,27,30.6,
HKO,香港天文台總部,2019,9,28,32.2,
HKO,香港天文台總部,2019,9,29,31.7,
HKO,香港天文台總部,2019,9,30,33.4,
HKO,香港天文台總部,2020,6,1,32.2,
HKO,香港天文台總部,2020,6,2,30.5,
HKO,香港天文台總部,2020,6,3,32.1,
HKO,香港天文台總部,2020,6,4,32.7,
HKO,香港天文台總部,2020,6,5,32.3,
HKO,香港天文台總部,2020,6,6,29.9,
HKO,香港天文台總部,2020,6,7,29.4,
HKO,香港天文台總部,2020,6,8,29.3,
HKO,香港天文台總部,2020,6,9,31.4,
HKO,香港天文台總部,2020,6,10,31.7,
HKO,香港天文台總部,2020,6,11,33.9,
HKO,香港天文台總部,2020,6,12,35.0,
HKO,香港天文台總部,2020,6,13,33.7,
HKO,香港天文台總部,2020,6,14,31.5,
HKO,香港天文台總部,2020,6,15,32.6,
HKO,香港天文台總部,2020,6,16,31.1,
HKO,香港天文台總部,2020,6,17,31.7,
HKO,香港天文台總部,2020,6,18,31.8,
HKO,香港天文台總部,2020,6,19,32.4,
HKO,香港天文台總部,2020,6,20,32.7,
HKO,香港天文台總部,2020,6,21,32.6,
HKO,香港天文台總部,2020,6,22,32.6,
HKO,香港天文台總部,2020,6,23,32.6,
HKO,香港天文台總部,2020,6,24,32.9,
HKO,香港天文台總部,2020,6,25,32.4,
HKO,香港天文台總部,2020,6,26,32.0,
HKO,香港天文台總部,2020,6,27,32.5,
HKO,香港天文台總部,2020,6,28,33.0,
HKO,香港天文台總部,2020,6,29,34.2,
HKO,香港天文台總部,2020,6,30,34.9,
HKO,香港天文台總部,2020,7,1,32.7,
HKO,香港天文台總部,2020,7,2,33.3,
HKO,香港天文台總部,2020,7,3,33.1,
HKO,香港天文台總部,2020,7,4,33.3,
HKO,香港天文台總部,2020,7,5,32.9,
HKO,香港天文台總部,2020,7,6,32.3,
HKO,香港天文台總部,2020,7,7,32.7,
HKO,香港天文台總部,2020,7,8,32.2,
HKO,香港天文台總部,2020,7,9,31.9,
HKO,香港天文台總部,2020,7,10,32.2,
HKO,香港天文台總部,2020,7,11,33.4,
HKO,香港天文台總部,2020,7,12,33.5,
HKO,香港天文台總部,2020,7,13,33.2,
HKO,香港天文台總部,2020,7,14,33.6,
HKO,香港天文台總部,2020,7,15,33.9,
HKO,香港天文台總部,2020,7,16,32.7,
HKO,香港天文台總部,2020,7,17,33.4,
HKO,香港天文台總部,2020,7,18,33.2,
HKO,香港天文台總部,2020,7,19,32.9,
HKO,香港天文台總部,2020,7,20,32.2,
HKO,香港天文台總部,2020,7,21,34.7,
HKO,香港天文台總部,2020,7,22,33.1,
HKO,香港天文台總部,2020,7,23,35.3,
HKO,香港天文台總部,2020,7,24,33.9,
HKO,香港天文台總部,2020,7,25,34.0,
HKO,香港天文台總部,2020,7,26,34.9,
HKO,香港天文台總部,2020,7,27,33.5,
HKO,香港天文台總部,2020,7,28,35.0,
HKO,香港天文台總部,2020,7,29,34.9,
HKO,香港天文台總部,2020,7,30,34.9,
HKO,香港天文台總部,2020,7,31,29.7,
HKO,香港天文台總部,2020,8,1,29.4,
HKO,香港天文台總部,2020,8,2,29.4,
HKO,香港天文台總部,2020,8,3,27.8,
HKO,香港天文台總部,2020,8,4,30.1,
HKO,香港天文台總部,2020,8,5,31.9,
HKO,香港天文台總部,2020,8,6,33.5,
HKO,香港天文台總部,2020,8,7,33.9,
HKO,香港天文台總部,2020,8,8,34.4,
HKO,香港天文台總部,2020,8,9,33.4,
HKO,香港天文台總部,2020,8,10,33.0,
HKO,香港天文台總部,2020,8,11,32.2,
HKO,香港天文台總部,2020,8,12,29.5,
HKO,香港天文台總部,2020,8,13,31.2,
HKO,香港天文台總部,2020,8,14,33.4,
HKO,香港天文台總部,2020,8,15,33.0,
HKO,香港天文台總部,2020,8,16,33.8,
HKO,香港天文台總部,2020,8,17,31.4,
HKO,香港天文台總部,2020,8,18,29.9,
HKO,香港天文台總部,2020,8,19,27.9,
HKO,香港天文台總部,2020,8,20,32.2,
HKO,香港天文台總部,2020,8,21,33.5,
HKO,香港天文台總部,2020,8,22,33.3,
HKO,香港天文台總部,2020,8,23,33.8,
HKO,香港天文台總部,2020,8,24,33.4,
HKO,香港天文台總部,2020,8,25,33.8,
HKO,香港天文台總部,2020,8,26,32.7,
HKO,香港天文台總部,2020,8,27,31.0,
HKO,香港天文台總部,2020,8,28,34.2,
HKO,香港天文台總部,2020,8,29,33.2,
HKO,香港天文台總部,2020,8,30,32.4,
HKO,香港天文台總部,2020,8,31,34.3,
HKO,香港天文台總部,2020,9,1,33.6,
HKO,香港天文台總部,2020,9,2,34.2,
HKO,香港天文台總部,2020,9,3,33.6,
HKO,香港天文台總部,2020,9,4,32.3,
HKO,香港天文台總部,2020,9,5,30.6,
HKO,香港天文台總部,2020,9,6,32.3,
HKO,香港天文台總部,2020,9,7,33.3,
HKO,香港天文台總部,2020,9,8,29.0,
HKO,香港天文台總部,2020,9,9,30.7,
HKO,香港天文台總部,2020,9,10,32.1,
HKO,香港天文台總部,2020,9,11,30.4,
HKO,香港天文台總部,2020,9,12,32.4,
HKO,香港天文台總部,2020,9,13,32.5,
HKO,香港天文台總部,2020,9,14,31.0,
HKO,香港天文台總部,2020,9,15,28.8,
HKO,香港天文台總部,2020,9,16,32.9,
HKO,香港天文台總部,2020,9,17,31.4,
HKO,香港天文台總部,2020,9,18,30.2,
HKO,香港天文台總部,2020,9,19,30.3,
HKO,香港天文台總部,2020,9,20,32.1,
HKO,香港天文台總部,2020,9,21,29.7,
HKO,香港天文台總部,2020,9,22,31.4,
HKO,香港天文台總部,2020,9,23,31.9,
HKO,香港天文台總部,2020,9,24,31.3,
HKO,香港天文台總部,2020,9,25,31.4,
HKO,香港天文台總部,2020,9,26,29.7,
HKO,香港天文台總部,2020,9,27,29.4,
HKO,香港天文台總部,2020,9,28,27.4,
HKO,香港天文台總部,2020,9,29,28.9,
HKO,香港天文台總部,2020,9,30,31.1,
HKO,香港天文台總部,2021,6,1,29.3,
HKO,香港天文台總部,2021,6,2,31.3,
HKO,香港天文台總部,2021,6,3,34.0,
HKO,香港天文台總部,2021,6,4,29.8,
HKO,香港天文台總部,2021,6,5,29.2,
HKO,香港天文台總部,2021,6,6,31.4,
HKO,香港天文台總部,2021,6,7,32.2,
HKO,香港天文台總部,2021,6,8,33.5,
HKO,香港天文台總部,2021,6,9,29.9,
HKO,香港天文台總部,2021,6,10,32.8,
HKO,香港天文台總部,2021,6,11,32.9,
HKO,香港天文台總部,2021,6,12,29.5,
HKO,香港天文台總部,2021,6,13,32.0,
HKO,香港天文台總部,2021,6,14,31.1,
HKO,香港天文台總部,2021,6,15,31.8,
HKO,香港天文台總部,2021,6,16,33.3,
HKO,香港天文台總部,2021,6,17,32.8,
HKO,香港天文台總部,2021,6,18,32.8,
HKO,香港天文台總部,2021,6,19,33.0,
HKO,香港天文台總部,2021,6,20,32.8,
HKO,香港天文台總部,2021,6,21,32.4,
HKO,香港天文台總部,2021,6,22,30.2,
HKO,香港天文台總部,2021,6,23,29.0,
HKO,香港天文台總部,2021,6,24,26.7,
HKO,香港天文台總部,2021,6,25,29.0,
HKO,香港天文台總部,2021,6,26,29.9,
HKO,香港天文台總部,2021,6,27,30.0,
HKO,香港天文台總部,2021,6,28,29.6,
HKO,香港天文台總部,2021,6,29,30.7,
HKO,香港天文台總部,2021,6,30,32.6,
HKO,香港天文台總部,2021,7,1,32.4,
HKO,香港天文台總部,2021,7,2,32.8,
HKO,香港天文台總部,2021,7,3,33.0,
HKO,香港天文台總部,2021,7,4,33.2,
HKO,香港天文台總部,2021,7,5,33.8,
HKO,香港天文台總部,2021,7,6,32.7,
HKO,香港天文台總部,2021,7,7,33.1,
HKO,香港天文台總部,2021,7,8,32.8,
HKO,香港天文台總部,2021,7,9,34.8,
HKO,香港天文台總部,2021,7,10,34.0,
HKO,香港天文台總部,2021,7,11,33.6,
HKO,香港天文台總部,2021,7,12,34.8,
HKO,香港天文台總部,2021,7,13,35.3,
HKO,香港天文台總部,2021,7,14,34.1,
HKO,香港天文台總部,2021,7,15,35.4,
HKO,香港天文台總部,2021,7,16,30.9,
HKO,香港天文台總部,2021,7,17,31.2,
HKO,香港天文台總部,2021,7,18,28.8,
HKO,香港天文台總部,2021,7,19,27.9,
HKO,香港天文台總部,2021,7,20,27.1,
HKO,香港天文台總部,2021,7,21,27.8,
HKO,香港天文台總部,2021,7,22,32.8,
HKO,香港天文台總部,2021,7,23,34.1,
HKO,香港天文台總部,2021,7,24,33.2,
HKO,香港天文台總部,2021,7,25,33.6,
HKO,香港天文台總部,2021,7,26,33.9,
HKO,香港天文台總部,2021,7,27,35.3,
HKO,香港天文台總部,2021,7,28,34.1,
HKO,香港天文台總部,2021,7,29,32.3,
HKO,香港天文台總部,2021,7,30,30.5,
HKO,香港天文台總部,2021,7,31,32.2,
HKO,香港天文台總部,2021,8,1,32.5,
HKO,香港天文台總部,2021,8,2,33.9,
HKO,香港天文台總部,2021,8,3,29.7,
HKO,香港天文台總部,2021,8,4,31.3,
HKO,香港天文台總部,2021,8,5,28.6,
HKO,香港天文台總部,2021,8,6,29.7,
HKO,香港天文台總部,2021,8,7,30.9,
HKO,香港天文台總部,2021,8,8,31.5,
HKO,香港天文台總部,2021,8,9,31.3,
HKO,香港天文台總部,2021,8,10,30.4,
HKO,香港天文台總部,2021,8,11,32.1,
HKO,香港天文台總部,2021,8,12,33.0,
HKO,香港天文台總部,2021,8,13,30.7,
HKO,香港天文台總部,2021,8,14,29.2,
HKO,香港天文台總部,2021,8,15,30.0,
HKO,香港天文台總部,2021,8,16,31.0,
HKO,香港天文台總部,2021,8,17,32.5,
HKO,香港天文台總部,2021,8,18,32.3,
HKO,香港天文台總部,2021,8,19,31.0,
HKO,香港天文台總部,2021,8,20,32.5,
HKO,香港天文台總部,2021,8,21,32.5,
HKO,香港天文台總部,2021,8,22,33.1,
HKO,香港天文台總部,2021,8,23,33.2,
HKO,香港天文台總部,2021,8,24,32.1,
HKO,香港天文台總部,2021,8,25,34.4,
HKO,香港天文台總部,2021,8,26,32.7,
HKO,香港天文台總部,2021,8,27,29.2,
HKO,香港天文台總部,2021,8,28,29.8,
HKO,香港天文台總部,2021,8,29,29.9,
HKO,香港天文台總部,2021,8,30,32.9,
HKO,香港天文台總部,2021,8,31,29.1,
HKO,香港天文台總部,2021,9,1,32.1,
HKO,香港天文台總部,2021,9,2,33.0,
HKO,香港天文台總部,2021,9,3,33.6,
HKO,香港天文台總部,2021,9,4,33.6,
HKO,香港天文台總部,2021,9,5,33.2,
HKO,香港天文台總部,2021,9,6,32.5,
HKO,香港天文台總部,2021,9,7,33.4,
HKO,香港天文台總部,2021,9,8,34.3,
HKO,香港天文台總部,2021,9,9,33.5,
HKO,香港天文台總部,2021,9,10,33.7,
HKO,香港天文台總部,2021,9,11,33.4,
HKO,香港天文台總部,2021,9,12,34.5,
HKO,香港天文台總部,2021,9,13,33.6,
HKO,香港天文台總部,2021,9,14,30.2,
HKO,香港天文台總部,2021,9,15,33.0,
HKO,香港天文台總部,2021,9,16,31.9,
HKO,香港天文台總部,2021,9,17,34.1,
HKO,香港天文台總部,2021,9,18,33.2,
HKO,香港天文台總部,2021,9,19,32.1,
HKO,香港天文台總部,2021,9,20,32.3,
HKO,香港天文台總部,2021,9,21,31.7,
HKO,香港天文台總部,2021,9,22,34.0,
HKO,香港天文台總部,2021,9,23,30.2,
HKO,香港天文台總部,2021,9,24,32.0,
HKO,香港天文台總部,2021,9,25,32.3,
HKO,香港天文台總部,2021,9,26,31.6,
HKO,香港天文台總部,2021,9,27,32.8,
HKO,香港天文台總部,2021,9,28,32.2,
HKO,香港天文台總部,2021,9,29,32.7,
HKO,香港天文台總部,2021,9,30,32.9,
HKO,香港天文台總部,2022,6,1,30.9,
HKO,香港天文台總部,2022,6,2,31.0,
HKO,香港天文台總部,2022,6,3,31.2,
HKO,香港天文台總部,2022,6,4,32.0,
HKO,香港天文台總部,2022,6,5,32.0,
HKO,香港天文台總部,2022,6,6,30.6,
HKO,香港天文台總部,2022,6,7,29.6,
HKO,香港天文台總部,2022,6,8,28.0,
HKO,香港天文台總部,2022,6,9,27.9,
HKO,香港天文台總部,2022,6,10,27.3,
HKO,香港天文台總部,2022,6,11,29.1,
HKO,香港天文台總部,2022,6,12,30.3,
HKO,香港天文台總部,2022,6,13,30.6,
HKO,香港天文台總部,2022,6,14,29.3,
HKO,香港天文台總部,2022,6,15,30.5,
HKO,香港天文台總部,2022,6,16,30.5,
HKO,香港天文台總部,2022,6,17,31.0,
HKO,香港天文台總部,2022,6,18,29.8,
HKO,香港天文台總部,2022,6,19,30.9,
HKO,香港天文台總部,2022,6,20,30.4,
HKO,香港天文台總部,2022,6,21,30.5,
HKO,香港天文台總部,2022,6,22,31.8,
HKO,香港天文台總部,2022,6,23,33.8,
HKO,香港天文台總部,2022,6,24,33.4,
HKO,香港天文台總部,2022,6,25,32.8,
HKO,香港天文台總部,2022,6,26,33.9,
HKO,香港天文台總部,2022,6,27,33.4,
HKO,香港天文台總部,2022,6,28,34.4,
HKO,香港天文台總部,2022,6,29,33.9,
HKO,香港天文台總部,2022,6,30,29.6,
HKO,香港天文台總部,2022,7,1,29.7,
HKO,香港天文台總部,2022,7,2,28.4,
HKO,香港天文台總部,2022,7,3,30.3,
HKO,香港天文台總部,2022,7,4,29.4,
HKO,香港天文台總部,2022,7,5,29.7,
HKO,香港天文台總部,2022,7,6,30.3,
HKO,香港天文台總部,2022,7,7,31.6,
HKO,香港天文台總部,2022,7,8,33.8,
HKO,香港天文台總部,2022,7,9,33.3,
HKO,香港天文台總部,2022,7,10,34.2,
HKO,香港天文台總部,2022,7,11,35.1,
HKO,香港天文台總部,2022,7,12,35.2,
HKO,香港天文台總部,2022,7,13,35.2,
HKO,香港天文台總部,2022,7,14,33.1,
HKO,香港天文台總部,2022,7,15,34.3,
HKO,香港天文台總部,2022,7,16,33.3,
HKO,香港天文台總部,2022,7,17,32.6,
HKO,香港天文台總部,2022,7,18,32.7,
HKO,香港天文台總部,2022,7,19,33.7,
HKO,香港天文台總部,2022,7,20,34.2,
HKO,香港天文台總部,2022,7,21,35.2,
HKO,香港天文台總部,2022,7,22,35.6,
HKO,香港天文台總部,2022,7,23,34.9,
HKO,香港天文台總部,2022,7,24,36.1,
HKO,香港天文台總部,2022,7,25,35.8,
HKO,香港天文台總部,2022,7,26,35.2,
HKO,香港天文台總部,2022,7,27,34.2,
HKO,香港天文台總部,2022,7,28,35.3,
HKO,香港天文台總部,2022,7,29,35.3,
HKO,香港天文台總部,2022,7,30,31.2,
HKO,香港天文台總部,2022,7,31,34.0,
HKO,香港天文台總部,2022,8,1,35.7,
HKO,香港天文台總部,2022,8,2,35.2,
HKO,香港天文台總部,2022,8,3,30.8,
HKO,香港天文台總部,2022,8,4,28.4,
HKO,香港天文台總部,2022,8,5,28.6,
HKO,香港天文台總部,2022,8,6,30.9,
HKO,香港天文台總部,2022,8,7,32.6,
HKO,香港天文台總部,2022,8,8,30.9,
HKO,香港天文台總部,2022,8,9,28.5,
HKO,香港天文台總部,2022,8,10,29.6,
HKO,香港天文台總部,2022,8,11,28.8,
HKO,香港天文台總部,2022,8,12,27.1,
HKO,香港天文台總部,2022,8,13,32.6,
HKO,香港天文台總部,2022,8,14,33.3,
HKO,香港天文台總部,2022,8,15,33.6,
HKO,香港天文台總部,2022,8,16,33.2,
HKO,香港天文台總部,2022,8,17,32.3,
HKO,香港天文台總部,2022,8,18,30.4,
HKO,香港天文台總部,2022,8,19,32.0,
HKO,香港天文台總部,2022,8,20,31.9,
HKO,香港天文台總部,2022,8,21,32.9,
HKO,香港天文台總部,2022,8,22,32.9,
HKO,香港天文台總部,2022,8,23,34.5,
HKO,香港天文台總部,2022,8,24,34.9,
HKO,香港天文台總部,2022,8,25,29.8,
HKO,香港天文台總部,2022,8,26,32.9,
HKO,香港天文台總部,2022,8,27,33.0,
HKO,香港天文台總部,2022,8,28,34.4,
HKO,香港天文台總部,2022,8,29,34.6,
HKO,香港天文台總部,2022,8,30,32.3,
HKO,香港天文台總部,2022,8,31,31.7,
HKO,香港天文台總部,2022,9,1,32.9,
HKO,香港天文台總部,2022,9,2,32.3,
HKO,香港天文台總部,2022,9,3,33.9,
HKO,香港天文台總部,2022,9,4,34.7,
HKO,香港天文台總部,2022,9,5,35.3,
HKO,香港天文台總部,2022,9,6,34.5,
HKO,香港天文台總部,2022,9,7,29.6,
HKO,香港天文台總部,2022,9,8,32.8,
HKO,香港天文台總部,2022,9,9,33.3,
HKO,香港天文台總部,2022,9,10,31.4,
HKO,香港天文台總部,2022,9,11,32.1,
HKO,香港天文台總部,2022,9,12,33.7,
HKO,香港天文台總部,2022,9,13,35.9,
HKO,香港天文台總部,2022,9,14,35.5,
HKO,香港天文台總部,2022,9,15,34.5,
HKO,香港天文台總部,2022,9,16,33.8,
HKO,香港天文台總部,2022,9,17,33.9,
HKO,香港天文台總部,2022,9,18,34.0,
HKO,香港天文台總部,2022,9,19,32.3,
HKO,香港天文台總部,2022,9,20,30.7,
HKO,香港天文台總部,2022,9,21,30.4,
HKO,香港天文台總部,2022,9,22,31.2,
HKO,香港天文台總部,2022,9,23,32.1,
HKO,香港天文台總部,2022,9,24,31.0,
HKO,香港天文台總部,2022,9,25,32.7,
HKO,香港天文台總部,2022,9,26,33.7,
HKO,香港天文台總部,2022,9,27,32.3,
HKO,香港天文台總部,2022,9,28,31.2,
HKO,香港天文台總部,2022,9,29,29.7,
HKO,香港天文台總部,2022,9,30,28.3,
HKO,香港天文台總部,2023,6,1,31.6,
HKO,香港天文台總部,2023,6,2,35.2,
HKO,香港天文台總部,2023,6,3,34.9,
HKO,香港天文台總部,2023,6,4,32.7,
HKO,香港天文台總部,2023,6,5,32.9,
HKO,香港天文台總部,2023,6,6,30.2,
HKO,香港天文台總部,2023,6,7,31.5,
HKO,香港天文台總部,2023,6,8,33.1,
HKO,香港天文台總部,2023,6,9,32.0,
HKO,香港天文台總部,2023,6,10,33.0,
HKO,香港天文台總部,2023,6,11,32.5,
HKO,香港天文台總部,2023,6,12,33.7,
HKO,香港天文台總部,2023,6,13,32.7,
HKO,香港天文台總部,2023,6,14,29.6,
HKO,香港天文台總部,2023,6,15,28.7,
HKO,香港天文台總部,2023,6,16,28.1,
HKO,香港天文台總部,2023,6,17,28.0,
HKO,香港天文台總部,2023,6,18,29.9,
HKO,香港天文台總部,2023,6,19,31.4,
HKO,香港天文台總部,2023,6,20,32.2,
HKO,香港天文台總部,2023,6,21,32.2,
HKO,香港天文台總部,2023,6,22,32.4,
HKO,香港天文台總部,2023,6,23,31.2,
HKO,香港天文台總部,2023,6,24,31.0,
HKO,香港天文台總部,2023,6,25,32.9,
HKO,香港天文台總部,2023,6,26,32.9,
HKO,香港天文台總部,2023,6,27,33.9,
HKO,香港天文台總部,2023,6,28,31.3,
HKO,香港天文台總部,2023,6,29,33.3,
HKO,香港天文台總部,2023,6,30,32.5,
HKO,香港天文台總部,2023,7,1,30.9,
HKO,香港天文台總部,2023,7,2,29.3,
HKO,香港天文台總部,2023,7,3,32.4,
HKO,香港天文台總部,2023,7,4,32.0,
HKO,香港天文台總部,2023,7,5,33.0,
HKO,香港天文台總部,2023,7,6,32.8,
HKO,香港天文台總部,2023,7,7,33.4,
HKO,香港天文台總部,2023,7,8,33.2,
HKO,香港天文台總部,2023,7,9,33.7,
HKO,香港天文台總部,2023,7,10,33.7,
HKO,香港天文台總部,2023,7,11,33.6,
HKO,香港天文台總部,2023,7,12,34.5,
HKO,香港天文台總部,2023,7,13,34.8,
HKO,香港天文台總部,2023,7,14,33.8,
HKO,香港天文台總部,2023,7,15,34.5,
HKO,香港天文台總部,2023,7,16,33.3,
HKO,香港天文台總部,2023,7,17,29.4,
HKO,香港天文台總部,2023,7,18,31.1,
HKO,香港天文台總部,2023,7,19,30.3,
HKO,香港天文台總部,2023,7,20,33.6,
HKO,香港天文台總部,2023,7,21,32.4,
HKO,香港天文台總部,2023,7,22,34.0,
HKO,香港天文台總部,2023,7,23,34.1,
HKO,香港天文台總部,2023,7,24,34.6,
HKO,香港天文台總部,2023,7,25,33.4,
HKO,香港天文台總部,2023,7,26,35.5,
HKO,香港天文台總部,2023,7,27,36.1,
HKO,香港天文台總部,2023,7,28,34.7,
HKO,香港天文台總部,2023,7,29,31.5,
HKO,香港天文台總部,2023,7,30,32.1,
HKO,香港天文台總部,2023,7,31,32.5,
HKO,香港天文台總部,2023,8,1,32.2,
HKO,香港天文台總部,2023,8,2,34.6,
HKO,香港天文台總部,2023,8,3,35.1,
HKO,香港天文台總部,2023,8,4,33.5,
HKO,香港天文台總部,2023,8,5,33.0,
HKO,香港天文台總部,2023,8,6,33.0,
HKO,香港天文台總部,2023,8,7,32.4,
HKO,香港天文台總部,2023,8,8,33.3,
HKO,香港天文台總部,2023,8,9,32.8,
HKO,香港天文台總部,2023,8,10,32.1,
HKO,香港天文台總部,2023,8,11,30.1,
HKO,香港天文台總部,2023,8,12,32.1,
HKO,香港天文台總部,2023,8,13,29.6,
HKO,香港天文台總部,2023,8,14,32.2,
HKO,香港天文台總部,2023,8,15,32.5,
HKO,香港天文台總部,2023,8,16,34.0,
HKO,香港天文台總部,2023,8,17,32.0,
HKO,香港天文台總部,2023,8,18,30.6,
HKO,香港天文台總部,2023,8,19,30.6,
HKO,香港天文台總部,2023,8,20,31.5,
HKO,香港天文台總部,2023,8,21,32.1,
HKO,香港天文台總部,2023,8,22,33.0,
HKO,香港天文台總部,2023,8,23,33.5,
HKO,香港天文台總部,2023,8,24,31.4,
HKO,香港天文台總部,2023,8,25,30.9,
HKO,香港天文台總部,2023,8,26,32.8,
HKO,香港天文台總部,2023,8,27,31.9,
HKO,香港天文台總部,2023,8,28,33.4,
HKO,香港天文台總部,2023,8,29,32.6,
HKO,香港天文台總部,2023,8,30,32.0,
HKO,香港天文台總部,2023,8,31,32.1,
HKO,香港天文台總部,2023,9,1,28.7,
HKO,香港天文台總部,2023,9,2,27.2,
HKO,香港天文台總部,2023,9,3,33.7,
HKO,香港天文台總部,2023,9,4,32.6,
HKO,香港天文台總部,2023,9,5,31.0,
HKO,香港天文台總部,2023,9,6,32.1,
HKO,香港天文台總部,2023,9,7,29.7,
HKO,香港天文台總部,2023,9,8,26.3,
HKO,香港天文台總部,2023,9,9,26.6,
HKO,香港天文台總部,2023,9,10,26.5,
HKO,香港天文台總部,2023,9,11,28.2,
HKO,香港天文台總部,2023,9,12,29.4,
HKO,香港天文台總部,2023,9,13,30.4,
HKO,香港天文台總部,2023,9,14,28.2,
HKO,香港天文台總部,2023,9,15,30.6,
HKO,香港天文台總部,2023,9,16,28.8,
HKO,香港天文台總部,2023,9,17,31.7,
HKO,香港天文台總部,2023,9,18,32.7,
HKO,香港天文台總部,2023,9,19,33.5,
HKO,香港天文台總部,2023,9,20,32.9,
HKO,香港天文台總部,2023,9,21,33.6,
HKO,香港天文台總部,2023,9,22,34.4,
HKO,香港天文台總部,2023,9,23,33.7,
HKO,香港天文台總部,2023,9,24,33.1,
HKO,香港天文台總部,2023,9,25,33.1,
HKO,香港天文台總部,2023,9,26,33.4,
HKO,香港天文台總部,2023,9,27,33.9,
HKO,香港天文台總部,2023,9,28,33.6,
HKO,香港天文台總部,2023,9,29,33.7,
HKO,香港天文台總部,2023,9,30,33.6,
HKO,香港天文台總部,2024,6,1,29.8,
HKO,香港天文台總部,2024,6,2,30.3,
HKO,香港天文台總部,2024,6,3,28.2,
HKO,香港天文台總部,2024,6,4,24.9,
HKO,香港天文台總部,2024,6,5,25.4,
HKO,香港天文台總部,2024,6,6,28.7,
HKO,香港天文台總部,2024,6,7,26.6,
HKO,香港天文台總部,2024,6,8,28.9,
HKO,香港天文台總部,2024,6,9,27.5,
HKO,香港天文台總部,2024,6,10,30.7,
HKO,香港天文台總部,2024,6,11,30.8,
HKO,香港天文台總部,2024,6,12,31.8,
HKO,香港天文台總部,2024,6,13,32.0,
HKO,香港天文台總部,2024,6,14,30.4,
HKO,香港天文台總部,2024,6,15,30.0,
HKO,香港天文台總部,2024,6,16,30.9,
HKO,香港天文台總部,2024,6,17,32.7,
HKO,香港天文台總部,2024,6,18,32.1,
HKO,香港天文台總部,2024,6,19,32.2,
HKO,香港天文台總部,2024,6,20,33.0,
HKO,香港天文台總部,2024,6,21,34.0,
HKO,香港天文台總部,2024,6,22,33.8,
HKO,香港天文台總部,2024,6,23,33.9,
HKO,香港天文台總部,2024,6,24,33.4,
HKO,香港天文台總部,2024,6,25,33.2,
HKO,香港天文台總部,2024,6,26,34.0,
HKO,香港天文台總部,2024,6,27,34.4,
HKO,香港天文台總部,2024,6,28,34.2,
HKO,香港天文台總部,2024,6,29,31.5,
HKO,香港天文台總部,2024,6,30,32.0,
HKO,香港天文台總部,2024,7,1,32.4,
HKO,香港天文台總部,2024,7,2,32.7,
HKO,香港天文台總部,2024,7,3,33.6,
HKO,香港天文台總部,2024,7,4,32.5,
HKO,香港天文台總部,2024,7,5,34.6,
HKO,香港天文台總部,2024,7,6,34.0,
HKO,香港天文台總部,2024,7,7,34.8,
HKO,香港天文台總部,2024,7,8,34.4,
HKO,香港天文台總部,2024,7,9,34.3,
HKO,香港天文台總部,2024,7,10,34.5,
HKO,香港天文台總部,2024,7,11,32.2,
HKO,香港天文台總部,2024,7,12,31.7,
HKO,香港天文台總部,2024,7,13,33.8,
HKO,香港天文台總部,2024,7,14,34.6,
HKO,香港天文台總部,2024,7,15,33.0,
HKO,香港天文台總部,2024,7,16,30.4,
HKO,香港天文台總部,2024,7,17,32.7,
HKO,香港天文台總部,2024,7,18,30.9,
HKO,香港天文台總部,2024,7,19,30.8,
HKO,香港天文台總部,2024,7,20,33.5,
HKO,香港天文台總部,2024,7,21,32.1,
HKO,香港天文台總部,2024,7,22,33.5,
HKO,香港天文台總部,2024,7,23,33.3,
HKO,香港天文台總部,2024,7,24,32.7,
HKO,香港天文台總部,2024,7,25,33.1,
HKO,香港天文台總部,2024,7,26,30.3,
HKO,香港天文台總部,2024,7,27,30.2,
HKO,香港天文台總部,2024,7,28,27.8,
HKO,香港天文台總部,2024,7,29,29.6,
HKO,香港天文台總部,2024,7,30,30.3,
HKO,香港天文台總部,2024,7,31,30.2,
HKO,香港天文台總部,2024,8,1,32.9,
HKO,香港天文台總部,2024,8,2,31.5,
HKO,香港天文台總部,2024,8,3,33.3,
HKO,香港天文台總部,2024,8,4,34.2,
HKO,香港天文台總部,2024,8,5,35.4,
HKO,香港天文台總部,2024,8,6,34.9,
HKO,香港天文台總部,2024,8,7,33.7,
HKO,香港天文台總部,2024,8,8,33.2,
HKO,香港天文台總部,2024,8,9,33.0,
HKO,香港天文台總部,2024,8,10,32.7,
HKO,香港天文台總部,2024,8,11,32.0,
HKO,香港天文台總部,2024,8,12,31.8,
HKO,香港天文台總部,2024,8,13,33.4,
HKO,香港天文台總部,2024,8,14,30.5,
HKO,香港天文台總部,2024,8,15,29.9,
HKO,香港天文台總部,2024,8,16,29.5,
HKO,香港天文台總部,2024,8,17,28.8,
HKO,香港天文台總部,2024,8,18,30.3,
HKO,香港天文台總部,2024,8,19,28.8,
HKO,香港天文台總部,2024,8,20,28.5,
HKO,香港天文台總部,2024,8,21,28.2,
HKO,香港天文台總部,2024,8,22,32.0,
HKO,香港天文台總部,2024,8,23,31.4,
HKO,香港天文台總部,2024,8,24,34.3,
HKO,香港天文台總部,2024,8,25,33.7,
HKO,香港天文台總部,2024,8,26,33.8,
HKO,香港天文台總部,2024,8,27,34.1,
HKO,香港天文台總部,2024,8,28,34.8,
HKO,香港天文台總部,2024,8,29,33.6,
HKO,香港天文台總部,2024,8,30,33.7,
HKO,香港天文台總部,2024,8,31,32.2,
HKO,香港天文台總部,2024,9,1,33.0,
HKO,香港天文台總部,2024,9,2,34.2,
HKO,香港天文台總部,2024,9,3,33.5,
HKO,香港天文台總部,2024,9,4,32.5,
HKO,香港天文台總部,2024,9,5,33.4,
HKO,香港天文台總部,2024,9,6,28.8,
HKO,香港天文台總部,2024,9,7,30.9,
HKO,香港天文台總部,2024,9,8,30.1,
HKO,香港天文台總部,2024,9,9,30.0,
HKO,香港天文台總部,2024,9,10,33.3,
HKO,香港天文台總部,2024,9,11,34.3,
HKO,香港天文台總部,2024,9,12,32.2,
HKO,香港天文台總部,2024,9,13,34.5,
HKO,香港天文台總部,2024,9,14,33.5,
HKO,香港天文台總部,2024,9,15,31.7,
HKO,香港天文台總部,2024,9,16,30.6,
HKO,香港天文台總部,2024,9,17,35.7,
HKO,香港天文台總部,2024,9,18,32.8,
HKO,香港天文台總部,2024,9,19,33.6,
HKO,香港天文台總部,2024,9,20,32.6,
HKO,香港天文台總部,2024,9,21,28.8,
HKO,香港天文台總部,2024,9,22,30.1,
HKO,香港天文台總部,2024,9,23,28.0,
HKO,香港天文台總部,2024,9,24,28.2,
HKO,香港天文台總部,2024,9,25,31.4,
HKO,香港天文台總部,2024,9,26,31.6,
HKO,香港天文台總部,2024,9,27,32.4,
HKO,香港天文台總部,2024,9,28,32.1,
HKO,香港天文台總部,2024,9,29,31.8,
HKO,香港天文台總部,2024,9,30,33.3,
HKO,香港天文台總部,2025,6,1,31.2,
HKO,香港天文台總部,2025,6,2,31.2,
HKO,香港天文台總部,2025,6,3,30.6,
HKO,香港天文台總部,2025,6,4,28.5,
HKO,香港天文台總部,2025,6,5,28.1,
HKO,香港天文台總部,2025,6,6,31.8,
HKO,香港天文台總部,2025,6,7,33.6,
HKO,香港天文台總部,2025,6,8,33.2,
HKO,香港天文台總部,2025,6,9,34.3,
HKO,香港天文台總部,2025,6,10,35.6,
HKO,香港天文台總部,2025,6,11,31.2,
HKO,香港天文台總部,2025,6,12,31.3,
HKO,香港天文台總部,2025,6,13,31.0,
HKO,香港天文台總部,2025,6,14,31.5,
HKO,香港天文台總部,2025,6,15,30.1,
HKO,香港天文台總部,2025,6,16,31.1,
HKO,香港天文台總部,2025,6,17,29.5,
HKO,香港天文台總部,2025,6,18,31.8,
HKO,香港天文台總部,2025,6,19,32.5,
HKO,香港天文台總部,2025,6,20,30.4,
HKO,香港天文台總部,2025,6,21,32.2,
HKO,香港天文台總部,2025,6,22,31.7,
HKO,香港天文台總部,2025,6,23,32.1,
HKO,香港天文台總部,2025,6,24,33.4,
HKO,香港天文台總部,2025,6,25,34.5,
HKO,香港天文台總部,2025,6,26,31.6,
HKO,香港天文台總部,2025,6,27,30.1,
HKO,香港天文台總部,2025,6,28,30.9,
HKO,香港天文台總部,2025,6,29,30.8,
HKO,香港天文台總部,2025,6,30,30.5,
HKO,香港天文台總部,2025,7,1,29.8,
HKO,香港天文台總部,2025,7,2,33.3,
HKO,香港天文台總部,2025,7,3,33.6,
HKO,香港天文台總部,2025,7,4,34.5,
HKO,香港天文台總部,2025,7,5,34.8,
HKO,香港天文台總部,2025,7,6,33.5,
HKO,香港天文台總部,2025,7,7,34.3,
HKO,香港天文台總部,2025,7,8,33.3,
HKO,香港天文台總部,2025,7,9,33.6,
HKO,香港天文台總部,2025,7,10,29.0,
HKO,香港天文台總部,2025,7,11,29.9,
HKO,香港天文台總部,2025,7,12,31.3,
HKO,香港天文台總部,2025,7,13,33.3,
HKO,香港天文台總部,2025,7,14,33.2,
HKO,香港天文台總部,2025,7,15,32.7,
HKO,香港天文台總部,2025,7,16,34.0,
HKO,香港天文台總部,2025,7,17,34.2,
HKO,香港天文台總部,2025,7,18,31.3,
HKO,香港天文台總部,2025,7,19,33.5,
HKO,香港天文台總部,2025,7,20,28.0,
HKO,香港天文台總部,2025,7,21,27.9,
HKO,香港天文台總部,2025,7,22,30.5,
HKO,香港天文台總部,2025,7,23,33.3,
HKO,香港天文台總部,2025,7,24,32.0,
HKO,香港天文台總部,2025,7,25,33.6,
HKO,香港天文台總部,2025,7,26,35.2,
HKO,香港天文台總部,2025,7,27,33.1,
HKO,香港天文台總部,2025,7,28,32.8,
HKO,香港天文台總部,2025,7,29,29.1,
HKO,香港天文台總部,2025,7,30,32.6,
HKO,香港天文台總部,2025,7,31,31.8,
HKO,香港天文台總部,2025,8,1,33.2,
HKO,香港天文台總部,2025,8,2,30.1,
HKO,香港天文台總部,2025,8,3,30.2,
HKO,香港天文台總部,2025,8,4,30.0,
HKO,香港天文台總部,2025,8,5,29.2,
HKO,香港天文台總部,2025,8,6,30.1,
HKO,香港天文台總部,2025,8,7,32.9,
HKO,香港天文台總部,2025,8,8,32.9,
HKO,香港天文台總部,2025,8,9,33.8,
HKO,香港天文台總部,2025,8,10,34.4,
HKO,香港天文台總部,2025,8,11,32.5,
HKO,香港天文台總部,2025,8,12,32.6,
HKO,香港天文台總部,2025,8,13,33.0,
HKO,香港天文台總部,2025,8,14,29.5,
HKO,香港天文台總部,2025,8,15,30.2,
HKO,香港天文台總部,2025,8,16,32.8,
HKO,香港天文台總部,2025,8,17,30.2,
HKO,香港天文台總部,2025,8,18,28.4,
HKO,香港天文台總部,2025,8,19,27.9,
HKO,香港天文台總部,2025,8,20,32.2,
HKO,香港天文台總部,2025,8,21,33.3,
HKO,香港天文台總部,2025,8,22,32.7,
HKO,香港天文台總部,2025,8,23,33.6,
HKO,香港天文台總部,2025,8,24,31.7,
HKO,香港天文台總部,2025,8,25,31.3,
HKO,香港天文台總部,2025,8,26,34.2,
HKO,香港天文台總部,2025,8,27,32.7,
HKO,香港天文台總部,2025,8,28,30.6,
HKO,香港天文台總部,2025,8,29,33.0,
HKO,香港天文台總部,2025,8,30,31.9,
HKO,香港天文台總部,2025,8,31,33.0,
HKO,香港天文台總部,2025,9,1,34.4,
HKO,香港天文台總部,2025,9,2,33.7,
HKO,香港天文台總部,2025,9,3,34.1,
HKO,香港天文台總部,2025,9,4,35.2,
HKO,香港天文台總部,2025,9,5,35.3,
HKO,香港天文台總部,2025,9,6,34.5,
HKO,香港天文台總部,2025,9,7,30.5,
HKO,香港天文台總部,2025,9,8,28.6,
HKO,香港天文台總部,2025,9,9,29.9,
HKO,香港天文台總部,2025,9,10,32.4,
HKO,香港天文台總部,2025,9,11,33.2,
HKO,香港天文台總部,2025,9,12,33.6,
HKO,香港天文台總部,2025,9,13,33.9,
HKO,香港天文台總部,2025,9,14,34.0,
HKO,香港天文台總部,2025,9,15,33.8,
HKO,香港天文台總部,2025,9,16,33.2,
HKO,香港天文台總部,2025,9,17,33.6,
HKO,香港天文台總部,2025,9,18,33.3,
HKO,香港天文台總部,2025,9,19,30.0,
HKO,香港天文台總部,2025,9,20,28.5,
HKO,香港天文台總部,2025,9,21,27.5,
HKO,香港天文台總部,2025,9,22,32.5,
HKO,香港天文台總部,2025,9,23,31.4,
HKO,香港天文台總部,2025,9,24,27.2,
HKO,香港天文台總部,2025,9,25,28.5,
HKO,香港天文台總部,2025,9,26,33.3,
HKO,香港天文台總部,2025,9,27,32.8,
HKO,香港天文台總部,2025,9,28,31.4,
HKO,香港天文台總部,2025,9,29,32.7,
HKO,香港天文台總部,2025,9,30,32.8,
HKO,香港天文台總部,2026,6,1,32.3,
HKO,香港天文台總部,2026,6,2,33.3,
HKO,香港天文台總部,2026,6,3,34.3,
HKO,香港天文台總部,2026,6,4,34.2,
HKO,香港天文台總部,2026,6,5,34.6,
HKO,香港天文台總部,2026,6,6,30.4,
HKO,香港天文台總部,2026,6,7,32.0,
HKO,香港天文台總部,2026,6,8,30.9,
HKO,香港天文台總部,2026,6,9,28.4,
HKO,香港天文台總部,2026,6,10,28.6,
HKO,香港天文台總部,2026,6,11,29.0,
HKO,香港天文台總部,2026,6,12,30.4,
HKO,香港天文台總部,2026,6,13,30.6,
HKO,香港天文台總部,2026,6,14,29.5,
HKO,香港天文台總部,2026,6,15,29.9,
HKO,香港天文台總部,2026,6,16,27.1,
HKO,香港天文台總部,2026,6,17,28.4,
HKO,香港天文台總部,2026,6,18,29.0,
HKO,香港天文台總部,2026,6,19,31.3,
HKO,香港天文台總部,2026,6,20,31.5,
HKO,香港天文台總部,2026,6,21,33.1,
HKO,香港天文台總部,2026,6,22,33.0,
HKO,香港天文台總部,2026,6,23,32.2,
HKO,香港天文台總部,2026,6,24,32.8,
HKO,香港天文台總部,2026,6,25,32.9,
HKO,香港天文台總部,2026,6,26,31.6,
HKO,香港天文台總部,2026,6,27,30.2,
HKO,香港天文台總部,2026,6,28,30.0,
HKO,香港天文台總部,2026,6,29,31.6,
HKO,香港天文台總部,2026,6,30,32.1,
HKO,香港天文台總部,2026,7,1,33.5,
HKO,香港天文台總部,2026,7,2,32.2,
HKO,香港天文台總部,2026,7,3,31.0,
HKO,香港天文台總部,2026,7,4,32.6,
HKO,香港天文台總部,2026,7,5,33.0,
HKO,香港天文台總部,2026,7,6,31.6,
HKO,香港天文台總部,2026,7,7,28.6,
HKO,香港天文台總部,2026,7,8,31.8,
HKO,香港天文台總部,2026,7,9,31.8,
HKO,香港天文台總部,2026,7,10,33.1,
HKO,香港天文台總部,2026,7,11,34.2,
HKO,香港天文台總部,2026,7,12,34.5,
HKO,香港天文台總部,2026,7,13,33.8,
HKO,香港天文台總部,2026,7,14,28.8,
HKO,香港天文台總部,2026,7,15,28.8,
HKO,香港天文台總部,2026,7,16,27.8,
HKO,香港天文台總部,2026,7,17,30.3,
HKO,香港天文台總部,2026,7,18,30.5,
HKO,香港天文台總部,2026,7,19,30.6,
HKO,香港天文台總部,2026,7,20,29.7,
HKO,香港天文台總部,2026,7,21,30.9,
HKO,香港天文台總部,2026,7,22,33.4,
HKO,香港天文台總部,2026,7,23,33.4,
HKO,香港天文台總部,2026,7,24,33.7,
HKO,香港天文台總部,2026,7,25,34.5,
HKO,香港天文台總部,2026,7,26,28.3,
HKO,香港天文台總部,2026,7,27,28.7,
HKO,香港天文台總部,2026,7,28,29.5,
HKO,香港天文台總部,2026,7,29,27.9,
HKO,香港天文台總部,2026,7,30,28.8,
HKO,香港天文台總部,2026,7,31,27.6,
HKO,香港天文台總部,2026,8,1,28.9,
HKO,香港天文台總部,2026,8,2,26.8,
HKO,香港天文台總部,2026,8,3,28.4,
HKO,香港天文台總部,2026,8,4,32.5,
HKO,香港天文台總部,2026,8,5,33.1,
HKO,香港天文台總部,2026,8,6,34.4,
HKO,香港天文台總部,2026,8,7,33.8,
HKO,香港天文台總部,2026,8,8,34.7,
HKO,香港天文台總部,2026,8,9,36.9,
HKO,香港天文台總部,2026,8,10,35.4,
HKO,香港天文台總部,2026,8,11,35.1,
HKO,香港天文台總部,2026,8,12,34.5,
HKO,香港天文台總部,2026,8,13,33.8,
HKO,香港天文台總部,2026,8,14,30.7,
HKO,香港天文台總部,2026,8,15,31.8,
HKO,香港天文台總部,2026,8,16,33.6,
HKO,香港天文台總部,2026,8,17,32.3,
HKO,香港天文台總部,2026,8,18,32.2,
HKO,香港天文台總部,2026,8,19,32.8,
HKO,香港天文台總部,2026,8,20,29.7,
HKO,香港天文台總部,2026,8,21,31.5,
HKO,香港天文台總部,2026,8,22,31.8,
HKO,香港天文台總部,2026,8,23,32.0,
HKO,香港天文台總部,2026,8,24,33.0,
HKO,香港天文台總部,2026,8,25,31.1,
HKO,香港天文台總部,2026,8,26,29.9,
HKO,香港天文台總部,2026,8,27,29.6,
HKO,香港天文台總部,2026,8,28,32.2,
HKO,香港天文台總部,2026,8,29,32.8,
HKO,香港天文台總部,2026,8,30,30.1,
HKO,香港天文台總部,2026,8,31,29.5,
NGP,昂坪,2003,9,1,29.6,
NGP,昂坪,2003,9,2,26.4,
NGP,昂坪,2003,9,3,25.9,
NGP,昂坪,2003,9,4,24.3,
NGP,昂坪,2003,9,5,25.5,
NGP,昂坪,2003,9,6,25.1,
NGP,昂坪,2003,9,7,25.4,
NGP,昂坪,2003,9,8,25.6,
NGP,昂坪,2003,9,9,27.6,
NGP,昂坪,2003,9,10,30.1,
NGP,昂坪,2003,9,11,29.4,
NGP,昂坪,2003,9,12,29.4,
NGP,昂坪,2003,9,13,28.2,
NGP,昂坪,2003,9,14,24.6,
NGP,昂坪,2003,9,15,23.9,
NGP,昂坪,2003,9,16,24.8,
NGP,昂坪,2003,9,17,26.8,
NGP,昂坪,2003,9,18,29.7,
NGP,昂坪,2003,9,19,29.9,
NGP,昂坪,2003,9,20,29.9,
NGP,昂坪,2003,9,21,27.7,
NGP,昂坪,2003,9,22,22.9,
NGP,昂坪,2003,9,23,24.1,
NGP,昂坪,2003,9,24,26.2,
NGP,昂坪,2003,9,25,27.1,
NGP,昂坪,2003,9,26,26.5,
NGP,昂坪,2003,9,27,27.8,
NGP,昂坪,2003,9,28,27.9,
NGP,昂坪,2003,9,29,29.2,
NGP,昂坪,2003,9,30,26.6,
NGP,昂坪,2004,6,1,26.2,
NGP,昂坪,2004,6,2,27.1,
NGP,昂坪,2004,6,3,27.2,
NGP,昂坪,2004,6,4,26.1,
NGP,昂坪,2004,6,5,26.5,
NGP,昂坪,2004,6,6,24.2,
NGP,昂坪,2004,6,7,23.0,
NGP,昂坪,2004,6,8,26.1,
NGP,昂坪,2004,6,9,28.1,
NGP,昂坪,2004,6,10,26.0,
NGP,昂坪,2004,6,11,26.3,
NGP,昂坪,2004,6,12,25.9,
NGP,昂坪,2004,6,13,26.2,
NGP,昂坪,2004,6,14,26.4,
NGP,昂坪,2004,6,15,25.7,
NGP,昂坪,2004,6,16,24.1,
NGP,昂坪,2004,6,17,26.4,
NGP,昂坪,2004,6,18,25.8,
NGP,昂坪,2004,6,19,26.4,
NGP,昂坪,2004,6,20,26.3,
NGP,昂坪,2004,6,21,25.0,
NGP,昂坪,2004,6,22,26.3,
NGP,昂坪,2004,6,23,25.5,
NGP,昂坪,2004,6,24,26.2,
NGP,昂坪,2004,6,25,26.0,
NGP,昂坪,2004,6,26,26.2,
NGP,昂坪,2004,6,27,27.5,
NGP,昂坪,2004,6,28,29.4,
NGP,昂坪,2004,6,29,30.4,
NGP,昂坪,2004,6,30,31.5,
NGP,昂坪,2004,7,1,32.1,
NGP,昂坪,2004,7,2,29.4,
NGP,昂坪,2004,7,3,26.8,
NGP,昂坪,2004,7,4,25.4,
NGP,昂坪,2004,7,5,25.0,
NGP,昂坪,2004,7,6,25.2,
NGP,昂坪,2004,7,7,25.2,
NGP,昂坪,2004,7,8,25.0,
NGP,昂坪,2004,7,9,25.3,
NGP,昂坪,2004,7,10,24.8,
NGP,昂坪,2004,7,11,24.2,
NGP,昂坪,2004,7,12,24.0,
NGP,昂坪,2004,7,13,25.6,
NGP,昂坪,2004,7,14,26.2,
NGP,昂坪,2004,7,15,29.7,
NGP,昂坪,2004,7,16,24.3,
NGP,昂坪,2004,7,17,24.0,
NGP,昂坪,2004,7,18,25.1,
NGP,昂坪,2004,7,19,24.4,
NGP,昂坪,2004,7,20,23.7,
NGP,昂坪,2004,7,21,23.5,
NGP,昂坪,2004,7,22,25.1,
NGP,昂坪,2004,7,23,25.4,
NGP,昂坪,2004,7,24,27.3,
NGP,昂坪,2004,7,25,26.0,
NGP,昂坪,2004,7,26,25.9,
NGP,昂坪,2004,7,27,27.9,
NGP,昂坪,2004,7,28,25.0,
NGP,昂坪,2004,7,29,23.5,
NGP,昂坪,2004,7,30,24.1,
NGP,昂坪,2004,7,31,28.2,
NGP,昂坪,2004,8,1,28.5,
NGP,昂坪,2004,8,2,28.3,
NGP,昂坪,2004,8,3,27.5,
NGP,昂坪,2004,8,4,26.5,
NGP,昂坪,2004,8,5,27.0,
NGP,昂坪,2004,8,6,23.4,
NGP,昂坪,2004,8,7,28.9,
NGP,昂坪,2004,8,8,29.0,
NGP,昂坪,2004,8,9,29.7,
NGP,昂坪,2004,8,10,30.6,
NGP,昂坪,2004,8,11,29.4,
NGP,昂坪,2004,8,12,25.5,
NGP,昂坪,2004,8,13,28.6,
NGP,昂坪,2004,8,14,27.0,
NGP,昂坪,2004,8,15,25.5,
NGP,昂坪,2004,8,16,28.2,
NGP,昂坪,2004,8,17,29.6,
NGP,昂坪,2004,8,18,31.3,
NGP,昂坪,2004,8,19,29.0,
NGP,昂坪,2004,8,20,25.7,
NGP,昂坪,2004,8,21,24.5,
NGP,昂坪,2004,8,22,25.2,
NGP,昂坪,2004,8,23,27.2,
NGP,昂坪,2004,8,24,29.7,
NGP,昂坪,2004,8,25,28.7,
NGP,昂坪,2004,8,26,24.9,
NGP,昂坪,2004,8,27,23.0,
NGP,昂坪,2004,8,28,23.4,
NGP,昂坪,2004,8,29,24.3,
NGP,昂坪,2004,8,30,24.7,
NGP,昂坪,2004,8,31,24.5,
NGP,昂坪,2004,9,1,26.2,
NGP,昂坪,2004,9,2,27.4,
NGP,昂坪,2004,9,3,26.2,
NGP,昂坪,2004,9,4,27.9,
NGP,昂坪,2004,9,5,29.2,
NGP,昂坪,2004,9,6,29.7,
NGP,昂坪,2004,9,7,29.3,
NGP,昂坪,2004,9,8,23.9,
NGP,昂坪,2004,9,9,22.6,
NGP,昂坪,2004,9,10,21.3,
NGP,昂坪,2004,9,11,23.6,
NGP,昂坪,2004,9,12,24.1,
NGP,昂坪,2004,9,13,27.2,
NGP,昂坪,2004,9,14,27.6,
NGP,昂坪,2004,9,15,28.5,
NGP,昂坪,2004,9,16,28.6,
NGP,昂坪,2004,9,17,26.3,
NGP,昂坪,2004,9,18,27.0,
NGP,昂坪,2004,9,19,23.2,
NGP,昂坪,2004,9,20,27.8,
NGP,昂坪,2004,9,21,28.2,
NGP,昂坪,2004,9,22,25.3,
NGP,昂坪,2004,9,23,26.1,
NGP,昂坪,2004,9,24,24.4,
NGP,昂坪,2004,9,25,26.0,
NGP,昂坪,2004,9,26,26.6,
NGP,昂坪,2004,9,27,27.7,
NGP,昂坪,2004,9,28,28.9,
NGP,昂坪,2004,9,29,28.2,
NGP,昂坪,2004,9,30,26.2,
NGP,昂坪,2005,6,1,24.1,
NGP,昂坪,2005,6,2,24.4,
NGP,昂坪,2005,6,3,27.1,
NGP,昂坪,2005,6,4,25.0,
NGP,昂坪,2005,6,5,23.9,
NGP,昂坪,2005,6,6,23.8,
NGP,昂坪,2005,6,7,21.1,
NGP,昂坪,2005,6,8,23.5,
NGP,昂坪,2005,6,9,23.3,
NGP,昂坪,2005,6,10,27.4,
NGP,昂坪,2005,6,11,26.5,
NGP,昂坪,2005,6,12,25.7,
NGP,昂坪,2005,6,13,23.9,
NGP,昂坪,2005,6,14,25.7,
NGP,昂坪,2005,6,15,24.3,
NGP,昂坪,2005,6,16,23.5,
NGP,昂坪,2005,6,17,24.2,
NGP,昂坪,2005,6,18,24.2,
NGP,昂坪,2005,6,19,24.2,
NGP,昂坪,2005,6,20,24.6,
NGP,昂坪,2005,6,21,24.6,
NGP,昂坪,2005,6,22,24.7,
NGP,昂坪,2005,6,23,24.5,
NGP,昂坪,2005,6,24,24.3,
NGP,昂坪,2005,6,25,24.3,
NGP,昂坪,2005,6,26,24.1,
NGP,昂坪,2005,6,27,24.4,
NGP,昂坪,2005,6,28,26.1,
NGP,昂坪,2005,6,29,25.8,
NGP,昂坪,2005,6,30,22.4,
NGP,昂坪,2005,7,1,23.3,
NGP,昂坪,2005,7,2,24.0,
NGP,昂坪,2005,7,3,26.9,
NGP,昂坪,2005,7,4,25.9,
NGP,昂坪,2005,7,5,26.5,
NGP,昂坪,2005,7,6,28.6,
NGP,昂坪,2005,7,7,25.4,
NGP,昂坪,2005,7,8,23.5,
NGP,昂坪,2005,7,9,23.5,
NGP,昂坪,2005,7,10,24.5,
NGP,昂坪,2005,7,11,25.2,
NGP,昂坪,2005,7,12,24.9,
NGP,昂坪,2005,7,13,25.2,
NGP,昂坪,2005,7,14,25.7,
NGP,昂坪,2005,7,15,26.7,
NGP,昂坪,2005,7,16,28.5,
NGP,昂坪,2005,7,17,27.8,
NGP,昂坪,2005,7,18,29.5,
NGP,昂坪,2005,7,19,30.6,
NGP,昂坪,2005,7,20,28.8,
NGP,昂坪,2005,7,26,26.9,
NGP,昂坪,2005,7,27,27.5,
NGP,昂坪,2005,7,28,27.7,
NGP,昂坪,2005,7,29,25.0,
NGP,昂坪,2005,7,30,24.0,
NGP,昂坪,2005,7,31,24.6,
NGP,昂坪,2005,8,1,27.0,
NGP,昂坪,2005,8,2,27.5,
NGP,昂坪,2005,8,3,26.8,
NGP,昂坪,2005,8,4,28.0,
NGP,昂坪,2005,8,5,27.8,
NGP,昂坪,2005,8,6,29.4,
NGP,昂坪,2005,8,7,26.6,
NGP,昂坪,2005,8,8,27.5,
NGP,昂坪,2005,8,9,26.3,
NGP,昂坪,2005,8,10,25.1,
NGP,昂坪,2005,8,11,25.2,
NGP,昂坪,2005,8,12,29.0,
NGP,昂坪,2005,8,13,26.7,
NGP,昂坪,2005,8,15,24.6,
NGP,昂坪,2005,8,16,23.4,
NGP,昂坪,2005,8,17,23.0,
NGP,昂坪,2005,8,18,22.8,
NGP,昂坪,2005,8,19,22.4,
NGP,昂坪,2005,8,20,23.2,
NGP,昂坪,2005,8,21,23.8,
NGP,昂坪,2005,8,22,23.9,
NGP,昂坪,2005,8,23,24.7,
NGP,昂坪,2005,8,24,24.8,
NGP,昂坪,2005,8,25,24.4,
NGP,昂坪,2005,8,26,24.8,
NGP,昂坪,2005,8,27,24.3,
NGP,昂坪,2005,8,28,25.2,
NGP,昂坪,2005,8,29,24.8,
NGP,昂坪,2005,8,30,26.9,
NGP,昂坪,2005,8,31,27.7,
NGP,昂坪,2005,9,1,26.8,
NGP,昂坪,2005,9,2,26.8,
NGP,昂坪,2005,9,3,26.5,
NGP,昂坪,2005,9,4,23.1,
NGP,昂坪,2005,9,5,26.5,
NGP,昂坪,2005,9,6,27.7,
NGP,昂坪,2005,9,7,27.2,
NGP,昂坪,2005,9,8,26.0,
NGP,昂坪,2005,9,9,25.9,
NGP,昂坪,2005,9,10,25.6,
NGP,昂坪,2005,9,11,27.0,
NGP,昂坪,2005,9,12,26.4,
NGP,昂坪,2005,9,13,25.9,
NGP,昂坪,2005,9,14,27.0,
NGP,昂坪,2005,9,15,26.8,
NGP,昂坪,2005,9,16,26.4,
NGP,昂坪,2005,9,17,25.2,
NGP,昂坪,2005,9,18,24.2,
NGP,昂坪,2005,9,19,25.0,
NGP,昂坪,2005,9,20,26.0,
NGP,昂坪,2005,9,21,27.2,
NGP,昂坪,2005,9,22,28.2,
NGP,昂坪,2005,9,23,25.4,
NGP,昂坪,2005,9,24,22.5,
NGP,昂坪,2005,9,25,22.8,
NGP,昂坪,2005,9,26,22.3,
NGP,昂坪,2005,9,27,22.6,
NGP,昂坪,2005,9,28,24.1,
NGP,昂坪,2005,9,29,24.6,
NGP,昂坪,2005,9,30,26.0,
NGP,昂坪,2006,6,1,22.9,
NGP,昂坪,2006,6,2,23.0,
NGP,昂坪,2006,6,3,22.9,
NGP,昂坪,2006,6,4,23.1,
NGP,昂坪,2006,6,5,23.2,
NGP,昂坪,2006,6,6,23.3,
NGP,昂坪,2006,6,7,23.5,
NGP,昂坪,2006,6,8,23.6,
NGP,昂坪,2006,6,9,23.8,
NGP,昂坪,2006,6,10,20.9,
NGP,昂坪,2006,6,11,21.9,
NGP,昂坪,2006,6,12,22.7,
NGP,昂坪,2006,6,13,23.2,
NGP,昂坪,2006,6,14,23.0,
NGP,昂坪,2006,6,15,23.2,
NGP,昂坪,2006,6,16,23.3,
NGP,昂坪,2006,6,17,24.4,
NGP,昂坪,2006,6,18,25.9,
NGP,昂坪,2006,6,19,23.8,
NGP,昂坪,2006,6,20,25.5,
NGP,昂坪,2006,6,21,25.4,
NGP,昂坪,2006,6,22,24.5,
NGP,昂坪,2006,6,23,25.8,
NGP,昂坪,2006,6,24,24.6,
NGP,昂坪,2006,6,25,24.4,
NGP,昂坪,2006,6,26,26.2,
NGP,昂坪,2006,6,27,25.4,
NGP,昂坪,2006,6,28,23.2,
NGP,昂坪,2006,6,29,23.2,
NGP,昂坪,2006,6,30,23.8,
NGP,昂坪,2006,7,1,24.8,
NGP,昂坪,2006,7,2,24.9,
NGP,昂坪,2006,7,3,24.0,
NGP,昂坪,2006,7,4,23.6,
NGP,昂坪,2006,7,5,24.0,
NGP,昂坪,2006,7,6,23.5,
NGP,昂坪,2006,7,7,23.9,
NGP,昂坪,2006,7,8,24.0,
NGP,昂坪,2006,7,9,24.2,
NGP,昂坪,2006,7,10,24.2,
NGP,昂坪,2006,7,11,23.9,
NGP,昂坪,2006,7,12,28.5,
NGP,昂坪,2006,7,13,31.1,
NGP,昂坪,2006,7,14,29.7,
NGP,昂坪,2006,7,15,26.1,
NGP,昂坪,2006,7,16,26.0,
NGP,昂坪,2006,7,17,25.8,
NGP,昂坪,2006,7,18,26.2,
NGP,昂坪,2006,7,19,28.0,
NGP,昂坪,2006,7,20,27.6,
NGP,昂坪,2006,7,21,27.9,
NGP,昂坪,2006,7,22,29.4,
NGP,昂坪,2006,7,23,29.3,
NGP,昂坪,2006,7,24,31.1,
NGP,昂坪,2006,7,25,31.2,
NGP,昂坪,2006,7,26,27.2,
NGP,昂坪,2006,7,27,24.6,
NGP,昂坪,2006,7,28,24.6,
NGP,昂坪,2006,7,29,24.0,
NGP,昂坪,2006,7,30,25.9,
NGP,昂坪,2006,7,31,27.8,
NGP,昂坪,2006,8,1,29.8,
NGP,昂坪,2006,8,2,26.3,
NGP,昂坪,2006,8,3,24.5,
NGP,昂坪,2006,8,4,24.8,
NGP,昂坪,2006,8,5,26.8,
NGP,昂坪,2006,8,6,27.6,
NGP,昂坪,2006,8,7,25.4,
NGP,昂坪,2006,8,8,29.8,
NGP,昂坪,2006,8,9,29.6,
NGP,昂坪,2006,8,10,27.0,
NGP,昂坪,2006,8,11,25.7,
NGP,昂坪,2006,8,12,27.5,
NGP,昂坪,2006,8,13,29.1,
NGP,昂坪,2006,8,14,28.1,
NGP,昂坪,2006,8,15,28.5,
NGP,昂坪,2006,8,16,29.4,
NGP,昂坪,2006,8,17,29.3,
NGP,昂坪,2006,8,18,30.4,
NGP,昂坪,2006,8,19,27.4,
NGP,昂坪,2006,8,20,28.9,
NGP,昂坪,2006,8,21,30.1,
NGP,昂坪,2006,8,22,29.0,
NGP,昂坪,2006,8,23,29.1,
NGP,昂坪,2006,8,24,26.8,
NGP,昂坪,2006,8,25,25.1,
NGP,昂坪,2006,8,26,25.8,
NGP,昂坪,2006,8,27,28.3,
NGP,昂坪,2006,8,28,27.2,
NGP,昂坪,2006,8,29,26.7,
NGP,昂坪,2006,8,30,26.8,
NGP,昂坪,2006,8,31,28.0,
NGP,昂坪,2006,9,1,29.3,
NGP,昂坪,2006,9,2,28.9,
NGP,昂坪,2006,9,3,29.0,
NGP,昂坪,2006,9,4,25.9,
NGP,昂坪,2006,9,5,25.7,
NGP,昂坪,2006,9,6,27.3,
NGP,昂坪,2006,9,7,25.4,
NGP,昂坪,2006,9,8,26.2,
NGP,昂坪,2006,9,9,25.7,
NGP,昂坪,2006,9,10,21.4,
NGP,昂坪,2006,9,11,22.1,
NGP,昂坪,2006,9,12,19.4,
NGP,昂坪,2006,9,13,24.0,
NGP,昂坪,2006,9,14,25.5,
NGP,昂坪,2006,9,15,26.0,
NGP,昂坪,2006,9,16,25.1,
NGP,昂坪,2006,9,17,25.3,
NGP,昂坪,2006,9,18,24.9,
NGP,昂坪,2006,9,19,25.3,
NGP,昂坪,2006,9,20,26.5,
NGP,昂坪,2006,9,21,26.4,
NGP,昂坪,2006,9,22,27.3,
NGP,昂坪,2006,9,23,26.0,
NGP,昂坪,2006,9,24,23.3,
NGP,昂坪,2006,9,25,24.7,
NGP,昂坪,2006,9,26,26.1,
NGP,昂坪,2006,9,27,25.7,
NGP,昂坪,2006,9,28,26.6,
NGP,昂坪,2006,9,29,28.2,
NGP,昂坪,2006,9,30,26.0,
NGP,昂坪,2007,6,1,26.8,
NGP,昂坪,2007,6,2,26.0,
NGP,昂坪,2007,6,3,26.9,
NGP,昂坪,2007,6,4,26.7,
NGP,昂坪,2007,6,5,26.3,
NGP,昂坪,2007,6,6,26.5,
NGP,昂坪,2007,6,7,26.1,
NGP,昂坪,2007,6,8,26.1,
NGP,昂坪,2007,6,9,26.0,
NGP,昂坪,2007,6,10,25.8,
NGP,昂坪,2007,6,11,27.3,
NGP,昂坪,2007,6,12,27.6,
NGP,昂坪,2007,6,13,26.0,
NGP,昂坪,2007,6,14,24.9,
NGP,昂坪,2007,6,15,24.9,
NGP,昂坪,2007,6,16,26.7,
NGP,昂坪,2007,6,17,26.3,
NGP,昂坪,2007,6,18,28.1,
NGP,昂坪,2007,6,19,29.2,
NGP,昂坪,2007,6,20,29.2,
NGP,昂坪,2007,6,21,28.3,
NGP,昂坪,2007,6,22,28.2,
NGP,昂坪,2007,6,23,28.4,
NGP,昂坪,2007,6,24,28.0,
NGP,昂坪,2007,6,25,26.5,
NGP,昂坪,2007,6,26,27.2,
NGP,昂坪,2007,6,27,26.7,
NGP,昂坪,2007,6,28,25.7,
NGP,昂坪,2007,6,29,24.9,
NGP,昂坪,2007,6,30,24.7,
NGP,昂坪,2007,7,1,25.0,
NGP,昂坪,2007,7,2,26.3,
NGP,昂坪,2007,7,3,26.1,
NGP,昂坪,2007,7,5,25.6,
NGP,昂坪,2007,7,6,25.7,
NGP,昂坪,2007,7,7,27.0,
NGP,昂坪,2007,7,8,27.2,
NGP,昂坪,2007,7,9,26.8,
NGP,昂坪,2007,7,10,27.3,
NGP,昂坪,2007,7,11,27.2,
NGP,昂坪,2007,7,12,28.2,
NGP,昂坪,2007,7,13,25.1,
NGP,昂坪,2007,7,14,24.2,
NGP,昂坪,2007,7,17,25.4,
NGP,昂坪,2007,7,18,25.6,
NGP,昂坪,2007,7,19,26.0,
NGP,昂坪,2007,7,20,25.4,
NGP,昂坪,2007,7,21,25.8,
NGP,昂坪,2007,7,22,24.9,
NGP,昂坪,2007,7,23,24.0,
NGP,昂坪,2007,7,24,23.2,
NGP,昂坪,2007,7,25,22.9,
NGP,昂坪,2007,7,26,26.4,
NGP,昂坪,2007,7,27,28.8,
NGP,昂坪,2007,7,28,29.1,
NGP,昂坪,2007,7,29,27.8,
NGP,昂坪,2007,7,30,29.1,
NGP,昂坪,2007,7,31,26.8,
NGP,昂坪,2007,8,1,27.1,
NGP,昂坪,2007,8,2,28.0,
NGP,昂坪,2007,8,3,28.6,
NGP,昂坪,2007,8,4,27.3,
NGP,昂坪,2007,8,5,27.0,
NGP,昂坪,2007,8,6,23.9,
NGP,昂坪,2007,8,7,25.7,
NGP,昂坪,2007,8,8,27.5,
NGP,昂坪,2007,8,9,23.4,
NGP,昂坪,2007,8,10,23.1,
NGP,昂坪,2007,8,11,22.7,
NGP,昂坪,2007,8,12,24.2,
NGP,昂坪,2007,8,13,24.6,
NGP,昂坪,2007,8,14,23.6,
NGP,昂坪,2007,8,15,23.8,
NGP,昂坪,2007,8,16,22.2,
NGP,昂坪,2007,8,17,24.4,
NGP,昂坪,2007,8,18,26.7,
NGP,昂坪,2007,8,20,24.6,
NGP,昂坪,2007,8,21,24.3,
NGP,昂坪,2007,8,22,24.4,
NGP,昂坪,2007,8,23,24.2,
NGP,昂坪,2007,8,24,27.1,
NGP,昂坪,2007,8,25,28.4,
NGP,昂坪,2007,8,26,26.8,
NGP,昂坪,2007,8,27,25.6,
NGP,昂坪,2007,8,28,26.3,
NGP,昂坪,2007,8,29,28.2,
NGP,昂坪,2007,8,30,28.5,
NGP,昂坪,2007,8,31,27.4,
NGP,昂坪,2007,9,1,27.3,
NGP,昂坪,2007,9,2,25.0,
NGP,昂坪,2007,9,3,25.4,
NGP,昂坪,2007,9,4,26.0,
NGP,昂坪,2007,9,5,24.5,
NGP,昂坪,2007,9,6,24.1,
NGP,昂坪,2007,9,7,24.6,
NGP,昂坪,2007,9,8,23.8,
NGP,昂坪,2007,9,9,22.8,
NGP,昂坪,2007,9,10,22.7,
NGP,昂坪,2007,9,11,22.9,
NGP,昂坪,2007,9,12,22.8,
NGP,昂坪,2007,9,13,22.5,
NGP,昂坪,2007,9,14,23.2,
NGP,昂坪,2007,9,20,26.3,
NGP,昂坪,2007,9,21,27.5,
NGP,昂坪,2007,9,22,26.6,
NGP,昂坪,2007,9,23,22.2,
NGP,昂坪,2007,9,24,23.0,
NGP,昂坪,2007,9,25,22.9,
NGP,昂坪,2007,9,26,25.1,
NGP,昂坪,2007,9,27,26.5,
NGP,昂坪,2007,9,28,27.0,
NGP,昂坪,2007,9,29,27.7,
NGP,昂坪,2007,9,30,26.8,
NGP,昂坪,2008,6,1,22.8,
NGP,昂坪,2008,6,2,23.2,
NGP,昂坪,2008,6,3,23.6,
NGP,昂坪,2008,6,4,21.8,
NGP,昂坪,2008,6,5,23.3,
NGP,昂坪,2008,6,6,20.9,
NGP,昂坪,2008,6,7,21.7,
NGP,昂坪,2008,6,8,22.9,
NGP,昂坪,2008,6,9,22.9,
NGP,昂坪,2008,6,10,22.8,
NGP,昂坪,2008,6,11,23.6,
NGP,昂坪,2008,6,12,22.9,
NGP,昂坪,2008,6,13,23.2,
NGP,昂坪,2008,6,14,22.9,
NGP,昂坪,2008,6,15,23.7,
NGP,昂坪,2008,6,16,24.1,
NGP,昂坪,2008,6,17,21.8,
NGP,昂坪,2008,6,18,22.6,
NGP,昂坪,2008,6,19,22.9,
NGP,昂坪,2008,6,20,24.0,
NGP,昂坪,2008,6,21,24.8,
NGP,昂坪,2008,6,22,27.0,
NGP,昂坪,2008,6,23,28.4,
NGP,昂坪,2008,6,24,26.1,
NGP,昂坪,2008,6,25,22.6,
NGP,昂坪,2008,6,26,22.9,
NGP,昂坪,2008,6,27,23.8,
NGP,昂坪,2008,6,28,23.5,
NGP,昂坪,2008,6,29,23.6,
NGP,昂坪,2008,6,30,23.5,
NGP,昂坪,2008,7,1,23.7,
NGP,昂坪,2008,7,2,24.0,
NGP,昂坪,2008,7,3,24.3,
NGP,昂坪,2008,7,4,25.1,
NGP,昂坪,2008,7,5,26.0,
NGP,昂坪,2008,7,6,22.9,
NGP,昂坪,2008,7,7,22.3,
NGP,昂坪,2008,7,8,23.0,
NGP,昂坪,2008,7,9,23.1,
NGP,昂坪,2008,7,10,23.1,
NGP,昂坪,2008,7,11,23.0,
NGP,昂坪,2008,7,12,23.4,
NGP,昂坪,2008,7,13,24.5,
NGP,昂坪,2008,7,14,24.1,
NGP,昂坪,2008,7,15,26.8,
NGP,昂坪,2008,7,16,25.9,
NGP,昂坪,2008,7,17,25.5,
NGP,昂坪,2008,7,18,24.5,
NGP,昂坪,2008,7,19,24.0,
NGP,昂坪,2008,7,20,25.5,
NGP,昂坪,2008,7,21,25.0,
NGP,昂坪,2008,7,22,24.0,
NGP,昂坪,2008,7,23,24.2,
NGP,昂坪,2008,7,24,25.2,
NGP,昂坪,2008,7,25,26.0,
NGP,昂坪,2008,7,26,28.0,
NGP,昂坪,2008,7,27,28.3,
NGP,昂坪,2008,7,28,28.0,
NGP,昂坪,2008,7,29,26.6,
NGP,昂坪,2008,7,30,24.2,
NGP,昂坪,2008,7,31,24.0,
NGP,昂坪,2008,8,1,24.4,
NGP,昂坪,2008,8,2,26.9,
NGP,昂坪,2008,8,3,26.8,
NGP,昂坪,2008,8,4,27.5,
NGP,昂坪,2008,8,5,23.1,
NGP,昂坪,2008,8,6,22.0,
NGP,昂坪,2008,8,7,22.5,
NGP,昂坪,2008,8,8,23.0,
NGP,昂坪,2008,8,9,25.1,
NGP,昂坪,2008,8,10,24.7,
NGP,昂坪,2008,8,11,22.8,
NGP,昂坪,2008,8,12,23.5,
NGP,昂坪,2008,8,13,24.7,
NGP,昂坪,2008,8,14,24.2,
NGP,昂坪,2008,8,15,23.8,
NGP,昂坪,2008,8,16,24.3,
NGP,昂坪,2008,8,17,24.7,
NGP,昂坪,2008,8,18,26.1,
NGP,昂坪,2008,8,19,25.6,
NGP,昂坪,2008,8,20,27.0,
NGP,昂坪,2008,8,21,27.8,
NGP,昂坪,2008,8,22,24.7,
NGP,昂坪,2008,8,23,22.3,
NGP,昂坪,2008,8,24,23.9,
NGP,昂坪,2008,8,25,23.8,
NGP,昂坪,2008,8,26,25.1,
NGP,昂坪,2008,8,27,26.0,
NGP,昂坪,2008,8,28,24.6,
NGP,昂坪,2008,8,29,24.5,
NGP,昂坪,2008,8,30,25.0,
NGP,昂坪,2008,8,31,25.2,
NGP,昂坪,2008,9,1,25.7,
NGP,昂坪,2008,9,2,24.7,
NGP,昂坪,2008,9,3,25.2,
NGP,昂坪,2008,9,4,23.7,
NGP,昂坪,2008,9,5,24.1,
NGP,昂坪,2008,9,6,26.1,
NGP,昂坪,2008,9,7,25.6,
NGP,昂坪,2008,9,8,25.9,
NGP,昂坪,2008,9,9,25.8,
NGP,昂坪,2008,9,10,26.3,
NGP,昂坪,2008,9,11,26.4,
NGP,昂坪,2008,9,12,27.3,
NGP,昂坪,2008,9,13,27.1,
NGP,昂坪,2008,9,14,26.5,
NGP,昂坪,2008,9,15,26.5,
NGP,昂坪,2008,9,16,27.6,
NGP,昂坪,2008,9,17,27.6,
NGP,昂坪,2008,9,18,25.9,
NGP,昂坪,2008,9,19,25.5,
NGP,昂坪,2008,9,20,26.8,
NGP,昂坪,2008,9,21,27.2,
NGP,昂坪,2008,9,22,28.4,
NGP,昂坪,2008,9,23,26.9,
NGP,昂坪,2008,9,24,22.9,
NGP,昂坪,2008,9,25,23.3,
NGP,昂坪,2008,9,26,25.8,
NGP,昂坪,2008,9,27,24.6,
NGP,昂坪,2008,9,28,24.0,
NGP,昂坪,2008,9,29,24.0,
NGP,昂坪,2008,9,30,24.9,
NGP,昂坪,2009,6,1,23.7,
NGP,昂坪,2009,6,2,22.4,
NGP,昂坪,2009,6,3,23.7,
NGP,昂坪,2009,6,4,24.4,
NGP,昂坪,2009,6,5,25.7,
NGP,昂坪,2009,6,6,26.5,
NGP,昂坪,2009,6,7,25.1,
NGP,昂坪,2009,6,8,23.9,
NGP,昂坪,2009,6,9,23.3,
NGP,昂坪,2009,6,10,24.4,
NGP,昂坪,2009,6,11,23.8,
NGP,昂坪,2009,6,12,23.4,
NGP,昂坪,2009,6,16,22.7,
NGP,昂坪,2009,6,17,25.7,
NGP,昂坪,2009,6,18,26.8,
NGP,昂坪,2009,6,19,26.3,
NGP,昂坪,2009,6,20,27.1,
NGP,昂坪,2009,6,21,25.8,
NGP,昂坪,2009,6,22,24.6,
NGP,昂坪,2009,6,23,24.4,
NGP,昂坪,2009,6,24,24.6,
NGP,昂坪,2009,6,25,24.9,
NGP,昂坪,2009,6,26,25.2,
NGP,昂坪,2009,6,27,23.4,
NGP,昂坪,2009,6,28,23.7,
NGP,昂坪,2009,6,29,23.7,
NGP,昂坪,2009,6,30,23.7,
NGP,昂坪,2009,7,1,24.4,
NGP,昂坪,2009,7,2,23.9,
NGP,昂坪,2009,7,3,24.2,
NGP,昂坪,2009,7,4,23.7,
NGP,昂坪,2009,7,5,23.6,
NGP,昂坪,2009,7,6,24.5,
NGP,昂坪,2009,7,7,25.5,
NGP,昂坪,2009,7,8,24.8,
NGP,昂坪,2009,7,9,25.6,
NGP,昂坪,2009,7,10,27.4,
NGP,昂坪,2009,7,11,25.2,
NGP,昂坪,2009,7,12,24.4,
NGP,昂坪,2009,7,13,25.6,
NGP,昂坪,2009,7,14,25.3,
NGP,昂坪,2009,7,15,24.9,
NGP,昂坪,2009,7,16,24.6,
NGP,昂坪,2009,7,17,26.6,
NGP,昂坪,2009,7,18,27.9,
NGP,昂坪,2009,7,19,23.8,
NGP,昂坪,2009,7,20,23.8,
NGP,昂坪,2009,7,21,26.1,
NGP,昂坪,2009,7,22,24.9,
NGP,昂坪,2009,7,23,24.1,
NGP,昂坪,2009,7,24,23.9,
NGP,昂坪,2009,7,25,24.2,
NGP,昂坪,2009,7,26,24.5,
NGP,昂坪,2009,7,27,24.2,
NGP,昂坪,2009,7,28,24.5,
NGP,昂坪,2009,7,29,24.6,
NGP,昂坪,2009,7,30,24.2,
NGP,昂坪,2009,7,31,24.3,
NGP,昂坪,2009,8,1,27.1,
NGP,昂坪,2009,8,2,27.5,
NGP,昂坪,2009,8,3,26.7,
NGP,昂坪,2009,8,4,24.1,
NGP,昂坪,2009,8,5,23.8,
NGP,昂坪,2009,8,6,24.6,
NGP,昂坪,2009,8,7,26.4,
NGP,昂坪,2009,8,8,26.3,
NGP,昂坪,2009,8,9,26.5,
NGP,昂坪,2009,8,10,26.9,
NGP,昂坪,2009,8,11,24.3,
NGP,昂坪,2009,8,12,23.6,
NGP,昂坪,2009,8,13,23.5,
NGP,昂坪,2009,8,14,24.1,
NGP,昂坪,2009,8,15,25.1,
NGP,昂坪,2009,8,16,25.7,
NGP,昂坪,2009,8,17,25.0,
NGP,昂坪,2009,8,18,25.6,
NGP,昂坪,2009,8,19,26.0,
NGP,昂坪,2009,8,20,25.4,
NGP,昂坪,2009,8,21,26.4,
NGP,昂坪,2009,8,22,25.9,
NGP,昂坪,2009,8,23,26.9,
NGP,昂坪,2009,8,24,26.2,
NGP,昂坪,2009,8,25,25.0,
NGP,昂坪,2009,8,26,27.0,
NGP,昂坪,2009,8,27,26.6,
NGP,昂坪,2009,8,28,26.3,
NGP,昂坪,2009,8,29,26.7,
NGP,昂坪,2009,8,30,26.7,
NGP,昂坪,2009,8,31,25.3,
NGP,昂坪,2009,9,1,24.5,
NGP,昂坪,2009,9,2,25.1,
NGP,昂坪,2009,9,3,25.3,
NGP,昂坪,2009,9,4,25.8,
NGP,昂坪,2009,9,5,26.4,
NGP,昂坪,2009,9,6,25.3,
NGP,昂坪,2009,9,7,25.7,
NGP,昂坪,2009,9,8,25.5,
NGP,昂坪,2009,9,9,25.0,
NGP,昂坪,2009,9,10,25.0,
NGP,昂坪,2009,9,11,23.1,
NGP,昂坪,2009,9,12,26.4,
NGP,昂坪,2009,9,13,26.0,
NGP,昂坪,2009,9,16,23.9,
NGP,昂坪,2009,9,17,26.6,
NGP,昂坪,2009,9,18,28.8,
NGP,昂坪,2009,9,19,30.5,
NGP,昂坪,2009,9,20,28.3,
NGP,昂坪,2009,9,21,29.2,
NGP,昂坪,2009,9,22,25.2,
NGP,昂坪,2009,9,23,26.7,
NGP,昂坪,2009,9,24,26.2,
NGP,昂坪,2009,9,25,27.4,
NGP,昂坪,2009,9,26,28.7,
NGP,昂坪,2009,9,27,25.7,
NGP,昂坪,2009,9,28,24.2,
NGP,昂坪,2009,9,29,21.7,
NGP,昂坪,2009,9,30,23.2,
NGP,昂坪,2010,6,1,21.5,
NGP,昂坪,2010,6,2,19.5,
NGP,昂坪,2010,6,3,20.4,
NGP,昂坪,2010,6,4,22.6,
NGP,昂坪,2010,6,5,23.0,
NGP,昂坪,2010,6,6,23.0,
NGP,昂坪,2010,6,7,24.4,
NGP,昂坪,2010,6,8,22.5,
NGP,昂坪,2010,6,9,22.8,
NGP,昂坪,2010,6,10,22.9,
NGP,昂坪,2010,6,11,24.5,
NGP,昂坪,2010,6,12,23.9,
NGP,昂坪,2010,6,13,23.4,
NGP,昂坪,2010,6,14,23.7,
NGP,昂坪,2010,6,15,24.0,
NGP,昂坪,2010,6,16,23.9,
NGP,昂坪,2010,6,17,23.9,
NGP,昂坪,2010,6,18,23.5,
NGP,昂坪,2010,6,19,23.8,
NGP,昂坪,2010,6,20,23.5,
NGP,昂坪,2010,6,21,24.7,
NGP,昂坪,2010,6,22,24.4,
NGP,昂坪,2010,6,23,23.4,
NGP,昂坪,2010,6,24,23.9,
NGP,昂坪,2010,6,25,23.8,
NGP,昂坪,2010,6,26,22.1,
NGP,昂坪,2010,6,27,24.1,
NGP,昂坪,2010,6,28,22.9,
NGP,昂坪,2010,6,29,24.4,
NGP,昂坪,2010,6,30,24.9,
NGP,昂坪,2010,7,1,25.9,
NGP,昂坪,2010,7,2,25.3,
NGP,昂坪,2010,7,3,24.8,
NGP,昂坪,2010,7,4,24.0,
NGP,昂坪,2010,7,5,25.9,
NGP,昂坪,2010,7,6,23.5,
NGP,昂坪,2010,7,7,24.2,
NGP,昂坪,2010,7,8,24.7,
NGP,昂坪,2010,7,9,23.9,
NGP,昂坪,2010,7,10,24.9,
NGP,昂坪,2010,7,11,24.3,
NGP,昂坪,2010,7,12,24.5,
NGP,昂坪,2010,7,13,26.6,
NGP,昂坪,2010,7,14,26.3,
NGP,昂坪,2010,7,15,24.8,
NGP,昂坪,2010,7,16,23.4,
NGP,昂坪,2010,7,17,23.5,
NGP,昂坪,2010,7,18,26.4,
NGP,昂坪,2010,7,19,26.5,
NGP,昂坪,2010,7,20,26.6,
NGP,昂坪,2010,7,21,25.0,
NGP,昂坪,2010,7,22,22.5,
NGP,昂坪,2010,7,23,23.6,
NGP,昂坪,2010,7,24,26.7,
NGP,昂坪,2010,7,25,26.4,
NGP,昂坪,2010,7,26,26.3,
NGP,昂坪,2010,7,27,22.9,
NGP,昂坪,2010,7,28,23.4,
NGP,昂坪,2010,7,29,23.7,
NGP,昂坪,2010,7,30,24.4,
NGP,昂坪,2010,7,31,25.0,
NGP,昂坪,2010,8,1,27.3,
NGP,昂坪,2010,8,2,24.8,
NGP,昂坪,2010,8,3,25.2,
NGP,昂坪,2010,8,4,28.5,
NGP,昂坪,2010,8,5,28.1,
NGP,昂坪,2010,8,6,25.1,
NGP,昂坪,2010,8,7,25.8,
NGP,昂坪,2010,8,8,25.5,
NGP,昂坪,2010,8,9,26.1,
NGP,昂坪,2010,8,10,25.3,
NGP,昂坪,2010,8,11,25.9,
NGP,昂坪,2010,8,12,25.9,
NGP,昂坪,2010,8,13,25.6,
NGP,昂坪,2010,8,14,25.9,
NGP,昂坪,2010,8,15,25.2,
NGP,昂坪,2010,8,16,23.1,
NGP,昂坪,2010,8,17,24.1,
NGP,昂坪,2010,8,25,22.9,
NGP,昂坪,2010,8,26,24.9,
NGP,昂坪,2010,8,27,26.3,
NGP,昂坪,2010,8,28,26.6,
NGP,昂坪,2010,8,29,26.7,
NGP,昂坪,2010,8,30,26.0,
NGP,昂坪,2010,8,31,27.2,
NGP,昂坪,2010,9,1,27.3,
NGP,昂坪,2010,9,2,24.9,
NGP,昂坪,2010,9,3,22.1,
NGP,昂坪,2010,9,4,23.8,
NGP,昂坪,2010,9,5,26.4,
NGP,昂坪,2010,9,6,24.7,
NGP,昂坪,2010,9,7,24.6,
NGP,昂坪,2010,9,8,26.7,
NGP,昂坪,2010,9,9,23.8,
NGP,昂坪,2010,9,16,27.3,
NGP,昂坪,2010,9,17,30.4,
NGP,昂坪,2010,9,18,30.6,
NGP,昂坪,2010,9,19,28.4,
NGP,昂坪,2010,9,20,25.8,
NGP,昂坪,2010,9,21,23.0,
NGP,昂坪,2010,9,22,22.8,
NGP,昂坪,2010,9,23,24.1,
NGP,昂坪,2010,9,24,24.6,
NGP,昂坪,2010,9,25,24.9,
NGP,昂坪,2010,9,26,24.6,
NGP,昂坪,2010,9,27,24.4,
NGP,昂坪,2010,9,28,25.4,
NGP,昂坪,2010,9,29,24.1,
NGP,昂坪,2010,9,30,23.2,
NGP,昂坪,2011,6,1,25.3,
NGP,昂坪,2011,6,2,23.5,
NGP,昂坪,2011,6,3,23.0,
NGP,昂坪,2011,6,4,23.2,
NGP,昂坪,2011,6,5,23.5,
NGP,昂坪,2011,6,6,24.1,
NGP,昂坪,2011,6,7,24.4,
NGP,昂坪,2011,6,8,23.7,
NGP,昂坪,2011,6,9,24.3,
NGP,昂坪,2011,6,10,25.5,
NGP,昂坪,2011,6,11,25.3,
NGP,昂坪,2011,6,12,24.1,
NGP,昂坪,2011,6,13,24.5,
NGP,昂坪,2011,6,14,23.9,
NGP,昂坪,2011,6,15,24.0,
NGP,昂坪,2011,6,16,23.9,
NGP,昂坪,2011,6,17,23.8,
NGP,昂坪,2011,6,18,24.2,
NGP,昂坪,2011,6,19,25.1,
NGP,昂坪,2011,6,20,25.5,
NGP,昂坪,2011,6,21,26.4,
NGP,昂坪,2011,6,22,23.2,
NGP,昂坪,2011,6,23,23.2,
NGP,昂坪,2011,6,24,24.2,
NGP,昂坪,2011,6,25,24.8,
NGP,昂坪,2011,6,26,24.0,
NGP,昂坪,2011,6,27,26.5,
NGP,昂坪,2011,6,28,23.9,
NGP,昂坪,2011,6,29,24.0,
NGP,昂坪,2011,6,30,23.9,
NGP,昂坪,2011,7,1,23.6,
NGP,昂坪,2011,7,2,24.0,
NGP,昂坪,2011,7,3,23.5,
NGP,昂坪,2011,7,4,24.0,
NGP,昂坪,2011,7,5,24.7,
NGP,昂坪,2011,7,6,24.2,
NGP,昂坪,2011,7,7,24.4,
NGP,昂坪,2011,7,8,24.9,
NGP,昂坪,2011,7,9,27.0,
NGP,昂坪,2011,7,10,26.3,
NGP,昂坪,2011,7,11,26.2,
NGP,昂坪,2011,7,12,25.3,
NGP,昂坪,2011,7,13,25.2,
NGP,昂坪,2011,7,14,24.2,
NGP,昂坪,2011,7,15,23.9,
NGP,昂坪,2011,7,16,23.5,
NGP,昂坪,2011,7,17,25.1,
NGP,昂坪,2011,7,18,24.7,
NGP,昂坪,2011,7,19,24.7,
NGP,昂坪,2011,7,20,23.7,
NGP,昂坪,2011,7,21,24.9,
NGP,昂坪,2011,7,22,23.7,
NGP,昂坪,2011,7,23,24.5,
NGP,昂坪,2011,7,24,26.8,
NGP,昂坪,2011,7,25,27.2,
NGP,昂坪,2011,7,26,26.7,
NGP,昂坪,2011,7,27,26.6,
NGP,昂坪,2011,7,28,25.7,
NGP,昂坪,2011,7,29,24.2,
NGP,昂坪,2011,7,30,24.1,
NGP,昂坪,2011,7,31,25.2,
NGP,昂坪,2011,8,1,27.2,
NGP,昂坪,2011,8,2,26.9,
NGP,昂坪,2011,8,3,25.1,
NGP,昂坪,2011,8,4,26.6,
NGP,昂坪,2011,8,5,26.0,
NGP,昂坪,2011,8,6,26.8,
NGP,昂坪,2011,8,7,27.0,
NGP,昂坪,2011,8,8,25.0,
NGP,昂坪,2011,8,9,24.8,
NGP,昂坪,2011,8,10,23.4,
NGP,昂坪,2011,8,11,24.1,
NGP,昂坪,2011,8,12,24.5,
NGP,昂坪,2011,8,13,24.5,
NGP,昂坪,2011,8,14,24.8,
NGP,昂坪,2011,8,15,25.7,
NGP,昂坪,2011,8,16,26.1,
NGP,昂坪,2011,8,17,25.6,
NGP,昂坪,2011,8,18,26.8,
NGP,昂坪,2011,8,19,26.2,
NGP,昂坪,2011,8,20,25.9,
NGP,昂坪,2011,8,21,25.5,
NGP,昂坪,2011,8,22,25.3,
NGP,昂坪,2011,8,23,25.5,
NGP,昂坪,2011,8,24,24.9,
NGP,昂坪,2011,8,25,26.4,
NGP,昂坪,2011,8,26,26.0,
NGP,昂坪,2011,8,27,26.9,
NGP,昂坪,2011,8,28,26.8,
NGP,昂坪,2011,8,29,26.8,
NGP,昂坪,2011,8,30,28.3,
NGP,昂坪,2011,8,31,26.1,
NGP,昂坪,2011,9,1,24.3,
NGP,昂坪,2011,9,2,26.0,
NGP,昂坪,2011,9,3,25.6,
NGP,昂坪,2011,9,4,26.1,
NGP,昂坪,2011,9,5,25.5,
NGP,昂坪,2011,9,6,26.9,
NGP,昂坪,2011,9,7,25.4,
NGP,昂坪,2011,9,8,26.4,
NGP,昂坪,2011,9,9,25.7,
NGP,昂坪,2011,9,10,25.9,
NGP,昂坪,2011,9,11,25.2,
NGP,昂坪,2011,9,12,25.0,
NGP,昂坪,2011,9,13,25.7,
NGP,昂坪,2011,9,14,26.1,
NGP,昂坪,2011,9,15,26.1,
NGP,昂坪,2011,9,16,26.0,
NGP,昂坪,2011,9,17,27.1,
NGP,昂坪,2011,9,18,23.9,
NGP,昂坪,2011,9,19,26.1,
NGP,昂坪,2011,9,20,21.7,
NGP,昂坪,2011,9,21,21.9,
NGP,昂坪,2011,9,22,21.7,
NGP,昂坪,2011,9,23,21.9,
NGP,昂坪,2011,9,24,22.0,
NGP,昂坪,2011,9,25,21.2,
NGP,昂坪,2011,9,26,24.8,
NGP,昂坪,2011,9,27,28.9,
NGP,昂坪,2011,9,28,25.8,
NGP,昂坪,2011,9,29,23.8,
NGP,昂坪,2011,9,30,24.5,
NGP,昂坪,2012,6,1,23.2,
NGP,昂坪,2012,6,2,25.7,
NGP,昂坪,2012,6,3,23.9,
NGP,昂坪,2012,6,4,24.8,
NGP,昂坪,2012,6,5,26.0,
NGP,昂坪,2012,6,6,26.3,
NGP,昂坪,2012,6,7,26.0,
NGP,昂坪,2012,6,8,25.1,
NGP,昂坪,2012,6,9,25.0,
NGP,昂坪,2012,6,10,25.3,
NGP,昂坪,2012,6,11,25.3,
NGP,昂坪,2012,6,12,26.5,
NGP,昂坪,2012,6,13,25.5,
NGP,昂坪,2012,6,14,25.6,
NGP,昂坪,2012,6,15,24.9,
NGP,昂坪,2012,6,16,23.5,
NGP,昂坪,2012,6,17,25.0,
NGP,昂坪,2012,6,18,24.0,
NGP,昂坪,2012,6,19,25.6,
NGP,昂坪,2012,6,20,27.0,
NGP,昂坪,2012,6,21,25.4,
NGP,昂坪,2012,6,22,24.1,
NGP,昂坪,2012,6,23,23.9,
NGP,昂坪,2012,6,24,24.0,
NGP,昂坪,2012,6,25,24.0,
NGP,昂坪,2012,6,26,24.1,
NGP,昂坪,2012,6,27,24.4,
NGP,昂坪,2012,6,28,26.5,
NGP,昂坪,2012,6,29,27.5,
NGP,昂坪,2012,6,30,24.4,
NGP,昂坪,2012,7,1,23.9,
NGP,昂坪,2012,7,2,24.8,
NGP,昂坪,2012,7,3,26.0,
NGP,昂坪,2012,7,4,26.2,
NGP,昂坪,2012,7,5,25.1,
NGP,昂坪,2012,7,6,25.1,
NGP,昂坪,2012,7,7,24.9,
NGP,昂坪,2012,7,8,24.5,
NGP,昂坪,2012,7,9,25.1,
NGP,昂坪,2012,7,10,24.8,
NGP,昂坪,2012,7,11,25.4,
NGP,昂坪,2012,7,12,25.2,
NGP,昂坪,2012,7,13,25.1,
NGP,昂坪,2012,7,14,25.5,
NGP,昂坪,2012,7,15,25.5,
NGP,昂坪,2012,7,16,25.2,
NGP,昂坪,2012,7,17,24.7,
NGP,昂坪,2012,7,18,25.7,
NGP,昂坪,2012,7,19,27.4,
NGP,昂坪,2012,7,20,28.0,
NGP,昂坪,2012,7,21,28.0,
NGP,昂坪,2012,7,22,26.3,
NGP,昂坪,2012,7,23,23.2,
NGP,昂坪,2012,7,24,23.9,
NGP,昂坪,2012,7,25,24.1,
NGP,昂坪,2012,7,26,22.9,
NGP,昂坪,2012,7,27,23.1,
NGP,昂坪,2012,7,28,25.3,
NGP,昂坪,2012,7,29,26.2,
NGP,昂坪,2012,7,30,27.4,
NGP,昂坪,2012,7,31,27.2,
NGP,昂坪,2012,8,1,28.8,
NGP,昂坪,2012,8,2,28.7,
NGP,昂坪,2012,8,3,28.8,
NGP,昂坪,2012,8,4,26.5,
NGP,昂坪,2012,8,5,25.3,
NGP,昂坪,2012,8,6,26.0,
NGP,昂坪,2012,8,7,27.4,
NGP,昂坪,2012,8,8,27.3,
NGP,昂坪,2012,8,9,28.0,
NGP,昂坪,2012,8,10,25.8,
NGP,昂坪,2012,8,11,24.5,
NGP,昂坪,2012,8,12,24.5,
NGP,昂坪,2012,8,13,25.0,
NGP,昂坪,2012,8,14,26.5,
NGP,昂坪,2012,8,15,27.7,
NGP,昂坪,2012,8,16,26.3,
NGP,昂坪,2012,8,17,23.9,
NGP,昂坪,2012,8,18,26.0,
NGP,昂坪,2012,8,19,26.5,
NGP,昂坪,2012,8,20,27.2,
NGP,昂坪,2012,8,21,25.4,
NGP,昂坪,2012,8,22,24.8,
NGP,昂坪,2012,8,23,26.9,
NGP,昂坪,2012,8,24,26.4,
NGP,昂坪,2012,8,25,26.5,
NGP,昂坪,2012,8,26,26.4,
NGP,昂坪,2012,8,27,28.2,
NGP,昂坪,2012,8,28,28.4,
NGP,昂坪,2012,8,29,27.2,
NGP,昂坪,2012,8,30,26.5,
NGP,昂坪,2012,8,31,25.7,
NGP,昂坪,2012,9,1,24.7,
NGP,昂坪,2012,9,2,25.2,
NGP,昂坪,2012,9,3,25.7,
NGP,昂坪,2012,9,4,25.8,
NGP,昂坪,2012,9,5,25.2,
NGP,昂坪,2012,9,6,26.3,
NGP,昂坪,2012,9,7,25.3,
NGP,昂坪,2012,9,8,26.6,
NGP,昂坪,2012,9,9,27.4,
NGP,昂坪,2012,9,10,27.8,
NGP,昂坪,2012,9,11,27.2,
NGP,昂坪,2012,9,12,26.7,
NGP,昂坪,2012,9,13,28.3,
NGP,昂坪,2012,9,14,23.1,
NGP,昂坪,2012,9,15,23.5,
NGP,昂坪,2012,9,16,24.1,
NGP,昂坪,2012,9,17,23.4,
NGP,昂坪,2012,9,18,24.9,
NGP,昂坪,2012,9,19,24.4,
NGP,昂坪,2012,9,20,24.5,
NGP,昂坪,2012,9,21,24.6,
NGP,昂坪,2012,9,22,26.5,
NGP,昂坪,2012,9,23,25.5,
NGP,昂坪,2012,9,24,27.3,
NGP,昂坪,2012,9,25,24.4,
NGP,昂坪,2012,9,26,24.9,
NGP,昂坪,2012,9,27,25.5,
NGP,昂坪,2012,9,28,25.1,
NGP,昂坪,2012,9,29,24.6,
NGP,昂坪,2012,9,30,23.2,
NGP,昂坪,2013,6,1,27.5,
NGP,昂坪,2013,6,2,27.1,
NGP,昂坪,2013,6,3,28.2,
NGP,昂坪,2013,6,4,26.9,
NGP,昂坪,2013,6,5,25.9,
NGP,昂坪,2013,6,6,26.1,
NGP,昂坪,2013,6,7,26.9,
NGP,昂坪,2013,6,8,25.8,
NGP,昂坪,2013,6,9,25.7,
NGP,昂坪,2013,6,10,25.7,
NGP,昂坪,2013,6,11,24.2,
NGP,昂坪,2013,6,12,22.6,
NGP,昂坪,2013,6,13,21.4,
NGP,昂坪,2013,6,14,23.0,
NGP,昂坪,2013,6,15,23.6,
NGP,昂坪,2013,6,16,25.7,
NGP,昂坪,2013,6,17,25.4,
NGP,昂坪,2013,6,18,27.5,
NGP,昂坪,2013,6,19,29.2,
NGP,昂坪,2013,6,20,29.5,
NGP,昂坪,2013,6,21,29.1,
NGP,昂坪,2013,6,22,25.1,
NGP,昂坪,2013,6,23,24.6,
NGP,昂坪,2013,6,24,25.1,
NGP,昂坪,2013,6,25,25.6,
NGP,昂坪,2013,6,26,25.2,
NGP,昂坪,2013,6,27,26.6,
NGP,昂坪,2013,6,28,25.1,
NGP,昂坪,2013,6,29,26.1,
NGP,昂坪,2013,6,30,28.7,
NGP,昂坪,2013,7,1,27.1,
NGP,昂坪,2013,7,2,24.7,
NGP,昂坪,2013,7,3,26.0,
NGP,昂坪,2013,7,4,25.9,
NGP,昂坪,2013,7,5,27.7,
NGP,昂坪,2013,7,6,24.5,
NGP,昂坪,2013,7,7,24.9,
NGP,昂坪,2013,7,8,25.1,
NGP,昂坪,2013,7,9,26.5,
NGP,昂坪,2013,7,10,26.3,
NGP,昂坪,2013,7,11,27.7,
NGP,昂坪,2013,7,12,29.5,
NGP,昂坪,2013,7,13,29.2,
NGP,昂坪,2013,7,14,26.2,
NGP,昂坪,2013,7,15,25.5,
NGP,昂坪,2013,7,16,24.6,
NGP,昂坪,2013,7,17,25.2,
NGP,昂坪,2013,7,18,25.7,
NGP,昂坪,2013,7,19,26.4,
NGP,昂坪,2013,7,20,24.5,
NGP,昂坪,2013,7,21,25.6,
NGP,昂坪,2013,7,22,26.5,
NGP,昂坪,2013,7,23,26.6,
NGP,昂坪,2013,7,24,23.7,
NGP,昂坪,2013,7,25,23.5,
NGP,昂坪,2013,7,26,23.8,
NGP,昂坪,2013,7,27,24.2,
NGP,昂坪,2013,7,28,24.7,
NGP,昂坪,2013,7,29,27.5,
NGP,昂坪,2013,7,30,29.0,
NGP,昂坪,2013,7,31,28.0,
NGP,昂坪,2013,8,1,26.2,
NGP,昂坪,2013,8,2,24.8,
NGP,昂坪,2013,8,3,24.4,
NGP,昂坪,2013,8,4,27.4,
NGP,昂坪,2013,8,5,28.0,
NGP,昂坪,2013,8,6,28.3,
NGP,昂坪,2013,8,7,26.1,
NGP,昂坪,2013,8,8,27.4,
NGP,昂坪,2013,8,9,29.5,
NGP,昂坪,2013,8,10,28.1,
NGP,昂坪,2013,8,11,29.0,
NGP,昂坪,2013,8,12,29.9,
NGP,昂坪,2013,8,13,25.9,
NGP,昂坪,2013,8,14,23.8,
NGP,昂坪,2013,8,15,24.2,
NGP,昂坪,2013,8,16,24.6,
NGP,昂坪,2013,8,17,24.7,
NGP,昂坪,2013,8,18,24.6,
NGP,昂坪,2013,8,19,26.2,
NGP,昂坪,2013,8,20,28.7,
NGP,昂坪,2013,8,21,28.3,
NGP,昂坪,2013,8,22,27.6,
NGP,昂坪,2013,8,23,25.3,
NGP,昂坪,2013,8,24,24.5,
NGP,昂坪,2013,8,25,25.1,
NGP,昂坪,2013,8,26,28.5,
NGP,昂坪,2013,8,27,28.8,
NGP,昂坪,2013,8,28,29.4,
NGP,昂坪,2013,8,29,29.7,
NGP,昂坪,2013,8,30,25.3,
NGP,昂坪,2013,8,31,26.7,
NGP,昂坪,2013,9,1,26.5,
NGP,昂坪,2013,9,2,26.8,
NGP,昂坪,2013,9,3,23.6,
NGP,昂坪,2013,9,4,23.5,
NGP,昂坪,2013,9,5,23.5,
NGP,昂坪,2013,9,6,26.8,
NGP,昂坪,2013,9,7,27.5,
NGP,昂坪,2013,9,8,27.5,
NGP,昂坪,2013,9,9,27.4,
NGP,昂坪,2013,9,10,27.8,
NGP,昂坪,2013,9,11,26.8,
NGP,昂坪,2013,9,12,28.2,
NGP,昂坪,2013,9,13,26.9,
NGP,昂坪,2013,9,14,27.7,
NGP,昂坪,2013,9,15,29.1,
NGP,昂坪,2013,9,16,26.0,
NGP,昂坪,2013,9,17,25.8,
NGP,昂坪,2013,9,18,25.5,
NGP,昂坪,2013,9,19,27.2,
NGP,昂坪,2013,9,20,29.1,
NGP,昂坪,2013,9,21,30.6,
NGP,昂坪,2013,9,22,26.8,
NGP,昂坪,2013,9,23,24.9,
NGP,昂坪,2013,9,24,25.1,
NGP,昂坪,2013,9,25,27.0,
NGP,昂坪,2013,9,26,25.1,
NGP,昂坪,2013,9,27,26.6,
NGP,昂坪,2013,9,28,24.2,
NGP,昂坪,2013,9,29,21.8,
NGP,昂坪,2013,9,30,22.6,
NGP,昂坪,2014,6,1,26.5,
NGP,昂坪,2014,6,2,25.4,
NGP,昂坪,2014,6,3,25.9,
NGP,昂坪,2014,6,4,26.8,
NGP,昂坪,2014,6,5,25.9,
NGP,昂坪,2014,6,6,25.5,
NGP,昂坪,2014,6,7,25.4,
NGP,昂坪,2014,6,8,30.3,
NGP,昂坪,2014,6,9,28.0,
NGP,昂坪,2014,6,10,26.7,
NGP,昂坪,2014,6,11,24.7,
NGP,昂坪,2014,6,12,27.8,
NGP,昂坪,2014,6,13,29.2,
NGP,昂坪,2014,6,14,29.8,
NGP,昂坪,2014,6,15,29.4,
NGP,昂坪,2014,6,16,26.2,
NGP,昂坪,2014,6,17,25.8,
NGP,昂坪,2014,6,18,26.0,
NGP,昂坪,2014,6,19,26.6,
NGP,昂坪,2014,6,20,25.8,
NGP,昂坪,2014,6,21,26.9,
NGP,昂坪,2014,6,22,25.3,
NGP,昂坪,2014,6,23,24.9,
NGP,昂坪,2014,6,24,25.0,
NGP,昂坪,2014,6,25,25.4,
NGP,昂坪,2014,6,26,27.5,
NGP,昂坪,2014,6,27,28.7,
NGP,昂坪,2014,6,28,29.0,
NGP,昂坪,2014,6,29,27.8,
NGP,昂坪,2014,6,30,25.6,
NGP,昂坪,2014,7,1,25.4,
NGP,昂坪,2014,7,2,26.4,
NGP,昂坪,2014,7,3,27.4,
NGP,昂坪,2014,7,4,28.3,
NGP,昂坪,2014,7,5,27.6,
NGP,昂坪,2014,7,6,30.2,
NGP,昂坪,2014,7,7,28.1,
NGP,昂坪,2014,7,8,29.7,
NGP,昂坪,2014,7,9,28.9,
NGP,昂坪,2014,7,10,27.9,
NGP,昂坪,2014,7,11,27.3,
NGP,昂坪,2014,7,12,26.1,
NGP,昂坪,2014,7,13,27.3,
NGP,昂坪,2014,7,14,26.7,
NGP,昂坪,2014,7,15,27.2,
NGP,昂坪,2014,7,16,28.8,
NGP,昂坪,2014,7,17,26.7,
NGP,昂坪,2014,7,21,29.0,
NGP,昂坪,2014,7,22,30.1,
NGP,昂坪,2014,7,23,29.1,
NGP,昂坪,2014,7,24,26.0,
NGP,昂坪,2014,7,25,28.2,
NGP,昂坪,2014,7,26,25.5,
NGP,昂坪,2014,7,27,25.6,
NGP,昂坪,2014,7,28,28.1,
NGP,昂坪,2014,7,29,29.3,
NGP,昂坪,2014,7,30,29.9,
NGP,昂坪,2014,7,31,30.2,
NGP,昂坪,2014,8,1,30.7,
NGP,昂坪,2014,8,22,25.0,
NGP,昂坪,2014,8,23,26.9,
NGP,昂坪,2014,8,24,27.9,
NGP,昂坪,2014,8,25,29.1,
NGP,昂坪,2014,8,26,29.1,
NGP,昂坪,2014,8,27,25.9,
NGP,昂坪,2014,8,28,25.8,
NGP,昂坪,2014,8,29,28.6,
NGP,昂坪,2014,8,30,29.1,
NGP,昂坪,2014,8,31,26.4,
NGP,昂坪,2014,9,1,28.4,
NGP,昂坪,2014,9,2,28.3,
NGP,昂坪,2014,9,3,30.4,
NGP,昂坪,2014,9,4,31.1,
NGP,昂坪,2014,9,16,23.9,
NGP,昂坪,2014,9,17,24.0,
NGP,昂坪,2014,9,18,28.0,
NGP,昂坪,2014,9,19,30.5,
NGP,昂坪,2014,9,20,27.2,
NGP,昂坪,2014,9,21,24.1,
NGP,昂坪,2014,9,22,26.8,
NGP,昂坪,2014,9,23,27.0,
NGP,昂坪,2014,9,24,27.0,
NGP,昂坪,2014,9,25,27.5,
NGP,昂坪,2014,9,26,28.7,
NGP,昂坪,2014,9,27,28.1,
NGP,昂坪,2014,9,28,29.1,
NGP,昂坪,2014,9,29,30.3,
NGP,昂坪,2014,9,30,30.5,
NGP,昂坪,2015,6,1,25.1,
NGP,昂坪,2015,6,2,25.5,
NGP,昂坪,2015,6,3,26.7,
NGP,昂坪,2015,6,4,26.2,
NGP,昂坪,2015,6,5,25.0,
NGP,昂坪,2015,6,6,26.2,
NGP,昂坪,2015,6,7,25.7,
NGP,昂坪,2015,6,8,25.9,
NGP,昂坪,2015,6,9,25.9,
NGP,昂坪,2015,6,10,25.6,
NGP,昂坪,2015,6,11,25.6,
NGP,昂坪,2015,6,12,25.5,
NGP,昂坪,2015,6,13,25.9,
NGP,昂坪,2015,6,14,25.9,
NGP,昂坪,2015,6,15,27.4,
NGP,昂坪,2015,6,16,27.4,
NGP,昂坪,2015,6,17,26.4,
NGP,昂坪,2015,6,18,27.0,
NGP,昂坪,2015,6,19,27.7,
NGP,昂坪,2015,6,20,30.2,
NGP,昂坪,2015,6,21,27.2,
NGP,昂坪,2015,6,22,24.9,
NGP,昂坪,2015,6,23,24.6,
NGP,昂坪,2015,6,24,25.2,
NGP,昂坪,2015,6,25,24.9,
NGP,昂坪,2015,6,26,25.9,
NGP,昂坪,2015,6,27,26.6,
NGP,昂坪,2015,6,28,27.2,
NGP,昂坪,2015,6,29,26.2,
NGP,昂坪,2015,6,30,26.0,
NGP,昂坪,2015,7,1,26.5,
NGP,昂坪,2015,7,2,25.9,
NGP,昂坪,2015,7,3,26.2,
NGP,昂坪,2015,7,4,27.0,
NGP,昂坪,2015,7,5,27.9,
NGP,昂坪,2015,7,6,27.7,
NGP,昂坪,2015,7,7,27.6,
NGP,昂坪,2015,7,8,26.0,
NGP,昂坪,2015,7,9,26.6,
NGP,昂坪,2015,7,10,26.7,
NGP,昂坪,2015,7,11,29.7,
NGP,昂坪,2015,7,12,30.1,
NGP,昂坪,2015,7,13,28.9,
NGP,昂坪,2015,7,14,28.2,
NGP,昂坪,2015,7,15,28.9,
NGP,昂坪,2015,7,16,28.0,
NGP,昂坪,2015,7,17,26.0,
NGP,昂坪,2015,7,18,27.0,
NGP,昂坪,2015,7,19,28.5,
NGP,昂坪,2015,7,20,24.2,
NGP,昂坪,2015,7,21,23.5,
NGP,昂坪,2015,7,22,24.7,
NGP,昂坪,2015,7,23,24.7,
NGP,昂坪,2015,7,24,24.7,
NGP,昂坪,2015,7,25,24.4,
NGP,昂坪,2015,7,26,24.7,
NGP,昂坪,2015,7,27,24.6,
NGP,昂坪,2015,7,28,26.2,
NGP,昂坪,2015,7,29,24.2,
NGP,昂坪,2015,7,30,23.8,
NGP,昂坪,2015,7,31,27.2,
NGP,昂坪,2015,8,1,27.0,
NGP,昂坪,2015,8,2,27.9,
NGP,昂坪,2015,8,3,28.7,
NGP,昂坪,2015,8,4,28.0,
NGP,昂坪,2015,8,5,27.4,
NGP,昂坪,2015,8,6,30.5,
NGP,昂坪,2015,8,7,29.9,
NGP,昂坪,2015,8,8,30.0,
NGP,昂坪,2015,8,9,29.5,
NGP,昂坪,2015,8,10,24.5,
NGP,昂坪,2015,8,11,26.4,
NGP,昂坪,2015,8,12,28.8,
NGP,昂坪,2015,8,13,24.5,
NGP,昂坪,2015,8,14,24.8,
NGP,昂坪,2015,8,15,25.2,
NGP,昂坪,2015,8,16,25.2,
NGP,昂坪,2015,8,17,25.9,
NGP,昂坪,2015,8,18,26.8,
NGP,昂坪,2015,8,19,27.4,
NGP,昂坪,2015,8,20,28.8,
NGP,昂坪,2015,8,21,29.8,
NGP,昂坪,2015,8,22,29.1,
NGP,昂坪,2015,8,23,29.7,
NGP,昂坪,2015,8,24,30.2,
NGP,昂坪,2015,8,25,29.1,
NGP,昂坪,2015,8,26,26.8,
NGP,昂坪,2015,8,27,28.0,
NGP,昂坪,2015,8,28,27.5,
NGP,昂坪,2015,8,29,26.6,
NGP,昂坪,2015,8,30,23.9,
NGP,昂坪,2015,8,31,27.5,
NGP,昂坪,2015,9,1,25.8,
NGP,昂坪,2015,9,2,24.2,
NGP,昂坪,2015,9,3,24.7,
NGP,昂坪,2015,9,4,28.3,
NGP,昂坪,2015,9,5,27.1,
NGP,昂坪,2015,9,6,26.7,
NGP,昂坪,2015,9,7,24.8,
NGP,昂坪,2015,9,8,26.0,
NGP,昂坪,2015,9,9,26.0,
NGP,昂坪,2015,9,10,26.4,
NGP,昂坪,2015,9,11,25.9,
NGP,昂坪,2015,9,12,27.2,
NGP,昂坪,2015,9,13,25.5,
NGP,昂坪,2015,9,14,25.4,
NGP,昂坪,2015,9,15,26.1,
NGP,昂坪,2015,9,16,24.9,
NGP,昂坪,2015,9,17,25.3,
NGP,昂坪,2015,9,18,26.6,
NGP,昂坪,2015,9,19,25.4,
NGP,昂坪,2015,9,20,26.4,
NGP,昂坪,2015,9,21,23.8,
NGP,昂坪,2015,9,22,26.6,
NGP,昂坪,2015,9,23,27.6,
NGP,昂坪,2015,9,24,28.2,
NGP,昂坪,2015,9,25,29.2,
NGP,昂坪,2015,9,26,30.3,
NGP,昂坪,2015,9,27,28.1,
NGP,昂坪,2015,9,28,27.3,
NGP,昂坪,2015,9,29,27.6,
NGP,昂坪,2015,9,30,29.5,
NGP,昂坪,2016,6,1,25.2,
NGP,昂坪,2016,6,2,25.8,
NGP,昂坪,2016,6,3,25.8,
NGP,昂坪,2016,6,4,26.5,
NGP,昂坪,2016,6,5,27.9,
NGP,昂坪,2016,6,6,25.8,
NGP,昂坪,2016,6,7,27.6,
NGP,昂坪,2016,6,8,27.1,
NGP,昂坪,2016,6,9,27.2,
NGP,昂坪,2016,6,10,26.8,
NGP,昂坪,2016,6,11,24.0,
NGP,昂坪,2016,6,12,25.3,
NGP,昂坪,2016,6,13,25.7,
NGP,昂坪,2016,6,14,25.6,
NGP,昂坪,2016,6,15,25.6,
NGP,昂坪,2016,6,16,25.5,
NGP,昂坪,2016,6,17,26.4,
NGP,昂坪,2016,6,18,26.5,
NGP,昂坪,2016,6,19,29.8,
NGP,昂坪,2016,6,20,27.8,
NGP,昂坪,2016,6,21,27.2,
NGP,昂坪,2016,6,22,28.1,
NGP,昂坪,2016,6,23,28.2,
NGP,昂坪,2016,6,24,28.9,
NGP,昂坪,2016,6,25,30.0,
NGP,昂坪,2016,6,26,29.8,
NGP,昂坪,2016,6,27,29.1,
NGP,昂坪,2016,6,28,26.0,
NGP,昂坪,2016,6,29,25.4,
NGP,昂坪,2016,6,30,26.2,
NGP,昂坪,2016,7,1,25.5,
NGP,昂坪,2016,7,2,26.4,
NGP,昂坪,2016,7,3,25.4,
NGP,昂坪,2016,7,4,24.8,
NGP,昂坪,2016,7,5,25.1,
NGP,昂坪,2016,7,6,25.6,
NGP,昂坪,2016,7,7,30.2,
NGP,昂坪,2016,7,8,31.4,
NGP,昂坪,2016,7,9,32.3,
NGP,昂坪,2016,7,10,27.3,
NGP,昂坪,2016,7,11,29.7,
NGP,昂坪,2016,7,12,26.5,
NGP,昂坪,2016,7,13,27.2,
NGP,昂坪,2016,7,14,25.0,
NGP,昂坪,2016,7,15,25.5,
NGP,昂坪,2016,7,16,26.1,
NGP,昂坪,2016,7,17,27.0,
NGP,昂坪,2016,7,18,26.5,
NGP,昂坪,2016,7,19,25.1,
NGP,昂坪,2016,7,20,26.1,
NGP,昂坪,2016,7,21,27.2,
NGP,昂坪,2016,7,22,27.8,
NGP,昂坪,2016,7,23,28.6,
NGP,昂坪,2016,7,24,31.0,
NGP,昂坪,2016,7,25,30.0,
NGP,昂坪,2016,7,26,27.1,
NGP,昂坪,2016,7,27,27.6,
NGP,昂坪,2016,7,28,28.0,
NGP,昂坪,2016,7,29,30.3,
NGP,昂坪,2016,7,30,33.0,
NGP,昂坪,2016,7,31,30.9,
NGP,昂坪,2016,8,1,27.7,
NGP,昂坪,2016,8,2,24.3,
NGP,昂坪,2016,8,3,24.2,
NGP,昂坪,2016,8,4,24.9,
NGP,昂坪,2016,8,5,27.8,
NGP,昂坪,2016,8,6,30.4,
NGP,昂坪,2016,8,7,30.4,
NGP,昂坪,2016,8,8,31.2,
NGP,昂坪,2016,8,9,30.7,
NGP,昂坪,2016,8,10,26.7,
NGP,昂坪,2016,8,11,26.5,
NGP,昂坪,2016,8,12,24.7,
NGP,昂坪,2016,8,13,28.1,
NGP,昂坪,2016,8,14,26.1,
NGP,昂坪,2016,8,15,24.9,
NGP,昂坪,2016,8,16,23.1,
NGP,昂坪,2016,8,17,23.9,
NGP,昂坪,2016,8,18,24.0,
NGP,昂坪,2016,8,19,24.9,
NGP,昂坪,2016,8,20,30.9,
NGP,昂坪,2016,8,21,28.3,
NGP,昂坪,2016,8,22,28.0,
NGP,昂坪,2016,8,23,30.5,
NGP,昂坪,2016,8,24,28.7,
NGP,昂坪,2016,8,25,30.8,
NGP,昂坪,2016,8,26,31.4,
NGP,昂坪,2016,8,27,28.8,
NGP,昂坪,2016,8,28,24.9,
NGP,昂坪,2016,8,29,24.2,
NGP,昂坪,2016,8,30,27.5,
NGP,昂坪,2016,8,31,27.4,
NGP,昂坪,2016,9,1,25.3,
NGP,昂坪,2016,9,2,25.4,
NGP,昂坪,2016,9,3,26.7,
NGP,昂坪,2016,9,4,26.6,
NGP,昂坪,2016,9,5,25.1,
NGP,昂坪,2016,9,6,24.0,
NGP,昂坪,2016,9,7,23.3,
NGP,昂坪,2016,9,8,26.4,
NGP,昂坪,2016,9,9,24.6,
NGP,昂坪,2016,9,10,23.5,
NGP,昂坪,2016,9,11,27.9,
NGP,昂坪,2016,9,12,27.6,
NGP,昂坪,2016,9,13,27.6,
NGP,昂坪,2016,9,14,27.4,
NGP,昂坪,2016,9,15,29.1,
NGP,昂坪,2016,9,16,27.7,
NGP,昂坪,2016,9,17,29.2,
NGP,昂坪,2016,9,18,28.8,
NGP,昂坪,2016,9,19,28.8,
NGP,昂坪,2016,9,20,24.2,
NGP,昂坪,2016,9,21,26.3,
NGP,昂坪,2016,9,22,24.4,
NGP,昂坪,2016,9,23,25.4,
NGP,昂坪,2016,9,24,26.2,
NGP,昂坪,2016,9,25,27.1,
NGP,昂坪,2016,9,26,28.9,
NGP,昂坪,2016,9,27,31.3,
NGP,昂坪,2016,9,28,26.6,
NGP,昂坪,2016,9,29,21.4,
NGP,昂坪,2016,9,30,21.1,
NGP,昂坪,2017,6,1,24.9,
NGP,昂坪,2017,6,2,25.3,
NGP,昂坪,2017,6,3,25.6,
NGP,昂坪,2017,6,4,25.6,
NGP,昂坪,2017,6,5,25.8,
NGP,昂坪,2017,6,6,26.6,
NGP,昂坪,2017,6,7,27.4,
NGP,昂坪,2017,6,8,28.4,
NGP,昂坪,2017,6,9,25.2,
NGP,昂坪,2017,6,10,26.8,
NGP,昂坪,2017,6,11,28.2,
NGP,昂坪,2017,6,12,26.0,
NGP,昂坪,2017,6,13,24.9,
NGP,昂坪,2017,6,14,25.1,
NGP,昂坪,2017,6,15,25.0,
NGP,昂坪,2017,6,16,25.3,
NGP,昂坪,2017,6,17,24.1,
NGP,昂坪,2017,6,18,23.5,
NGP,昂坪,2017,6,19,23.8,
NGP,昂坪,2017,6,20,24.5,
NGP,昂坪,2017,6,21,24.9,
NGP,昂坪,2017,6,22,25.0,
NGP,昂坪,2017,6,23,25.5,
NGP,昂坪,2017,6,24,25.0,
NGP,昂坪,2017,6,25,25.6,
NGP,昂坪,2017,6,26,25.5,
NGP,昂坪,2017,6,27,25.1,
NGP,昂坪,2017,6,28,26.4,
NGP,昂坪,2017,6,29,27.2,
NGP,昂坪,2017,6,30,27.0,
NGP,昂坪,2017,7,1,25.5,
NGP,昂坪,2017,7,2,24.9,
NGP,昂坪,2017,7,3,24.8,
NGP,昂坪,2017,7,4,25.7,
NGP,昂坪,2017,7,5,26.5,
NGP,昂坪,2017,7,6,24.9,
NGP,昂坪,2017,7,7,23.7,
NGP,昂坪,2017,7,8,24.5,
NGP,昂坪,2017,7,9,25.5,
NGP,昂坪,2017,7,10,25.3,
NGP,昂坪,2017,7,11,28.0,
NGP,昂坪,2017,7,12,27.1,
NGP,昂坪,2017,7,13,27.6,
NGP,昂坪,2017,7,14,26.6,
NGP,昂坪,2017,7,15,26.2,
NGP,昂坪,2017,7,16,24.7,
NGP,昂坪,2017,7,17,24.5,
NGP,昂坪,2017,7,18,24.0,
NGP,昂坪,2017,7,19,25.0,
NGP,昂坪,2017,7,20,26.1,
NGP,昂坪,2017,7,21,27.0,
NGP,昂坪,2017,7,22,28.2,
NGP,昂坪,2017,7,23,25.1,
NGP,昂坪,2017,7,24,25.9,
NGP,昂坪,2017,7,25,27.5,
NGP,昂坪,2017,7,26,29.6,
NGP,昂坪,2017,7,27,26.8,
NGP,昂坪,2017,7,28,30.1,
NGP,昂坪,2017,7,29,31.5,
NGP,昂坪,2017,7,30,32.0,
NGP,昂坪,2017,7,31,28.3,
NGP,昂坪,2017,8,1,26.1,
NGP,昂坪,2017,8,2,25.6,
NGP,昂坪,2017,8,3,27.9,
NGP,昂坪,2017,8,4,25.8,
NGP,昂坪,2017,8,5,28.3,
NGP,昂坪,2017,8,6,29.4,
NGP,昂坪,2017,8,7,27.7,
NGP,昂坪,2017,8,8,26.5,
NGP,昂坪,2017,8,9,26.1,
NGP,昂坪,2017,8,10,25.4,
NGP,昂坪,2017,8,11,25.5,
NGP,昂坪,2017,8,12,26.0,
NGP,昂坪,2017,8,13,26.4,
NGP,昂坪,2017,8,14,26.8,
NGP,昂坪,2017,8,15,27.4,
NGP,昂坪,2017,8,16,26.7,
NGP,昂坪,2017,8,17,28.5,
NGP,昂坪,2017,8,18,29.7,
NGP,昂坪,2017,8,19,29.3,
NGP,昂坪,2017,8,20,31.0,
NGP,昂坪,2017,8,21,32.4,
NGP,昂坪,2017,8,22,32.1,
NGP,昂坪,2017,8,23,24.5,
NGP,昂坪,2017,8,24,25.4,
NGP,昂坪,2017,8,25,27.0,
NGP,昂坪,2017,8,26,28.8,
NGP,昂坪,2017,8,27,23.2,
NGP,昂坪,2017,8,28,24.0,
NGP,昂坪,2017,8,29,29.3,
NGP,昂坪,2017,8,30,29.5,
NGP,昂坪,2017,8,31,29.0,
NGP,昂坪,2017,9,1,30.2,
NGP,昂坪,2017,9,2,27.9,
NGP,昂坪,2017,9,3,26.2,
NGP,昂坪,2017,9,4,24.3,
NGP,昂坪,2017,9,5,25.2,
NGP,昂坪,2017,9,6,27.6,
NGP,昂坪,2017,9,7,25.8,
NGP,昂坪,2017,9,8,26.7,
NGP,昂坪,2017,9,9,25.7,
NGP,昂坪,2017,9,10,26.9,
NGP,昂坪,2017,9,11,28.9,
NGP,昂坪,2017,9,12,30.4,
NGP,昂坪,2017,9,13,28.2,
NGP,昂坪,2017,9,14,27.4,
NGP,昂坪,2017,9,15,27.6,
NGP,昂坪,2017,9,16,30.4,
NGP,昂坪,2017,9,17,30.6,
NGP,昂坪,2017,9,18,29.1,
NGP,昂坪,2017,9,19,28.2,
NGP,昂坪,2017,9,20,27.7,
NGP,昂坪,2017,9,21,27.5,
NGP,昂坪,2017,9,22,27.0,
NGP,昂坪,2017,9,23,26.8,
NGP,昂坪,2017,9,24,25.3,
NGP,昂坪,2017,9,25,25.8,
NGP,昂坪,2017,9,26,28.4,
NGP,昂坪,2017,9,27,30.3,
NGP,昂坪,2017,9,28,30.8,
NGP,昂坪,2017,9,29,27.6,
NGP,昂坪,2017,9,30,25.7,
NGP,昂坪,2018,6,1,29.6,
NGP,昂坪,2018,6,2,27.7,
NGP,昂坪,2018,6,3,27.7,
NGP,昂坪,2018,6,4,24.7,
NGP,昂坪,2018,6,5,24.2,
NGP,昂坪,2018,6,6,24.3,
NGP,昂坪,2018,6,7,24.3,
NGP,昂坪,2018,6,8,24.1,
NGP,昂坪,2018,6,9,26.4,
NGP,昂坪,2018,6,10,28.9,
NGP,昂坪,2018,6,11,30.1,
NGP,昂坪,2018,6,12,25.5,
NGP,昂坪,2018,6,13,23.9,
NGP,昂坪,2018,6,14,24.2,
NGP,昂坪,2018,6,15,24.4,
NGP,昂坪,2018,6,16,26.2,
NGP,昂坪,2018,6,17,27.8,
NGP,昂坪,2018,6,18,24.5,
NGP,昂坪,2018,6,19,24.5,
NGP,昂坪,2018,6,20,25.3,
NGP,昂坪,2018,6,21,25.4,
NGP,昂坪,2018,6,22,24.6,
NGP,昂坪,2018,6,23,24.6,
NGP,昂坪,2018,6,24,24.7,
NGP,昂坪,2018,6,25,24.0,
NGP,昂坪,2018,6,26,26.2,
NGP,昂坪,2018,6,27,26.4,
NGP,昂坪,2018,6,28,27.1,
NGP,昂坪,2018,6,29,26.0,
NGP,昂坪,2018,6,30,25.8,
NGP,昂坪,2018,7,1,26.8,
NGP,昂坪,2018,7,2,25.3,
NGP,昂坪,2018,7,3,25.1,
NGP,昂坪,2018,7,4,25.3,
NGP,昂坪,2018,7,5,25.0,
NGP,昂坪,2018,7,6,25.8,
NGP,昂坪,2018,7,7,25.8,
NGP,昂坪,2018,7,8,26.7,
NGP,昂坪,2018,7,9,26.2,
NGP,昂坪,2018,7,10,28.0,
NGP,昂坪,2018,7,11,29.2,
NGP,昂坪,2018,7,12,27.6,
NGP,昂坪,2018,7,13,23.4,
NGP,昂坪,2018,7,14,24.0,
NGP,昂坪,2018,7,15,23.6,
NGP,昂坪,2018,7,16,24.9,
NGP,昂坪,2018,7,17,28.2,
NGP,昂坪,2018,7,18,25.5,
NGP,昂坪,2018,7,19,24.7,
NGP,昂坪,2018,7,20,25.1,
NGP,昂坪,2018,7,21,29.1,
NGP,昂坪,2018,7,22,28.0,
NGP,昂坪,2018,7,23,25.4,
NGP,昂坪,2018,7,24,24.9,
NGP,昂坪,2018,7,25,28.2,
NGP,昂坪,2018,7,26,27.8,
NGP,昂坪,2018,7,27,28.0,
NGP,昂坪,2018,7,28,29.0,
NGP,昂坪,2018,7,29,28.6,
NGP,昂坪,2018,7,30,27.9,
NGP,昂坪,2018,7,31,27.2,
NGP,昂坪,2018,8,1,26.6,
NGP,昂坪,2018,8,2,26.3,
NGP,昂坪,2018,8,3,25.7,
NGP,昂坪,2018,8,4,28.7,
NGP,昂坪,2018,8,5,28.3,
NGP,昂坪,2018,8,6,28.9,
NGP,昂坪,2018,8,7,28.8,
NGP,昂坪,2018,8,8,28.5,
NGP,昂坪,2018,8,9,27.5,
NGP,昂坪,2018,8,10,24.4,
NGP,昂坪,2018,8,17,23.6,
NGP,昂坪,2018,8,18,26.9,
NGP,昂坪,2018,8,19,26.4,
NGP,昂坪,2018,8,20,27.6,
NGP,昂坪,2018,8,21,26.7,
NGP,昂坪,2018,8,22,28.6,
NGP,昂坪,2018,8,23,27.4,
NGP,昂坪,2018,8,24,28.2,
NGP,昂坪,2018,8,25,30.2,
NGP,昂坪,2018,8,26,28.4,
NGP,昂坪,2018,8,27,26.0,
NGP,昂坪,2018,8,28,24.6,
NGP,昂坪,2018,8,29,24.0,
NGP,昂坪,2018,8,30,24.0,
NGP,昂坪,2018,8,31,23.9,
NGP,昂坪,2018,9,1,23.4,
NGP,昂坪,2018,9,2,25.6,
NGP,昂坪,2018,9,3,26.9,
NGP,昂坪,2018,9,4,29.7,
NGP,昂坪,2018,9,5,29.8,
NGP,昂坪,2018,9,6,28.7,
NGP,昂坪,2018,9,7,28.0,
NGP,昂坪,2018,9,8,26.8,
NGP,昂坪,2018,9,9,25.5,
NGP,昂坪,2018,9,10,25.2,
NGP,昂坪,2018,9,11,28.1,
NGP,昂坪,2018,9,12,24.2,
NGP,昂坪,2018,9,13,25.3,
NGP,昂坪,2018,9,14,27.8,
NGP,昂坪,2018,9,15,29.8,
NGP,昂坪,2018,9,16,26.7,
NGP,昂坪,2019,6,4,24.3,
NGP,昂坪,2019,6,5,25.5,
NGP,昂坪,2019,6,6,26.4,
NGP,昂坪,2019,6,7,26.4,
NGP,昂坪,2019,6,8,26.1,
NGP,昂坪,2019,6,9,25.3,
NGP,昂坪,2019,6,10,25.4,
NGP,昂坪,2019,6,11,25.6,
NGP,昂坪,2019,6,12,26.5,
NGP,昂坪,2019,6,13,25.6,
NGP,昂坪,2019,6,14,28.6,
NGP,昂坪,2019,6,15,28.0,
NGP,昂坪,2019,6,16,25.2,
NGP,昂坪,2019,6,17,25.3,
NGP,昂坪,2019,6,18,25.1,
NGP,昂坪,2019,6,19,26.2,
NGP,昂坪,2019,6,20,26.9,
NGP,昂坪,2019,6,21,26.5,
NGP,昂坪,2019,6,22,26.0,
NGP,昂坪,2019,6,23,25.6,
NGP,昂坪,2019,6,24,25.5,
NGP,昂坪,2019,6,25,27.5,
NGP,昂坪,2019,6,26,26.4,
NGP,昂坪,2019,6,27,27.3,
NGP,昂坪,2019,6,28,26.6,
NGP,昂坪,2019,6,29,27.6,
NGP,昂坪,2019,6,30,27.6,
NGP,昂坪,2019,7,1,27.8,
NGP,昂坪,2019,7,2,27.1,
NGP,昂坪,2019,7,3,24.7,
NGP,昂坪,2019,7,4,25.4,
NGP,昂坪,2019,7,5,26.0,
NGP,昂坪,2019,7,6,25.0,
NGP,昂坪,2019,7,7,25.0,
NGP,昂坪,2019,7,8,25.2,
NGP,昂坪,2019,7,9,25.3,
NGP,昂坪,2019,7,10,25.4,
NGP,昂坪,2019,7,11,25.4,
NGP,昂坪,2019,7,12,25.3,
NGP,昂坪,2019,7,13,25.1,
NGP,昂坪,2019,7,14,25.2,
NGP,昂坪,2019,7,15,27.5,
NGP,昂坪,2019,7,16,30.7,
NGP,昂坪,2019,7,17,31.3,
NGP,昂坪,2019,7,18,31.8,
NGP,昂坪,2019,7,19,30.5,
NGP,昂坪,2019,7,20,25.8,
NGP,昂坪,2019,7,21,25.6,
NGP,昂坪,2019,7,22,27.7,
NGP,昂坪,2019,7,23,27.6,
NGP,昂坪,2019,7,24,25.2,
NGP,昂坪,2019,7,25,26.8,
NGP,昂坪,2019,7,26,27.3,
NGP,昂坪,2019,7,27,28.1,
NGP,昂坪,2019,7,28,28.1,
NGP,昂坪,2019,7,29,28.8,
NGP,昂坪,2019,7,30,26.2,
NGP,昂坪,2019,7,31,23.4,
NGP,昂坪,2019,8,1,23.7,
NGP,昂坪,2019,8,2,23.8,
NGP,昂坪,2019,8,3,24.4,
NGP,昂坪,2019,8,4,26.8,
NGP,昂坪,2019,8,5,29.4,
NGP,昂坪,2019,8,6,27.8,
NGP,昂坪,2019,8,7,28.9,
NGP,昂坪,2019,8,8,30.7,
NGP,昂坪,2019,8,9,31.3,
NGP,昂坪,2019,8,10,28.0,
NGP,昂坪,2019,8,11,26.0,
NGP,昂坪,2019,8,12,28.0,
NGP,昂坪,2019,8,13,28.8,
NGP,昂坪,2019,8,14,29.2,
NGP,昂坪,2019,8,15,27.4,
NGP,昂坪,2019,8,16,26.7,
NGP,昂坪,2019,8,17,26.6,
NGP,昂坪,2019,8,18,25.5,
NGP,昂坪,2019,8,19,29.1,
NGP,昂坪,2019,8,20,27.6,
NGP,昂坪,2019,8,21,29.7,
NGP,昂坪,2019,8,22,29.3,
NGP,昂坪,2019,8,23,27.1,
NGP,昂坪,2019,8,24,31.1,
NGP,昂坪,2019,8,25,27.6,
NGP,昂坪,2019,8,26,24.7,
NGP,昂坪,2019,8,27,26.9,
NGP,昂坪,2019,8,28,29.8,
NGP,昂坪,2019,8,29,26.2,
NGP,昂坪,2019,8,30,25.2,
NGP,昂坪,2019,8,31,27.1,
NGP,昂坪,2019,9,1,26.5,
NGP,昂坪,2019,9,2,23.8,
NGP,昂坪,2019,9,3,25.5,
NGP,昂坪,2019,9,4,23.9,
NGP,昂坪,2019,9,5,26.8,
NGP,昂坪,2019,9,6,28.4,
NGP,昂坪,2019,9,7,30.6,
NGP,昂坪,2019,9,8,30.6,
NGP,昂坪,2019,9,9,28.1,
NGP,昂坪,2019,9,10,29.0,
NGP,昂坪,2019,9,11,28.8,
NGP,昂坪,2019,9,12,29.7,
NGP,昂坪,2019,9,13,29.8,
NGP,昂坪,2019,9,14,28.2,
NGP,昂坪,2019,9,15,28.2,
NGP,昂坪,2019,9,16,26.9,
NGP,昂坪,2019,9,17,27.3,
NGP,昂坪,2019,9,18,28.7,
NGP,昂坪,2019,9,19,29.2,
NGP,昂坪,2019,9,20,27.8,
NGP,昂坪,2019,9,21,26.6,
NGP,昂坪,2019,9,22,24.9,
NGP,昂坪,2019,9,23,25.9,
NGP,昂坪,2019,9,24,26.3,
NGP,昂坪,2019,9,25,27.1,
NGP,昂坪,2019,9,26,27.6,
NGP,昂坪,2019,9,27,27.2,
NGP,昂坪,2019,9,28,28.3,
NGP,昂坪,2019,9,29,29.9,
NGP,昂坪,2019,9,30,30.7,
NGP,昂坪,2020,9,25,26.7,
NGP,昂坪,2020,9,26,25.1,
NGP,昂坪,2020,9,27,25.8,
NGP,昂坪,2020,9,28,23.4,
NGP,昂坪,2020,9,29,26.1,
NGP,昂坪,2020,9,30,28.1,
NGP,昂坪,2021,6,1,26.5,
NGP,昂坪,2021,6,2,25.1,
NGP,昂坪,2021,6,3,27.6,
NGP,昂坪,2021,6,4,25.0,
NGP,昂坪,2021,6,5,28.1,
NGP,昂坪,2021,6,6,28.3,
NGP,昂坪,2021,6,7,27.1,
NGP,昂坪,2021,6,8,28.8,
NGP,昂坪,2021,6,9,26.1,
NGP,昂坪,2021,6,10,26.1,
NGP,昂坪,2021,6,11,26.6,
NGP,昂坪,2021,6,12,23.9,
NGP,昂坪,2021,6,13,24.5,
NGP,昂坪,2021,6,14,25.6,
NGP,昂坪,2021,6,15,25.0,
NGP,昂坪,2021,6,16,25.4,
NGP,昂坪,2021,6,17,26.6,
NGP,昂坪,2021,6,18,25.7,
NGP,昂坪,2021,6,19,25.8,
NGP,昂坪,2021,6,20,26.3,
NGP,昂坪,2021,6,21,25.7,
NGP,昂坪,2021,6,22,25.5,
NGP,昂坪,2021,6,23,26.8,
NGP,昂坪,2021,6,24,23.6,
NGP,昂坪,2021,6,25,25.5,
NGP,昂坪,2021,6,26,25.2,
NGP,昂坪,2021,6,27,25.4,
NGP,昂坪,2021,6,28,25.3,
NGP,昂坪,2021,6,29,25.4,
NGP,昂坪,2021,6,30,25.1,
NGP,昂坪,2021,7,1,25.5,
NGP,昂坪,2021,7,2,25.6,
NGP,昂坪,2021,7,3,26.5,
NGP,昂坪,2021,7,4,27.9,
NGP,昂坪,2021,7,5,28.1,
NGP,昂坪,2021,7,6,27.0,
NGP,昂坪,2021,7,7,25.2,
NGP,昂坪,2021,7,8,28.5,
NGP,昂坪,2021,7,9,29.4,
NGP,昂坪,2021,7,10,30.3,
NGP,昂坪,2021,7,11,29.7,
NGP,昂坪,2021,7,12,27.8,
NGP,昂坪,2021,7,13,29.0,
NGP,昂坪,2021,7,14,28.9,
NGP,昂坪,2021,7,15,30.5,
NGP,昂坪,2021,7,16,28.0,
NGP,昂坪,2021,7,17,27.8,
NGP,昂坪,2021,7,18,24.5,
NGP,昂坪,2021,7,19,23.2,
NGP,昂坪,2021,7,20,23.4,
NGP,昂坪,2021,7,21,23.6,
NGP,昂坪,2021,7,22,29.2,
NGP,昂坪,2021,7,23,31.8,
NGP,昂坪,2021,7,24,32.3,
NGP,昂坪,2021,7,25,29.0,
NGP,昂坪,2021,7,26,32.0,
NGP,昂坪,2021,7,27,32.4,
NGP,昂坪,2021,7,28,29.3,
NGP,昂坪,2021,7,29,29.2,
NGP,昂坪,2021,7,30,24.7,
NGP,昂坪,2021,8,2,28.4,
NGP,昂坪,2021,8,3,25.0,
NGP,昂坪,2021,8,4,26.5,
NGP,昂坪,2021,8,5,24.5,
NGP,昂坪,2021,8,6,25.6,
NGP,昂坪,2021,8,7,28.5,
NGP,昂坪,2021,8,8,25.7,
NGP,昂坪,2021,8,9,25.4,
NGP,昂坪,2021,8,10,25.2,
NGP,昂坪,2021,8,11,28.1,
NGP,昂坪,2021,8,12,27.0,
NGP,昂坪,2021,8,13,25.8,
NGP,昂坪,2021,8,14,24.5,
NGP,昂坪,2021,8,15,25.1,
NGP,昂坪,2021,8,16,26.9,
NGP,昂坪,2021,8,17,28.0,
NGP,昂坪,2021,8,18,27.9,
NGP,昂坪,2021,8,19,27.1,
NGP,昂坪,2021,8,20,28.0,
NGP,昂坪,2021,8,21,28.6,
NGP,昂坪,2021,8,22,28.4,
NGP,昂坪,2021,8,23,27.3,
NGP,昂坪,2021,8,24,27.2,
NGP,昂坪,2021,8,25,28.1,
NGP,昂坪,2021,8,26,28.7,
NGP,昂坪,2021,8,27,24.3,
NGP,昂坪,2021,9,3,27.1,
NGP,昂坪,2021,9,4,28.4,
NGP,昂坪,2021,9,5,28.3,
NGP,昂坪,2021,9,6,30.1,
NGP,昂坪,2021,9,7,28.5,
NGP,昂坪,2021,9,8,29.9,
NGP,昂坪,2021,9,9,30.6,
NGP,昂坪,2021,9,10,30.4,
NGP,昂坪,2021,9,11,31.4,
NGP,昂坪,2021,9,12,32.9,
NGP,昂坪,2021,9,13,29.3,
NGP,昂坪,2021,9,14,28.3,
NGP,昂坪,2021,9,15,30.1,
NGP,昂坪,2021,9,16,30.6,
NGP,昂坪,2021,9,17,29.4,
NGP,昂坪,2021,9,18,28.5,
NGP,昂坪,2021,9,19,27.2,
NGP,昂坪,2021,9,20,28.2,
NGP,昂坪,2021,9,21,29.5,
NGP,昂坪,2021,9,22,28.7,
NGP,昂坪,2021,9,23,26.6,
NGP,昂坪,2021,9,24,26.7,
NGP,昂坪,2021,9,25,28.3,
NGP,昂坪,2021,9,26,26.7,
NGP,昂坪,2021,9,27,28.8,
NGP,昂坪,2021,9,28,30.4,
NGP,昂坪,2021,9,29,29.7,
NGP,昂坪,2021,9,30,31.7,
NGP,昂坪,2022,6,1,24.7,
NGP,昂坪,2022,6,2,24.2,
NGP,昂坪,2022,6,3,24.5,
NGP,昂坪,2022,6,4,24.6,
NGP,昂坪,2022,6,5,24.4,
NGP,昂坪,2022,6,6,24.6,
NGP,昂坪,2022,6,7,24.7,
NGP,昂坪,2022,6,8,23.8,
NGP,昂坪,2022,6,9,23.3,
NGP,昂坪,2022,6,10,23.1,
NGP,昂坪,2022,6,11,24.2,
NGP,昂坪,2022,6,12,24.4,
NGP,昂坪,2022,6,13,24.3,
NGP,昂坪,2022,6,14,24.4,
NGP,昂坪,2022,6,15,25.6,
NGP,昂坪,2022,6,16,24.1,
NGP,昂坪,2022,6,17,24.0,
NGP,昂坪,2022,6,18,24.1,
NGP,昂坪,2022,6,19,24.6,
NGP,昂坪,2022,6,20,24.3,
NGP,昂坪,2022,6,21,24.4,
NGP,昂坪,2022,6,22,25.9,
NGP,昂坪,2022,6,23,27.3,
NGP,昂坪,2022,6,24,27.8,
NGP,昂坪,2022,6,25,26.8,
NGP,昂坪,2022,6,26,26.9,
NGP,昂坪,2022,6,27,24.0,
NGP,昂坪,2022,6,28,28.8,
NGP,昂坪,2022,6,29,27.6,
NGP,昂坪,2022,6,30,25.3,
NGP,昂坪,2022,7,1,25.6,
NGP,昂坪,2022,7,2,23.7,
NGP,昂坪,2022,7,3,24.2,
NGP,昂坪,2022,7,4,24.3,
NGP,昂坪,2022,7,5,24.5,
NGP,昂坪,2022,7,6,25.5,
NGP,昂坪,2022,7,7,24.5,
NGP,昂坪,2022,7,8,27.6,
NGP,昂坪,2022,7,9,28.6,
NGP,昂坪,2022,7,10,28.2,
NGP,昂坪,2022,7,11,30.0,
NGP,昂坪,2022,7,12,29.4,
NGP,昂坪,2022,7,13,30.2,
NGP,昂坪,2022,7,14,29.1,
NGP,昂坪,2022,7,15,27.9,
NGP,昂坪,2022,7,16,25.9,
NGP,昂坪,2022,7,17,26.6,
NGP,昂坪,2022,7,18,26.1,
NGP,昂坪,2022,7,19,26.6,
NGP,昂坪,2022,7,20,26.2,
NGP,昂坪,2022,7,21,29.1,
NGP,昂坪,2022,7,22,31.9,
NGP,昂坪,2022,7,23,31.8,
NGP,昂坪,2022,7,24,33.2,
NGP,昂坪,2022,7,25,30.7,
NGP,昂坪,2022,7,26,28.8,
NGP,昂坪,2022,7,27,30.5,
NGP,昂坪,2022,7,28,31.2,
NGP,昂坪,2022,7,29,31.8,
NGP,昂坪,2022,7,30,27.6,
NGP,昂坪,2022,7,31,31.4,
NGP,昂坪,2022,8,1,29.9,
NGP,昂坪,2022,8,2,31.2,
NGP,昂坪,2022,8,3,28.0,
NGP,昂坪,2022,8,4,23.5,
NGP,昂坪,2022,8,6,26.0,
NGP,昂坪,2022,8,7,28.2,
NGP,昂坪,2022,8,8,25.0,
NGP,昂坪,2022,8,15,28.6,
NGP,昂坪,2022,8,16,28.1,
NGP,昂坪,2022,8,17,25.6,
NGP,昂坪,2022,8,18,27.9,
NGP,昂坪,2022,8,19,26.9,
NGP,昂坪,2022,8,20,23.9,
NGP,昂坪,2022,8,21,26.4,
NGP,昂坪,2022,8,22,30.4,
NGP,昂坪,2022,8,23,31.0,
NGP,昂坪,2022,8,24,30.1,
NGP,昂坪,2022,8,25,23.7,
NGP,昂坪,2022,8,26,25.1,
NGP,昂坪,2022,8,27,29.6,
NGP,昂坪,2022,8,28,30.2,
NGP,昂坪,2022,8,29,29.0,
NGP,昂坪,2022,8,30,28.9,
NGP,昂坪,2022,8,31,29.3,
NGP,昂坪,2022,9,1,27.8,
NGP,昂坪,2022,9,2,27.5,
NGP,昂坪,2022,9,3,27.4,
NGP,昂坪,2022,9,4,28.1,
NGP,昂坪,2022,9,5,29.5,
NGP,昂坪,2022,9,6,30.1,
NGP,昂坪,2022,9,7,24.2,
NGP,昂坪,2022,9,8,28.9,
NGP,昂坪,2022,9,9,29.9,
NGP,昂坪,2022,9,10,29.4,
NGP,昂坪,2022,9,11,30.3,
NGP,昂坪,2022,9,12,31.4,
NGP,昂坪,2022,9,13,32.4,
NGP,昂坪,2022,9,14,30.8,
NGP,昂坪,2022,9,15,31.8,
NGP,昂坪,2022,9,16,31.7,
NGP,昂坪,2022,9,17,30.6,
NGP,昂坪,2022,9,18,31.3,
NGP,昂坪,2022,9,19,29.6,
NGP,昂坪,2022,9,20,28.2,
NGP,昂坪,2022,9,21,25.6,
NGP,昂坪,2022,9,22,26.8,
NGP,昂坪,2022,9,23,27.8,
NGP,昂坪,2022,9,24,25.9,
NGP,昂坪,2022,9,25,27.8,
NGP,昂坪,2022,9,26,29.0,
NGP,昂坪,2022,9,27,26.6,
NGP,昂坪,2022,9,28,26.2,
NGP,昂坪,2022,9,29,23.9,
NGP,昂坪,2022,9,30,23.0,
NGP,昂坪,2023,6,1,26.0,
NGP,昂坪,2023,6,2,31.9,
NGP,昂坪,2023,6,3,30.3,
NGP,昂坪,2023,6,4,27.0,
NGP,昂坪,2023,6,5,26.3,
NGP,昂坪,2023,6,6,26.3,
NGP,昂坪,2023,6,7,25.3,
NGP,昂坪,2023,6,8,25.5,
NGP,昂坪,2023,6,9,25.9,
NGP,昂坪,2023,6,10,29.1,
NGP,昂坪,2023,6,11,29.4,
NGP,昂坪,2023,6,12,29.9,
NGP,昂坪,2023,6,13,29.8,
NGP,昂坪,2023,6,14,26.0,
NGP,昂坪,2023,6,15,24.6,
NGP,昂坪,2023,6,16,23.8,
NGP,昂坪,2023,6,17,24.3,
NGP,昂坪,2023,6,18,24.9,
NGP,昂坪,2023,6,19,25.1,
NGP,昂坪,2023,6,20,25.6,
NGP,昂坪,2023,6,21,27.3,
NGP,昂坪,2023,6,22,27.0,
NGP,昂坪,2023,6,23,25.1,
NGP,昂坪,2023,6,24,24.8,
NGP,昂坪,2023,6,25,25.7,
NGP,昂坪,2023,6,26,29.6,
NGP,昂坪,2023,6,27,30.1,
NGP,昂坪,2023,6,28,28.9,
NGP,昂坪,2023,6,29,30.4,
NGP,昂坪,2023,6,30,27.4,
NGP,昂坪,2023,7,1,25.1,
NGP,昂坪,2023,7,2,24.7,
NGP,昂坪,2023,7,3,26.0,
NGP,昂坪,2023,7,4,25.1,
NGP,昂坪,2023,7,5,26.6,
NGP,昂坪,2023,7,6,26.6,
NGP,昂坪,2023,7,7,26.5,
NGP,昂坪,2023,7,8,26.3,
NGP,昂坪,2023,7,9,27.5,
NGP,昂坪,2023,7,10,27.5,
NGP,昂坪,2023,7,11,26.9,
NGP,昂坪,2023,7,12,28.0,
NGP,昂坪,2023,7,13,30.2,
NGP,昂坪,2023,7,14,31.7,
NGP,昂坪,2023,7,15,32.2,
NGP,昂坪,2023,7,16,24.0,
NGP,昂坪,2023,7,17,24.2,
NGP,昂坪,2023,7,18,24.4,
NGP,昂坪,2023,7,19,25.2,
NGP,昂坪,2023,7,20,28.3,
NGP,昂坪,2023,7,21,28.5,
NGP,昂坪,2023,7,22,28.3,
NGP,昂坪,2023,7,23,30.0,
NGP,昂坪,2023,7,24,28.6,
NGP,昂坪,2023,7,25,30.4,
NGP,昂坪,2023,7,26,31.4,
NGP,昂坪,2023,7,27,31.9,
NGP,昂坪,2023,7,28,31.8,
NGP,昂坪,2023,7,29,26.5,
NGP,昂坪,2023,7,30,25.7,
NGP,昂坪,2023,7,31,28.1,
NGP,昂坪,2023,8,1,27.3,
NGP,昂坪,2023,8,2,30.3,
NGP,昂坪,2023,8,3,30.5,
NGP,昂坪,2023,8,4,28.4,
NGP,昂坪,2023,8,5,27.5,
NGP,昂坪,2023,8,6,27.0,
NGP,昂坪,2023,8,7,27.5,
NGP,昂坪,2023,8,8,27.7,
NGP,昂坪,2023,8,9,30.4,
NGP,昂坪,2023,8,10,28.8,
NGP,昂坪,2023,8,11,26.3,
NGP,昂坪,2023,8,12,26.3,
NGP,昂坪,2023,8,13,25.8,
NGP,昂坪,2023,8,14,26.3,
NGP,昂坪,2023,8,15,27.3,
NGP,昂坪,2023,8,16,28.8,
NGP,昂坪,2023,8,17,28.4,
NGP,昂坪,2023,8,18,25.8,
NGP,昂坪,2023,8,19,26.3,
NGP,昂坪,2023,8,20,26.0,
NGP,昂坪,2023,8,21,28.8,
NGP,昂坪,2023,8,22,27.8,
NGP,昂坪,2023,8,23,27.9,
NGP,昂坪,2023,8,24,26.1,
NGP,昂坪,2023,8,25,28.6,
NGP,昂坪,2023,8,26,28.7,
NGP,昂坪,2023,8,27,28.6,
NGP,昂坪,2023,8,28,27.9,
NGP,昂坪,2023,8,29,27.7,
NGP,昂坪,2023,8,30,27.6,
NGP,昂坪,2023,8,31,27.1,
NGP,昂坪,2023,9,1,22.9,
NGP,昂坪,2023,9,2,23.0,
NGP,昂坪,2023,9,3,27.7,
NGP,昂坪,2023,9,4,30.7,
NGP,昂坪,2023,9,5,26.3,
NGP,昂坪,2023,9,6,29.4,
NGP,昂坪,2023,9,7,26.6,
NGP,昂坪,2023,9,8,22.9,
NGP,昂坪,2023,9,9,22.6,
NGP,昂坪,2023,9,10,22.6,
NGP,昂坪,2023,9,11,23.8,
NGP,昂坪,2023,9,12,28.5,
NGP,昂坪,2023,9,13,26.9,
NGP,昂坪,2023,9,14,24.5,
NGP,昂坪,2023,9,15,25.5,
NGP,昂坪,2023,9,16,25.8,
NGP,昂坪,2023,9,17,27.4,
NGP,昂坪,2023,9,18,29.7,
NGP,昂坪,2023,9,19,30.0,
NGP,昂坪,2023,9,20,29.5,
NGP,昂坪,2023,9,21,29.9,
NGP,昂坪,2023,9,22,29.1,
NGP,昂坪,2023,9,23,28.0,
NGP,昂坪,2023,9,24,26.5,
NGP,昂坪,2023,9,25,27.4,
NGP,昂坪,2023,9,26,27.0,
NGP,昂坪,2023,9,27,27.3,
NGP,昂坪,2023,9,28,27.4,
NGP,昂坪,2023,9,29,30.0,
NGP,昂坪,2023,9,30,30.2,
NGP,昂坪,2024,6,1,23.7,
NGP,昂坪,2024,6,2,28.2,
NGP,昂坪,2024,6,3,24.2,
NGP,昂坪,2024,6,4,21.1,
NGP,昂坪,2024,6,5,24.1,
NGP,昂坪,2024,6,6,24.6,
NGP,昂坪,2024,6,7,23.4,
NGP,昂坪,2024,6,8,27.1,
NGP,昂坪,2024,6,9,24.6,
NGP,昂坪,2024,6,10,25.0,
NGP,昂坪,2024,6,11,25.1,
NGP,昂坪,2024,6,12,25.5,
NGP,昂坪,2024,6,13,25.8,
NGP,昂坪,2024,6,14,25.5,
NGP,昂坪,2024,6,15,25.6,
NGP,昂坪,2024,6,16,25.7,
NGP,昂坪,2024,6,17,25.7,
NGP,昂坪,2024,6,18,25.6,
NGP,昂坪,2024,6,19,26.8,
NGP,昂坪,2024,6,20,27.2,
NGP,昂坪,2024,6,21,27.5,
NGP,昂坪,2024,6,22,27.7,
NGP,昂坪,2024,6,23,26.9,
NGP,昂坪,2024,6,24,26.5,
NGP,昂坪,2024,6,25,26.6,
NGP,昂坪,2024,6,26,27.2,
NGP,昂坪,2024,6,27,29.5,
NGP,昂坪,2024,6,28,27.1,
NGP,昂坪,2024,6,29,25.4,
NGP,昂坪,2024,6,30,25.5,
NGP,昂坪,2024,7,1,25.6,
NGP,昂坪,2024,7,2,25.8,
NGP,昂坪,2024,7,3,26.8,
NGP,昂坪,2024,7,4,28.1,
NGP,昂坪,2024,7,5,28.5,
NGP,昂坪,2024,7,6,30.3,
NGP,昂坪,2024,7,7,29.3,
NGP,昂坪,2024,7,8,28.4,
NGP,昂坪,2024,7,9,28.7,
NGP,昂坪,2024,7,10,28.3,
NGP,昂坪,2024,7,11,26.7,
NGP,昂坪,2024,7,12,27.3,
NGP,昂坪,2024,7,13,27.6,
NGP,昂坪,2024,7,14,29.2,
NGP,昂坪,2024,7,15,28.6,
NGP,昂坪,2024,7,16,27.8,
NGP,昂坪,2024,7,17,27.2,
NGP,昂坪,2024,7,18,26.1,
NGP,昂坪,2024,7,19,27.6,
NGP,昂坪,2024,7,20,27.1,
NGP,昂坪,2024,7,21,27.7,
NGP,昂坪,2024,7,22,27.4,
NGP,昂坪,2024,7,23,29.7,
NGP,昂坪,2024,7,24,30.1,
NGP,昂坪,2024,7,25,29.5,
NGP,昂坪,2024,7,26,25.7,
NGP,昂坪,2024,7,27,25.6,
NGP,昂坪,2024,7,28,25.2,
NGP,昂坪,2024,7,29,23.8,
NGP,昂坪,2024,7,30,25.1,
NGP,昂坪,2024,7,31,24.9,
NGP,昂坪,2024,8,1,25.9,
NGP,昂坪,2024,8,2,26.8,
NGP,昂坪,2024,8,3,27.7,
NGP,昂坪,2024,8,4,31.6,
NGP,昂坪,2024,8,5,33.0,
NGP,昂坪,2024,8,6,27.3,
NGP,昂坪,2024,8,7,32.1,
NGP,昂坪,2024,8,8,28.4,
NGP,昂坪,2024,8,9,28.9,
NGP,昂坪,2024,8,10,26.6,
NGP,昂坪,2024,8,11,28.2,
NGP,昂坪,2024,8,12,29.3,
NGP,昂坪,2024,8,13,30.8,
NGP,昂坪,2024,8,14,25.1,
NGP,昂坪,2024,8,15,28.3,
NGP,昂坪,2024,8,16,26.6,
NGP,昂坪,2024,8,17,24.6,
NGP,昂坪,2024,8,18,24.9,
NGP,昂坪,2024,8,19,25.1,
NGP,昂坪,2024,8,20,24.7,
NGP,昂坪,2024,8,21,24.6,
NGP,昂坪,2024,8,22,26.1,
NGP,昂坪,2024,8,23,29.0,
NGP,昂坪,2024,8,24,30.6,
NGP,昂坪,2024,8,25,31.4,
NGP,昂坪,2024,8,26,31.7,
NGP,昂坪,2024,8,27,32.1,
NGP,昂坪,2024,8,28,32.7,
NGP,昂坪,2024,8,29,30.2,
NGP,昂坪,2024,8,30,29.1,
NGP,昂坪,2024,8,31,25.6,
NGP,昂坪,2024,9,1,29.2,
NGP,昂坪,2024,9,2,32.2,
NGP,昂坪,2024,9,3,25.0,
NGP,昂坪,2024,9,6,24.4,
NGP,昂坪,2024,9,7,24.9,
NGP,昂坪,2024,9,8,27.6,
NGP,昂坪,2024,9,9,25.9,
NGP,昂坪,2024,9,10,30.0,
NGP,昂坪,2024,9,11,30.7,
NGP,昂坪,2024,9,12,28.8,
NGP,昂坪,2024,9,13,30.1,
NGP,昂坪,2024,9,14,29.6,
NGP,昂坪,2024,9,15,30.5,
NGP,昂坪,2024,9,16,25.5,
NGP,昂坪,2024,9,17,30.7,
NGP,昂坪,2024,9,18,28.8,
NGP,昂坪,2024,9,19,29.5,
NGP,昂坪,2024,9,20,30.7,
NGP,昂坪,2024,9,21,25.0,
NGP,昂坪,2024,9,23,22.9,
NGP,昂坪,2024,9,24,23.3,
NGP,昂坪,2024,9,25,26.7,
NGP,昂坪,2024,9,26,30.0,
NGP,昂坪,2024,9,27,30.2,
NGP,昂坪,2024,9,28,31.3,
NGP,昂坪,2024,9,29,30.1,
NGP,昂坪,2024,9,30,31.1,
NGP,昂坪,2025,6,1,28.1,
NGP,昂坪,2025,6,2,26.6,
NGP,昂坪,2025,6,3,27.8,
NGP,昂坪,2025,6,4,23.3,
NGP,昂坪,2025,6,5,24.8,
NGP,昂坪,2025,6,6,27.2,
NGP,昂坪,2025,6,7,23.1,
NGP,昂坪,2025,6,9,27.5,
NGP,昂坪,2025,6,10,30.6,
NGP,昂坪,2025,6,11,26.6,
NGP,昂坪,2025,6,12,25.4,
NGP,昂坪,2025,6,13,24.7,
NGP,昂坪,2025,6,14,24.5,
NGP,昂坪,2025,6,15,24.7,
NGP,昂坪,2025,6,16,24.8,
NGP,昂坪,2025,6,17,24.3,
NGP,昂坪,2025,6,18,25.0,
NGP,昂坪,2025,6,19,25.9,
NGP,昂坪,2025,6,20,24.9,
NGP,昂坪,2025,6,21,24.9,
NGP,昂坪,2025,6,22,25.6,
NGP,昂坪,2025,6,23,26.8,
NGP,昂坪,2025,6,24,28.2,
NGP,昂坪,2025,6,25,30.0,
NGP,昂坪,2025,6,26,25.3,
NGP,昂坪,2025,6,27,26.3,
NGP,昂坪,2025,6,28,28.0,
NGP,昂坪,2025,6,29,25.3,
NGP,昂坪,2025,6,30,25.8,
NGP,昂坪,2025,7,1,25.5,
NGP,昂坪,2025,7,2,27.1,
NGP,昂坪,2025,7,3,29.6,
NGP,昂坪,2025,7,4,30.3,
NGP,昂坪,2025,7,5,29.5,
NGP,昂坪,2025,7,6,31.3,
NGP,昂坪,2025,7,7,32.0,
NGP,昂坪,2025,7,8,27.7,
NGP,昂坪,2025,7,9,29.9,
NGP,昂坪,2025,7,10,25.1,
NGP,昂坪,2025,7,11,26.5,
NGP,昂坪,2025,7,12,24.3,
NGP,昂坪,2025,7,14,28.9,
NGP,昂坪,2025,7,15,26.7,
NGP,昂坪,2025,7,16,28.6,
NGP,昂坪,2025,7,17,32.2,
NGP,昂坪,2025,7,18,29.5,
NGP,昂坪,2025,7,19,29.5,
NGP,昂坪,2025,7,20,25.7,
NGP,昂坪,2025,7,21,24.3,
NGP,昂坪,2025,7,22,25.1,
NGP,昂坪,2025,7,23,27.3,
NGP,昂坪,2025,7,24,29.1,
NGP,昂坪,2025,7,25,32.4,
NGP,昂坪,2025,7,26,31.6,
NGP,昂坪,2025,7,27,29.2,
NGP,昂坪,2025,7,28,30.7,
NGP,昂坪,2025,7,29,27.4,
NGP,昂坪,2025,7,30,29.1,
NGP,昂坪,2025,7,31,26.9,
NGP,昂坪,2025,8,1,28.6,
NGP,昂坪,2025,8,2,25.9,
NGP,昂坪,2025,8,3,25.9,
NGP,昂坪,2025,8,4,25.8,
NGP,昂坪,2025,8,5,25.7,
NGP,昂坪,2025,8,6,25.2,
NGP,昂坪,2025,8,7,26.3,
NGP,昂坪,2025,8,8,31.2,
NGP,昂坪,2025,8,9,28.9,
NGP,昂坪,2025,8,13,30.4,
NGP,昂坪,2025,8,14,25.0,
NGP,昂坪,2025,8,15,25.1,
NGP,昂坪,2025,8,16,27.2,
NGP,昂坪,2025,8,17,25.5,
NGP,昂坪,2025,8,18,23.9,
NGP,昂坪,2025,8,19,24.3,
NGP,昂坪,2025,8,20,25.8,
NGP,昂坪,2025,8,21,28.5,
NGP,昂坪,2025,8,22,30.5,
NGP,昂坪,2025,8,23,28.8,
NGP,昂坪,2025,8,24,26.2,
NGP,昂坪,2025,8,25,27.4,
NGP,昂坪,2025,8,26,29.4,
NGP,昂坪,2025,8,27,28.2,
NGP,昂坪,2025,8,28,25.4,
NGP,昂坪,2025,8,29,27.0,
NGP,昂坪,2025,8,30,26.6,
NGP,昂坪,2025,8,31,27.5,
NGP,昂坪,2025,9,1,29.3,
NGP,昂坪,2025,9,2,28.5,
NGP,昂坪,2025,9,3,30.4,
NGP,昂坪,2025,9,4,31.4,
NGP,昂坪,2025,9,5,30.0,
NGP,昂坪,2025,9,6,31.0,
NGP,昂坪,2025,9,7,25.2,
NGP,昂坪,2025,9,8,24.1,
NGP,昂坪,2025,9,9,24.3,
NGP,昂坪,2025,9,10,26.5,
NGP,昂坪,2025,9,11,28.7,
NGP,昂坪,2025,9,12,30.2,
NGP,昂坪,2025,9,13,30.1,
NGP,昂坪,2025,9,14,29.7,
NGP,昂坪,2025,9,15,29.2,
NGP,昂坪,2025,9,16,27.1,
NGP,昂坪,2025,9,17,29.6,
NGP,昂坪,2025,9,18,29.1,
NGP,昂坪,2025,9,19,25.2,
NGP,昂坪,2025,9,20,23.7,
NGP,昂坪,2025,9,21,23.8,
NGP,昂坪,2025,9,22,29.1,
NGP,昂坪,2025,9,23,26.7,
NGP,昂坪,2025,9,24,23.1,
NGP,昂坪,2025,9,29,30.0,
NGP,昂坪,2025,9,30,30.1,
NGP,昂坪,2026,6,1,27.4,
NGP,昂坪,2026,6,2,27.9,
NGP,昂坪,2026,6,3,27.5,
NGP,昂坪,2026,6,4,29.9,
NGP,昂坪,2026,6,5,30.7,
NGP,昂坪,2026,6,6,25.9,
NGP,昂坪,2026,6,8,25.7,
NGP,昂坪,2026,6,9,23.3,
NGP,昂坪,2026,6,10,23.9,
NGP,昂坪,2026,6,11,25.0,
NGP,昂坪,2026,6,12,25.9,
NGP,昂坪,2026,6,13,24.5,
NGP,昂坪,2026,6,14,25.0,
NGP,昂坪,2026,6,15,25.1,
NGP,昂坪,2026,6,16,23.6,
NGP,昂坪,2026,6,17,23.1,
NGP,昂坪,2026,6,18,24.7,
NGP,昂坪,2026,6,19,24.6,
NGP,昂坪,2026,6,20,24.9,
NGP,昂坪,2026,6,21,27.1,
NGP,昂坪,2026,6,22,26.9,
NGP,昂坪,2026,6,23,25.6,
NGP,昂坪,2026,6,24,26.5,
NGP,昂坪,2026,6,25,26.2,
NGP,昂坪,2026,6,26,27.0,
NGP,昂坪,2026,6,27,25.9,
NGP,昂坪,2026,6,28,24.7,
NGP,昂坪,2026,6,29,28.4,
NGP,昂坪,2026,6,30,28.4,
NGP,昂坪,2026,7,1,29.2,
NGP,昂坪,2026,7,2,26.6,
NGP,昂坪,2026,7,3,24.6,
NGP,昂坪,2026,7,4,24.0,
NGP,昂坪,2026,7,7,24.5,
NGP,昂坪,2026,7,8,25.1,
NGP,昂坪,2026,7,9,25.8,
NGP,昂坪,2026,7,10,29.1,
NGP,昂坪,2026,7,11,31.3,
NGP,昂坪,2026,7,12,29.0,
NGP,昂坪,2026,7,13,30.9,
NGP,昂坪,2026,7,14,23.9,
NGP,昂坪,2026,7,15,24.6,
NGP,昂坪,2026,7,16,24.2,
NGP,昂坪,2026,7,17,24.7,
NGP,昂坪,2026,7,18,25.0,
NGP,昂坪,2026,7,19,25.5,
NGP,昂坪,2026,7,20,24.7,
NGP,昂坪,2026,7,21,25.1,
NGP,昂坪,2026,7,22,26.4,
NGP,昂坪,2026,7,23,28.1,
NGP,昂坪,2026,7,24,31.0,
NGP,昂坪,2026,7,25,30.2,
NGP,昂坪,2026,7,26,23.7,
NGP,昂坪,2026,7,27,26.3,
NGP,昂坪,2026,7,28,24.7,
NGP,昂坪,2026,7,29,23.5,
NGP,昂坪,2026,7,30,25.4,
NGP,昂坪,2026,7,31,23.5,
NGP,昂坪,2026,8,7,31.6,
NGP,昂坪,2026,8,8,31.7,原資料標示數據不完整
NGP,昂坪,2026,8,9,30.7,
NGP,昂坪,2026,8,10,31.9,
NGP,昂坪,2026,8,11,32.2,
NGP,昂坪,2026,8,12,28.8,
NGP,昂坪,2026,8,13,28.1,
NGP,昂坪,2026,8,14,25.5,
NGP,昂坪,2026,8,15,28.3,
NGP,昂坪,2026,8,16,31.7,
NGP,昂坪,2026,8,17,29.8,
NGP,昂坪,2026,8,18,27.0,
NGP,昂坪,2026,8,19,26.9,
NGP,昂坪,2026,8,20,25.9,
NGP,昂坪,2026,8,21,27.7,
NGP,昂坪,2026,8,22,30.5,
NGP,昂坪,2026,8,23,28.8,
NGP,昂坪,2026,8,24,28.4,
NGP,昂坪,2026,8,25,25.1,
NGP,昂坪,2026,8,26,25.2,
NGP,昂坪,2026,8,27,24.2,
NGP,昂坪,2026,8,28,29.5,
NGP,昂坪,2026,8,29,29.6,
NGP,昂坪,2026,8,30,25.9,
NGP,昂坪,2026,8,31,27.1,
